"status","reason","provider","httpStatus","refsCount","artistSample","albumSample","nameSample","url"
"not_accessible","mega_api_error_-9","mega","200","1","Coalo Zamorano","Singles / Otros","Vida mía - Coalo Zamorano - MultiTrack","https://mega.nz/file/Pr4W3bID#uQx4WE6Gvj9RnUgmSOlkFFSZwqLRF4HvKjJzWbpoab0"
"not_accessible","mega_api_error_-9","mega","200","1","Coalo Zamorano","Singles / Otros","Toda La Gloria - Coalo Zamorano - MultiTrack","https://mega.nz/file/eroyDByK#61q_RKTPJFEgDxnLqm85DvN58pSfHuIhNC1eorcpcvw"
"not_accessible","mega_api_error_-9","mega","200","1","Coalo Zamorano","Singles / Otros","Más Fuerte Que Nunca - Coalo Zamorano - MultiTrack","https://mega.nz/file/r3pglLSa#1z6dClV0MEUppqgKnKkhHZ9aR2o3gUgirXeT6epbNDs"
"not_accessible","mega_api_error_-9","mega","200","1","Coalo Zamorano","Singles / Otros","Alegrense - Coalo Zamorano - Multitrack","https://mega.nz/file/GqgWSDzC#jZlcYIi4EcaN5Zgl6ZkU16eL4iCz0YLi22Fr4GmPDUY"
"not_accessible","mega_api_error_-9","mega","200","1","Coalo Zamorano","Singles / Otros","Mi confianza está en tí - Coalo Zamorano - MultiTrack","https://mega.nz/file/KiwA0ZjA#d4_pbnxq1hNZ3nzutLMGeZq0Ew_rQX2so7w7QYHVuIs"
"not_accessible","mega_api_error_-9","mega","200","1","Coalo Zamorano","Singles / Otros","Señor Eres Fiel - Coalo Zamorano - MultiTrack","https://mega.nz/file/LvwiyRJL#9rq0HeiXLK_peM88RNy0IkiedFAAQC59e1ST0lTCgEs"
"not_accessible","mega_api_error_-9","mega","200","1","Coalo Zamorano","Singles / Otros","Santo - Coalo Zamorano - MultiTrack","https://mega.nz/file/b3pwGbRC#JnNn_YuCdAJvq0yV2Zxu0p5JEydwBKhCSiVQOsgy1Ac"
"not_accessible","mega_api_error_-9","mega","200","1","Coalo Zamorano","Singles / Otros","Cantamos al Rey - Coalo Zamorano - MultiTrack","https://mega.nz/file/TjgWXLzY#WZv6GOoIHfo4eGiNV867K5DjGBBffTasemp6_UQqoks"
"not_accessible","mega_api_error_-9","mega","200","1","Coalo Zamorano","Singles / Otros","Sigo Enamorado-Confesiones de un Corazón Agradecido-G#","https://mega.nz/file/HipWHDaR#G5SogzFARqseyVR2IJChwYKzAHz9v758ZcbI9GmO_3E"
"not_accessible","mega_api_error_-9","mega","200","1","Coalo Zamorano","Singles / Otros","MT Nuestro Salvador Coalo Zamorano (YouTube, Music Multitracks Luis Sicajá)","https://mega.nz/file/HzpwhTJL#GKP6UYbkE8f2URn0z4AJCf7Dt0ltsS4oBNYydYov3Wk"
"not_accessible","mega_api_error_-9","mega","200","1","Coalo Zamorano","Singles / Otros","Soy Perdonado-Más Fuerte Que Nunca-C - MultiTrack","https://mega.nz/file/HroUzJSY#nFCZz09gHqT3jUT9feDIwaZHNzF3PmpdwXmSOTW7NQU"
"not_accessible","mega_api_error_-9","mega","200","1","Coalo Zamorano","Singles / Otros","Santo Coalo RCBV Project","https://mega.nz/file/X6p2hbYK#J_B9RB5YJg-Dtw1FF5iJRGBOCFYMLl83Lyr36MkC9ig"
"not_accessible","mega_api_error_-9","mega","200","1","Coalo Zamorano","Singles / Otros","mi confianza está en tí 130bpm Project","https://mega.nz/file/v64gzJDT#TlhCvbEs0mVtoze0c_qGTqUkNvAhmF6EfEhIrsolwmg"
"not_accessible","mega_api_error_-9","mega","200","1","Coalo Zamorano","Singles / Otros","Vida mía 90bpm Project","https://mega.nz/file/nmw2DZjL#mwULNc9Qsgb0EshnHJdLI6WZPrehHEs0-tx4g78-syQ"
"not_accessible","mega_api_error_-9","mega","200","1","Coalo Zamorano","Singles / Otros","Coalo Zamorano_Más Fuerte Que Nunca-D","https://mega.nz/file/W64U0JCJ#QKLww1DMFnI1JLERv-e73p4u98XHgsSoIpqG0kBtz5c"
"not_accessible","mega_api_error_-9","mega","200","1","Coalo Zamorano","Singles / Otros","MultiTrack-Regalo celestial (feat. Coalo Zamorano)-Jesús Salva-A Tonalidad Original","https://mega.nz/file/Crw2HDzL#uZppw89GjtLk1Ddxs8Yo8CxP4CGh6pHNIFoie8RVhhM"
"not_accessible","mega_api_error_-9","mega","200","1","Coalo Zamorano","Singles / Otros","MultiTrack-Hermoso (feat. Coalo Zamorano)-Jesús Salva-G","https://mega.nz/file/WigmmThJ#S0481mAVBn08KtUc-Lp-FpvGR8-DeTKcAUdfJi92eb4"
"not_accessible","http_404","drive","404","1","Dahaira","Adorando me encontrará","Adorando me encontrará","https://drive.google.com/uc?export=download&id=1o3gilIfbvFYDvfrBQ7agUnBjtXN7SPt5"
"not_accessible","mega_api_error_-9","mega","200","1","Danilo Montero","Singles / Otros","Eres todo poderoso  Project rcbv","https://mega.nz/file/v2wgUDDI#R_KQ8_EFphDgDWYFRm25XtfL2Tv3vx7sfc1e6nBboGk"
"not_accessible","mega_api_error_-9","mega","200","1","Danilo Montero","Singles / Otros","DM - Mi Dios Es Refugio","https://mega.nz/file/Hn5AFDTL#eWqQmFVA125QxiWqXbDBx-YHpW2z61-lQB0nznN753A"
"not_accessible","mega_api_error_-9","mega","200","1","Danilo Montero","Singles / Otros","DM - Eres Todopoderoso","https://mega.nz/file/GqpmDTgB#PsRzxXBC2M2tQPFCK0AEmLs-w7m4OWvTUFY5ZJxKR4U"
"not_accessible","mega_api_error_-9","mega","200","1","Danilo Montero","Singles / Otros","Bendito Jesús (Danilo Montero) - Multitrack Cover","https://mega.nz/file/2ngyQL7Y#mDijkEJiOh68GmAKy402XhmNCZbx-bckyvWVJNnbaQ8"
"not_accessible","mega_api_error_-9","mega","200","1","Danilo Montero","Singles / Otros","Cantaré de tu amor Popurrí - Danilo Montero - MT","https://mega.nz/file/XyxyzZTC#tubRLTDVDAm0lkE9iaAjId9jjvgiNn8mZZS1uE0y6W8"
"not_accessible","mega_api_error_-9","mega","200","1","Danilo Montero","Singles / Otros","Todo Lo Has Cambiado - Danilo Montero - MT","https://mega.nz/file/n6hCzZJI#ksxirrf-t_XI3C-L1ogzsnoHNaSAZS1DLzffhPa43yc"
"not_accessible","mega_api_error_-9","mega","200","1","Danilo Montero","Singles / Otros","Mi Dios Es Refugio - Danilo Montero - MultiTrack","https://mega.nz/file/DmoCUBCQ#b2AY9Gn0NNXtAHwjpBxxiON51FOQPIYnH2z00rVtzs0"
"not_accessible","mega_api_error_-9","mega","200","1","Danilo Montero","Singles / Otros","La casa de Dios - Danilo Montero live Peru - Multitrack","https://mega.nz/file/r3hCQZwK#cg5M9bw-CvptO38F16nBintTAYog8ruYByCjRKrdV_Y"
"not_accessible","mega_api_error_-9","mega","200","1","Danilo Montero","Singles / Otros","Dios de Amor - Danilo Montero - MultiTrack","https://mega.nz/file/DqpyUDSK#kI6FhQptmN809Ha5Laf_yQHLthqVK-L9Nu4jUozKP0o"
"not_accessible","mega_api_error_-9","mega","200","1","Danilo Montero","Singles / Otros","Eres todo poderoso - Danilo Montero - MultiTrack","https://mega.nz/file/DnoyULxI#d62IAJAquCYDhLRQmG7h8Z3i7I966CIdfzcaK1EXcw4"
"not_accessible","mega_api_error_-9","mega","200","1","Danilo Montero","Singles / Otros","Bendito Jesús 123bpm Project","https://mega.nz/file/mvgAhDiJ#OxuClbHVkU43uxjo7yhCWto5k0vGUe1_qFsSfyIKq3o"
"not_accessible","mega_api_error_-9","mega","200","1","Danilo Montero","Singles / Otros","Dios de Amor-La Carta Perfecta-D","https://mega.nz/file/en4SyJiJ#SflK3ozY50azaRYidLka9tkiZgkvUbdh3qDOBdG-Gb8"
"not_accessible","mega_api_error_-9","mega","200","1","Danilo Montero","Singles / Otros","todo Poderoso - DM","https://mega.nz/file/zv50zbDD#ICnfyBPiC2HzqzkX6m0Y19993BR7rd7SEKlKpxZ0yoc"
"not_accessible","mega_api_error_-9","mega","200","1","Danilo Montero","Singles / Otros","Danilo Montero - Dios de Amor 96BPM (D)","https://mega.nz/file/Cr5S3RIL#-mjsPgpDgLbxy1ZjTVWV3djvT-nXWrnLBV3qP-CxqB0"
"not_accessible","mega_api_error_-9","mega","200","1","Danilo Montero","Singles / Otros","DM- El es el Rey","https://mega.nz/file/T7wkGbpR#MPJPefLUOcJQQfkRwsWyUPqBblskoMyuhSkcRfYAJDw"
"not_accessible","mega_api_error_-9","mega","200","1","Danilo Montero","Singles / Otros","Multitrack de Bendito Jesús de Danilo Montero","https://mega.nz/file/i2pEVLia#OxuClbHVkU43uxjo7yhCWto5k0vGUe1_qFsSfyIKq3o"
"not_accessible","mega_api_error_-9","mega","200","1","Danilo Montero","Singles / Otros","Danilo Montero Padre en ti","https://mega.nz/file/7q5Q3BSZ#1uTnCuZ2F8YXo7jCnVOWynoWiPTWn6zxC1AT2yd9jpo"
"not_accessible","mega_api_error_-9","mega","200","1","Danilo Montero","Singles / Otros","[MultiTracks] Eres Todopoderoso - Danilo Montero","https://mega.nz/file/j6hizBQI#4OzfT0oP7ZeHH-YAqhFeLNxHR8KuiT6fenJjkA76E5M"
"not_accessible","mega_api_error_-9","mega","200","1","Elevation Worship","Singles / Otros","Como En El Cielo (Here as in Heaven) - Elevation Worship - MultiTrack","https://mega.nz/file/bipCHBQD#Y36zf3tAzfXFKFAa4c4eNDm4CH1yRDeVMwMDWlskbDM"
"not_accessible","mega_api_error_-9","mega","200","1","Elevation Worship","Singles / Otros","Aleluya en la tierra - Elevation Worship - MT","https://mega.nz/file/Cmxy0JwK#TS2IIdyJzRSaOhPJ4gGT9PYHUiExgOnHCsanTEKd-S0"
"not_accessible","mega_api_error_-9","mega","200","1","Elevation Worship","Singles / Otros","Elevation Collective - Here as in Heaven - 70BPM (A)","https://mega.nz/file/n7gwFLQJ#nfgQcfOnfo6DI7af-9exN2fVy-nDF4ZL6jDjzwpATvE"
"not_accessible","mega_api_error_-9","mega","200","1","Elevation Worship","Singles / Otros","MultiTrack - There Is A Cloud - Elevation Worship","https://mega.nz/file/Gu5WGRYR#G-ftLPzHLx8iiizFcDZxTUd-nTLmouBDusce_jetGjQ"
"not_accessible","mega_api_error_-9","mega","200","1","Elevation Worship","Singles / Otros","Multitrack - Grateful - Elevation Worship","https://mega.nz/file/S3pQVJjL#99jmWsm5IRqrhfSmFpwPTFKG3rVDP7wID3zOOPrLHSY"
"not_accessible","mega_api_error_-9","mega","200","1","Elevation Worship","Singles / Otros","MultiTrack - Oh Sing -There Is A Cloud - D - Elevation Worship","https://mega.nz/file/TqhEmLZA#d9Qo2Llrc6BAw_7U7ROOyBwB4IOqa-jGUsswJmnslS0"
"not_accessible","mega_api_error_-9","mega","200","1","Elevation Worship","Singles / Otros","Unstoppable God - Elevation Worship Album. Wake Up The Wonder","https://mega.nz/file/D6wG0RiJ#0PQFFXS7jgIEhN5nftqblZAQMQs6J46YhwCas2TODtc"
"not_accessible","mega_api_error_-9","mega","200","1","Esperanza de Vida","Singles / Otros","Toda la Gloria - 115BPM - Bb - Esperanza de Vida","https://mega.nz/file/Pyg2mBqR#f_gACv-tTKPoMaNhdWwRXIYuuAFup58M2I-nMSXxMNs"
"not_accessible","mega_api_error_-9","mega","200","1","Esperanza de Vida","Singles / Otros","Toda La Gloria-Esperanza de Vida_G","https://mega.nz/file/ymh2wBSD#o9UFvgNObTRS4NQXd0bgQ_LNNsz-rtwb5e0ZZ-8gWKw"
"not_accessible","mega_api_error_-9","mega","200","1","Evan Craft","Singles / Otros","Principio y Fin Evan Craft","https://mega.nz/file/Ly5UhTZC#R4fUPurL-7vTO2mFC1Kdsxa2RyQYAHu5TYgspGDzbMo"
"not_accessible","mega_api_error_-9","mega","200","1","Evan Craft","Singles / Otros","Vivo Estás","https://mega.nz/file/TzgihZzC#Ft_qsUQrpHK0JFFnuFpEBfE3DgCPr5mk1OXfMvL1f_E"
"not_accessible","mega_api_error_-9","mega","200","1","Evan Craft","Singles / Otros","No me dejaras (E) 112 - Multitracks - Evan Craft","https://mega.nz/file/Lvgi0RZI#WN5XcmU2u4ZKAyKp8F8uhEPcuMsBlrUIKbUS6sAEBHU"
"not_accessible","mega_api_error_-9","mega","200","1","Evan Craft","Singles / Otros","Multitracks - Arde en mi - Evan Craft - Redimí2","https://mega.nz/file/iyhQ0RQA#hawaWKqS4E4ANZ4D8AV9gZcCcNq1YQy9p46zxHhhKEM"
"not_accessible","mega_api_error_-9","mega","200","1","Evan Craft","Singles / Otros","MultiTrack-Montañas y Valles-Principio y Fin-F","https://mega.nz/file/vvp2yRwZ#KKV7LuRNxNM8DJ04Ol6NTkv4zStT2r_EZolTmQ-7BBg"
"not_accessible","mega_api_error_-9","mega","200","1","Evan Craft","Singles / Otros","MultiTrack-Montañas y Valles-Principio y Fin-Eb","https://mega.nz/file/Lm5g0BDR#NqJOVuDLCMWj-XHkJBK2oluFCKnAG3YGEnz7jCkQg1g"
"not_accessible","mega_api_error_-9","mega","200","1","Evan Craft","Singles / Otros","MultiTrack-Montañas y Valles-Principio y Fin-Ab","https://mega.nz/file/mnhggBTA#EqiyeSUX2p1Yc39HK-jT438tAPbRcSaeW2JMhIwA17k"
"not_accessible","mega_api_error_-9","mega","200","1","Evan Craft","Singles / Otros","MultiTrack-Montañas y Valles-Principio y Fin-E","https://mega.nz/file/uz4iRJhT#S6r-5G5sXR9zgkgze7A8I3T-xdn7W6jVlox7tbli2kg"
"not_accessible","mega_api_error_-9","mega","200","1","Evan Craft","Singles / Otros","MultiTrack-Montañas y Valles-Principio y Fin-A","https://mega.nz/file/7ywAHDIC#mb6Oab0GBeu2FWgRDHsZZsMoQ2-_T7pj8ARsCMWcss8"
"not_accessible","mega_api_error_-9","mega","200","1","Evan Craft","Singles / Otros","MultiTrack-Montañas y Valles-Principio y Fin-G","https://mega.nz/file/ryhyCBxZ#4pibtJYpvET4jcHbaH6cZCE2w0He3fhjPzugHMM9LMc"
"not_accessible","mega_api_error_-9","mega","200","1","Evan Craft","Singles / Otros","MultiTrack-Montañas y Valles-Principio y Fin-Gb","https://mega.nz/file/mrxEzTwa#ZeG187-K9FxnvURPueB97uJ5JC8g9ntZGza37AL3kVY"
"not_accessible","mega_api_error_-9","mega","200","1","Evan Craft","Singles / Otros","MultiTrack-Montañas y Valles-Principio y Fin-Bb","https://mega.nz/file/HjoSiJ5J#SUjLQt-Q9AGlN2q1otKdmfMPH_h1r6eK34vIVNKP1_o"
"not_accessible","mega_api_error_-9","mega","200","1","Generación 12","Singles / Otros","Hay Poder - Generacion 12 - MultiTrack","https://mega.nz/file/mn4kwRYA#IT2AvzYZhNrndJJ5unInOyoXZolSn15WeqCMFOV5wZk"
"not_accessible","mega_api_error_-9","mega","200","1","Generación 12","Singles / Otros","Mientras Viva - Generacion 12 - MultiTrack","https://mega.nz/file/bixkVLpK#FDLRbg3q7kZu-Hia-fiFzoxm1hK2zxO5aivOS7RwWSk"
"not_accessible","mega_api_error_-9","mega","200","1","Generación 12","Singles / Otros","MultiTrack-Bautízame-Seamos Luz-C","https://mega.nz/file/S3wgFTYY#SwCgodgcapN4r9WJ62PGctzPaGoj_YPRSns-L5iT6Wc"
"not_accessible","mega_api_error_-9","mega","200","1","Generación 12","Singles / Otros","Libre Soy - Generacion 12 - MultiTrack","https://mega.nz/file/Lyw23bJZ#vd4h4N2aeP97oUeWPTftX1b6EkpptqlMpFeg3vgpIQU"
"not_accessible","mega_api_error_-9","mega","200","1","Generación 12","Singles / Otros","Aviva - Generacion 12 - Multitrack","https://mega.nz/file/Tq4yHDRI#zalupvSargB232hYQtslJ4Ui5782IKDAOHa6O8a2FGk"
"not_accessible","mega_api_error_-9","mega","200","1","Generación 12","Singles / Otros","Generación 12 - Ahi estas tu - 85BPM (D)","https://mega.nz/file/CqgAXLhK#X9n9qUrK8x-PPqK5IyhVFQVi_416xEw2vUSF0lPrwtY"
"not_accessible","mega_api_error_-9","mega","200","1","Generación 12","Singles / Otros","Generacion 12 - Eres Tu - 120BPM (B)","https://mega.nz/file/L2xgkb7L#vcuq4ynHCCQjdf0Los-SkIB7QOI0CcDABMMQuyqqctc"
"not_accessible","mega_api_error_-9","mega","200","1","Generación 12","Singles / Otros","Usa Mi Vida-Tu Luz Brilla-A -G12 - (Original)","https://mega.nz/file/Lqx2QZ7Q#2TPHVJVupjYU9UqNMUxx2XiPFbowQ4z7mE0U4WzKQns"
"not_accessible","mega_api_error_-9","mega","200","1","Generación 12","Singles / Otros","Multitrack - Generación 12 - Es Tiempo","https://mega.nz/file/Cv4A3LBZ#OL2iEU3CILuHpd_Zs6raOFTNSpJJeLOz66_L1Xprgyg"
"not_accessible","mega_api_error_-9","mega","200","1","Generación 12","Singles / Otros","Multitrack - Primer amor - Generacion 12","https://mega.nz/file/Lz5GhDwQ#SDFTyIXlee0gO6nvHvN6RWmzOdRGltFxNZJl24SF-uQ"
"not_accessible","mega_api_error_-9","mega","200","1","Generación 12","Singles / Otros","Multitrack - Milagros - Generación 12","https://mega.nz/file/uvoyWTZa#zUWn2iTHQWBAZeI9TjTr7N1rmQtfAyj6jNwVWJBF4GU"
"not_accessible","mega_api_error_-9","mega","200","1","Generación 12","Singles / Otros","Tu Nos Salvaras (Secuencias Originales)","https://mega.nz/file/Lv5SlJqD#dNj-oPDMrQoe3IasMhMda3_9DpThdkN6ygtiKCfM1kY"
"not_accessible","mega_api_error_-9","mega","200","1","Generación 12","Singles / Otros","eres todo para mí 162bpm Project","https://mega.nz/file/Wnp2CZYL#JCLwhMR4LxVG4zTqxDxxiMhPjREFpq2DRcovxRjOxqs"
"not_accessible","mega_api_error_-9","mega","200","1","Generación 12","Singles / Otros","Generación 12 -Jesús nació","https://mega.nz/file/vrokGRCD#JEK7uD9Xv5DlJLIbBHIPiCFJBtA-Ox_nMaixctpE0U4"
"not_accessible","mega_api_error_-9","mega","200","1","Generación 12","Singles / Otros","MultiTrack-Encuentro Glorioso-GENERACION 12 (En Vivo Desde Sudamérica)-B","https://mega.nz/file/Srxi1ByY#zD42mOHu9z9aDvYiAgeWYdoYhpQvOVwoIJVceqMvvK8"
"not_accessible","mega_api_error_-9","mega","200","1","Generación 12","Singles / Otros","Jesús Nació- Generacion 12 Llegó la Navidad-C","https://mega.nz/file/nqwg1DYI#4wDyWocemigeqvwOVNceneIPbQ8maFi4ddz43b_bfMg"
"not_accessible","mega_api_error_-9","mega","200","1","Generación 12","Singles / Otros","MultiTrack-No Soy Esclavo-Seamos Luz-C","https://mega.nz/file/Gn423TgZ#aSDMGuLUwUF-gf4d1dvRQTzNykDfKC6Nho-d-K4gcLA"
"not_accessible","mega_api_error_-9","mega","200","1","Generación 12","Singles / Otros","MultiTrack-Libre Soy-Seamos Luz-D","https://mega.nz/file/ruhy3JjQ#hSAg_pB_cTPLvvKtDPd0rso70w4APvggS3m5bh0N-uY"
"not_accessible","mega_api_error_-9","mega","200","1","Generación 12","Singles / Otros","MultiTrack-Permaneceré En Ti-Seamos Luz-A","https://mega.nz/file/vmwChTwJ#ceb87AYHTe--kjuSAllwj2avL_TGCjeewRqDTkt-BfM"
"not_accessible","mega_api_error_-9","mega","200","1","Generación 12","Singles / Otros","MultiTrack-Hay Poder-Seamos Luz-B","https://mega.nz/file/3m4yVRKT#IEcEDG8pzdIUeT7fxfCQB4rczoOJ4KCXI1UE73uIU_c"
"not_accessible","mega_api_error_-9","mega","200","1","Generación 12","Singles / Otros","G12 - Eres Todo para Mi","https://mega.nz/file/qzhCkDQI#ulVT6g45Q3k2ugPcLpoGk_IGQAds-gFt1vdvQSovRTE"
"not_accessible","mega_api_error_-9","mega","200","1","Generación 12","Singles / Otros","Bajo Control - Generacion 12","https://mega.nz/file/Dz5yRbrR#V5la8oeldFBmS_RnJC2ltg3qylyU_bF6kVpR5wQDBk0"
"not_accessible","mega_api_error_-9","mega","200","1","Generación 12","Generación 12 - La nube detu gloria","MultiTrack-La Nube de tu Gloria-Seamos Luz-D","https://mega.nz/file/y25w2D5T#ReUYtNhq9DazU3eLiVrPSPLms8I0lJgVuK9n2-aLUco"
"not_accessible","mega_api_error_-9","mega","200","1","Generación 12","Generación 12 - La nube detu gloria","MultiTrack-La Nube de tu Gloria-Seamos Luz-Gb","https://mega.nz/file/ajw01bJC#RRPnie5zCxqNsydtXoX4KS5Dy7WWm5GlKwQZNRyFSkU"
"not_accessible","mega_api_error_-9","mega","200","1","Generación 12","Generación 12 - La nube detu gloria","MultiTrack-La Nube de tu Gloria-Seamos Luz-G","https://mega.nz/file/P6xWQL4B#kpzFyCR_V9IJ-bPkzsINhfd0kemvGG-FjV3c9YiKkro"
"not_accessible","mega_api_error_-9","mega","200","1","Generación 12","Generación 12 - La nube detu gloria","MultiTrack-La Nube de tu Gloria-Seamos Luz-Eb","https://mega.nz/file/W3pimBAb#hpdBEmv7bbN11jjvIg115t0SKeEZdf8NQJABxufutZU"
"not_accessible","mega_api_error_-9","mega","200","1","Generación 12","Generación 12 - La nube detu gloria","MultiTrack-La Nube de tu Gloria-Seamos Luz-F","https://mega.nz/file/TjhwHZxQ#eDcAhaTpYTaNWhn5RWcmUAAYrCNIAotYTpCxziuvgBI"
"not_accessible","mega_api_error_-9","mega","200","1","Generación 12","Generación 12 - La nube detu gloria","MultiTrack-La Nube de tu Gloria-Seamos Luz-Ab","https://mega.nz/file/GvpmhRYK#ZWvp6un58pS_f3qzK9MHkHKFjIolt4SBRzVz7xDKrfw"
"not_accessible","mega_api_error_-9","mega","200","1","Generación 12","Generación 12 - La nube detu gloria","MultiTrack-La Nube de tu Gloria-Seamos Luz-E","https://mega.nz/file/ymwCkTrR#HG-UbwzEG-L338-4QiM_fJCPbVnSmPAmJ875jDBjG5Y"
"not_accessible","mega_api_error_-16","mega","200","1","Hillsong Worship","Multitracks Importados","Remembrance - Recordaré","https://mega.nz/file/xmsA3b6R#b3gYWhQSMZITqeceTZk43T9jzhu1P7grrvrnJFv6S7A"
"not_accessible","mega_api_error_-9","mega","200","1","Ingrid Rosario","Singles / Otros","Ingrid Rosario_Por siempre te alabare. Vencio en Lakewood","https://mega.nz/file/Sn5CGT5b#NN3gGvp-3uSB50gJawX_BuU2NreGlSo8I9jxyvlBnUE"
"not_accessible","mega_api_error_-9","mega","200","1","Ingrid Rosario","Singles / Otros","Ingrid Rosario - He visto tu fidelidad - 74BPM (G)","https://mega.nz/file/yy42BR7R#1G4j7MwfxDVMAvR--w1etjl_htdU_Pb8YKd7LzXf3Bs"
"not_accessible","mega_api_error_-9","mega","200","1","Ingrid Rosario","Singles / Otros","Angeles Cantando Estan - Ingrid rosario Ft Chris rocha - D - 115bpm","https://mega.nz/file/6z4iURIb#mwSTYZfD2LDI0jqmkkydR2Op5V26PSxSJA4ZQt9OaWA"
"not_accessible","mega_api_error_-9","mega","200","1","Ingrid Rosario","Singles / Otros","Libre Soy_Ingrid Rosario-PASION","https://mega.nz/file/23pgEJ6K#cBHbVI5qMStiTFdbjifC5otTD_gMMTFXeArY-Z7ZiPg"
"not_accessible","mega_api_error_-9","mega","200","1","Ingrid Rosario","Singles / Otros","Ingrid Rosario - Fe","https://mega.nz/file/njoAmZYK#J0GOkWjVppqpdTRvX6-d2C8USZM_I1P9RXQqoXgVMC0"
"not_accessible","mega_api_error_-9","mega","200","1","Jesús Adrián Romero","Singles / Otros","Medley - Jesus Adrian Romero - Multitrack","https://mega.nz/file/uuoWAJoK#FY4j_i0AUc3jemmsyqrevDLyGJ6rERpctWO6HqaNbcE"
"not_accessible","mega_api_error_-9","mega","200","1","Jesús Adrián Romero","Singles / Otros","El brillo de mis ojos - Jesus Adrian Romero - Multitrack","https://mega.nz/file/KqoATZDQ#_hWorv9szpR3UgMqiZH_KtXnYtpRKJ3jgvoOBGEXCU8"
"not_accessible","mega_api_error_-9","mega","200","1","Jesús Adrián Romero","Singles / Otros","Como la brisa - Jesus Adrian Romero - Multitrack","https://mega.nz/file/fr4CCTqZ#7KUDHyuunvhUJrup9r7vGo87lfQ93DpCcUeLML3SIgk"
"not_accessible","mega_api_error_-9","mega","200","1","Jesús Adrián Romero","Singles / Otros","no a nosotros 80bpm jesus Project","https://mega.nz/file/mnxSBJqa#Lj5n_kofbzPI37w_pc6HRassFD1LRPrkv-tJAcPD4do"
"not_accessible","mega_api_error_-9","mega","200","1","Jesús Adrián Romero","Singles / Otros","Mi vida Sin Ti JAR Multi","https://mega.nz/file/y2okRLrY#Rcr6Xthg2lggtiKs9FWgUVhNIKve58a_3mqcBwH8to8"
"not_accessible","mega_api_error_-9","mega","200","1","Jesús Adrián Romero","Singles / Otros","JAR - No a Nosotros","https://mega.nz/file/Djo2nThB#rd3KyuTyxaPYUIKOkBshgS3veFSHEYki32OVPKrmJQ0"
"not_accessible","mega_api_error_-9","mega","200","1","Jesús Adrián Romero","Singles / Otros","JAR - TAL COMO SOY","https://mega.nz/file/yihiiZyD#bvMPNR55-YD4uIGUujQSTGFzdc1bxot_KMsxrsHsEQE"
"not_accessible","mega_api_error_-9","mega","200","1","Jesús Adrián Romero","OYE - JAR","Que Seas Mi Hogar-Origen y Esencia-Ab-68.00bpm","https://mega.nz/file/P6oyxTAT#QoPoF-YAG2_bjx6-QOuHKxcWyIMh9o-Ue0-G8RkMwL0"
"not_accessible","mega_api_error_-9","mega","200","1","Jesús Adrián Romero","OYE - JAR","Olvidé Cuidar Mi Huerto-Origen y Esencia-G","https://mega.nz/file/aipywRQL#uSb1gU2fpbeeaIcyVg4YqU63kjfQ8kdKqDy1TgQcKZU"
"not_accessible","mega_api_error_-9","mega","200","1","Jesús Adrián Romero","OYE - JAR","Mundo Interior-Origen y Esencia-G#m","https://mega.nz/file/rn5kBJbS#sCc7c2yjuAttcvRZaIFpBagDqKW0MqcMdhVQUBDzrBc"
"not_accessible","mega_api_error_-9","mega","200","1","Jesús Adrián Romero","OYE - JAR","Mi Fe Se Gastó-Origen y Esencia-G","https://mega.nz/file/3n5m2BrI#qQaqfDBtBjDr8BQ3u0OcriWQQNFbh_CTKEoNvTXj36o"
"not_accessible","mega_api_error_-9","mega","200","1","Jesús Adrián Romero","OYE - JAR","Llevame A La Montaña-Origen y Esencia-A","https://mega.nz/file/qqw0hBKb#J8th5jwT1gDRgO50L3tdD1KHUz53SuuRVLVyS2RagVk"
"not_accessible","mega_api_error_-9","mega","200","1","Jesús Adrián Romero","OYE - JAR","Estar A Tus Pies-Origen y Esencia-Ab","https://mega.nz/file/H35iEDhY#vCD5RD0MDQ4V3LXBWXd7tHPhNlO8GxfAkRUkQdwj1tk"
"not_accessible","mega_api_error_-9","mega","200","1","Jesús Adrián Romero","OYE - JAR","El Anhelo De Mi Voz-Origen y Esencia-Ab","https://mega.nz/file/2rpWVJbR#5v6ImpMEbo0O7kI-SCZa6wmAG-e5pDMBMQ4DQPY7Bos"
"not_accessible","mega_api_error_-9","mega","200","1","Jesús Adrián Romero","OYE - JAR","Cómplices-Origen y Esencia-F#m","https://mega.nz/file/Wi4kwboD#bfJE3O7JY0g_LUpRHWXKw6TtF3fyQXf-cNrpkqduqJk"
"not_accessible","mega_api_error_-9","mega","200","1","Jesús Adrián Romero","OYE - JAR","Como Duele El Eco-Origen y Esencia-C","https://mega.nz/file/GrhGVD4Z#tHLEgl2JkFYaB3UH4VopNybcGYnGGv74n27tIF7tR9M"
"not_accessible","mega_api_error_-9","mega","200","1","Jesús Adrián Romero","OYE - JAR","Ahora Vuelvo-Origen y Esencia-Gb","https://mega.nz/file/Dv4AWJTK#AaUm-cGvOtys4zKtY1r4tHTtJSSz0o1SE0xIIwgaYls"
"not_accessible","http_404","mediafire","404","1","Jonathan Y Sarah Jerez","Multitracks Importados","En esto conocemos","https://www.mediafire.com/file/giwhrha7xrv6vrc/En_esto_conocemos_%252880_BPM_-_4.4_-_B%2529.rar/file"
"not_accessible","mega_api_error_-9","mega","200","1","Juan Carlos Alvarado","Singles / Otros","Medley Libre - Juan Carlos Alvarado - MultiTrack","https://mega.nz/file/67xgBBwC#GXt5O3CPt2nwwXvshwriZUYbg3pp0wr1-PopdDEJsjE"
"not_accessible","mega_api_error_-9","mega","200","1","Juan Carlos Alvarado","Singles / Otros","Popurri Le Llaman Guerrero - Juan Carlos Alvarado - Multitrack","https://mega.nz/file/qromyD4I#qvVauG65gaqNCansFyJQcWBOitd0kj7NR6br9mUMhKU"
"not_accessible","mega_api_error_-9","mega","200","1","Juan Carlos Alvarado","Singles / Otros","Juan C. Alvarado - Medley Le llaman guerrero","https://mega.nz/file/j35GABaY#2NEWyaBB0nyLkmPt7EVKHrOPGmiOB-X3rcvBqwaLZQ0"
"not_accessible","mega_api_error_-9","mega","200","1","Juan Carlos Alvarado","Singles / Otros","El Dios de Israel es Poderoso - Medley - Juan C Alvarado - MT","https://mega.nz/file/Tnwy0ByT#uUznGXvZgFkxT7GJMsDBBD5Xr_sLA0S0L-9AZletnco"
"not_accessible","mega_api_error_-9","mega","200","1","Juan Carlos Alvarado","Singles / Otros","Le llaman guerrero 60bpm Project","https://mega.nz/file/Tmxw1JwZ#rrmMIyQAjSlYFQeaVBPlxbM_JVkGLR-ijhz2AtG_Lb0"
"not_accessible","mega_api_error_-9","mega","200","1","Juan Carlos Alvarado","Singles / Otros","JCA - Medley Libre","https://mega.nz/file/nqgQQDLT#OWJ9jNecpdaAr29FgLR52MT9R0A6TgYrvtiw18j6HSg"
"not_accessible","mega_api_error_-9","mega","200","1","Juan Carlos Alvarado","Singles / Otros","JCA - Medley Le llaman guerrero","https://mega.nz/file/2jwkERKa#lem179RVIUu1favI1O6Ihq2xExCFQCzvxHvbhQcmfoY"
"not_accessible","mega_api_error_-9","mega","200","1","Juan Carlos Alvarado","Singles / Otros","Eres señor Vencedor RCBV Project","https://mega.nz/file/W3o21bTI#Dnf59G9maRskx8iZ7Q_2mAy6O1q-VHQiwqO4ilLwNFE"
"not_accessible","mega_api_error_-9","mega","200","1","Juan Carlos Alvarado","Singles / Otros","Pues Tú glorioso eres - Juan Carlos A - MT","https://mega.nz/file/yuoRwCBR#EVK7wG0o4B2cRj4qpW1Ios0OqS8lRYmVfWZ7JUcbVO8"
"not_accessible","mega_api_error_-9","mega","200","1","Juan Carlos Alvarado","multi","Secuencias 3","https://mega.nz/file/CrwAxZjK#zRe1EikGG3BlSEEDBtP50eonYGJiuL65Cu7OXyk7ky8"
"not_accessible","mega_api_error_-9","mega","200","1","Juan Carlos Alvarado","multi","Secuencias 2","https://mega.nz/file/K252zTyJ#F72YRwakGONQG1Y7TGPu2T-k2wIyaAJjsNzMLK2Of6g"
"not_accessible","mega_api_error_-9","mega","200","1","Juan Carlos Alvarado","multi","Secuencias 1","https://mega.nz/file/CzpWDBiI#6z76r5rbX88EnqnLp6jYsAcJy7ziLK9R7MlNBN1E7Po"
"not_accessible","mega_api_error_-9","mega","200","1","Julio Melgar","Singles / Otros","Creo en tí - Julio Melgar - MultiTrack","https://mega.nz/file/G25WFZSD#w_CZLubV6RlMqDMwGztgrsYtoys9tVoOyRGErlLLsxI"
"not_accessible","mega_api_error_-9","mega","200","1","Julio Melgar","Singles / Otros","Gracia sublime - Julio Melgar - MultiTrack","https://mega.nz/file/S7pUiT7J#iQDAFEzQokmz9UuU1Msk7smH-ID_SxTeJRAq7P6MrOc"
"not_accessible","mega_api_error_-9","mega","200","1","Julio Melgar","Singles / Otros","Tu Haces Todo Nuevo - Julio Melgar - MultiTrack","https://mega.nz/file/n3wGzDrA#P_qVqx8Mrv6VC0WrbPo0uenh6f_Xvk5EXVN3a_3EYWA"
"not_accessible","mega_api_error_-9","mega","200","1","Julio Melgar","Singles / Otros","Estas aqui - Julio Melgar - MultiTrack","https://mega.nz/file/CrwGyDzI#NsicYmHiAiD-OwVJTWtYBEdaIJaewl049WOimkPYQ5k"
"not_accessible","mega_api_error_-9","mega","200","1","Julio Melgar","Singles / Otros","Te Quiero Alabar - Julio Melgar - MultiTrack","https://mega.nz/file/e7hwwb5L#kHZX8z3NCzOczE2vdWgXFNa00Ti6KAggV05eglKIelI"
"not_accessible","mega_api_error_-9","mega","200","1","Julio Melgar","Singles / Otros","El cielo y la tierra - Julio Melgar - MultiTrack","https://mega.nz/file/72hSTZhY#X8chFnwMyiKty_gDt3czTZx5pr-aHqR_LCzbhIdmzQA"
"not_accessible","mega_api_error_-9","mega","200","1","Julio Melgar","Singles / Otros","Soberano Ft. Lowsan Melgar-Soberano-F","https://mega.nz/file/76gyRbDJ#AzqYeghAv1bkMKrkAzdPBz4c5U-jhrAiWMqfTGpPPis"
"not_accessible","mega_api_error_-9","mega","200","1","Julio Melgar","Singles / Otros","Levantar Tu Nombre en Alto-Se Trata de Ti-E","https://mega.nz/file/63pkEbIL#tsQZbCceI8Lr07te34m-q6YMzL1cuJmxjbEOxMyAkc8"
"not_accessible","mega_api_error_-9","mega","200","1","Julio Melgar","Singles / Otros","Cuerdas de amor - Julio Melgar -  63 bpm - F - MA Studio Oficial Project","https://mega.nz/file/njwGmLyb#XQvc2YiY8E4EV93f7waBAEWcTgWCqUSoNSjG1vRZzEg"
"not_accessible","mega_api_error_-9","mega","200","1","Julio Melgar","Singles / Otros","MultiTrack-Entrego Todo (feat. Lowsan Melgar)-Entrego Todo (feat. Lowsan Melgar)-G","https://mega.nz/file/Wj421bLa#6oAMZR7h3goy-sU5_oGkAmvh-XvgJWw5d17cWRuj7U8"
"not_accessible","mega_api_error_-9","mega","200","1","Julio Melgar","Singles / Otros","Creo en tí 70bpm  Project","https://mega.nz/file/G75iHRCY#Gn5aCjvI8TXty1nne_I-kTXp3qqGUw-_vy4p_eDj8_s"
"not_accessible","mega_api_error_-9","mega","200","1","Julio Melgar","Singles / Otros","MultiTrack-Tu Haces Todo Nuevo-Se Trata de Ti-Eb","https://mega.nz/file/qiokFDYJ#95IBsQj1rLEdS7cC7n2-lqcBN11ihfw18w5DpJ8nWYM"
"not_accessible","mega_api_error_-9","mega","200","1","Julio Melgar","Singles / Otros","el cielo y la tierra 135 bpm  Project","https://mega.nz/file/C3xEkJSD#vtZk-yf1MzcSobeGcHVV8qBMD-wcKyYXe7zLGsDLjyo"
"not_accessible","mega_api_error_-9","mega","200","1","Julio Melgar","Singles / Otros","Creo En Ti - Julio Melgar (70)","https://mega.nz/file/myhwnTrC#V5sajz0a_7VZX8_q-giFRlOVKVw7shuvjKEkb5r1pGE"
"not_accessible","mega_api_error_-9","mega","200","1","Julio Melgar","Singles / Otros","Te Quiero Alabar-Se Trata de Ti-G","https://mega.nz/file/GypyBZIC#r8-QuWNNy3DFXgbUT0U_oroFUmX5n5baAng35KKiJYI"
"not_accessible","mega_api_error_-9","mega","200","1","Julio Melgar","Singles / Otros","MultiTrack-Ya No Soy Esclavo (feat. Julio Melgar & Yvonne Muñoz)-Ya No Soy Esclavo-Bb","https://mega.nz/file/Duhk3JYZ#TrfwLx6NYdiTSyW6LqTzUQIG1oOLgegxfUnRbo0NSdg"
"not_accessible","http_404","drive","404","1","Liberty Banda","Medley 2","Medley 2","https://drive.google.com/uc?export=download&id=1Eydob6hs_HdkJ94U-adjqh_mfRP2xrqA"
"not_accessible","mega_api_error_-9","mega","200","1","Marco Barrientos","Singles / Otros","De Gloria En Gloria - Marco Barrientos - MultiTrack","https://mega.nz/file/K6h0RTza#n3WKBoz1FZ7cgYPSlf4ITruNxJxf0tRRLraYbKn2z0Y"
"not_accessible","mega_api_error_-9","mega","200","1","Marco Barrientos","Singles / Otros","Se oye en las naciones-Levantante - Marcos Witt - MultiTrack","https://mega.nz/file/TjhCSLTA#z0-rfwZTxrvap_JZK7BSbbHX-kAG8pZFNPFz3VF0JEU"
"not_accessible","mega_api_error_-9","mega","200","1","Marco Barrientos","Singles / Otros","Fuente de Vida - Marco Barrientos - MultiTrack","https://mega.nz/file/K6xCxZrQ#RBZbIZFPzfHQcCi9boxCDeWuDyHWJ7-qVzAryvnd3Rk"
"not_accessible","mega_api_error_-9","mega","200","1","Marco Barrientos","Singles / Otros","Digno - Al que está sentado en el trono - Marco Barrientos - MultiTrack","https://mega.nz/file/qrxEkbjZ#xxx-XWWklG0W3nXJiELMMf9wmzLvKAGta32uHQEqpus"
"not_accessible","mega_api_error_-9","mega","200","1","Marco Barrientos","Singles / Otros","Es hora de adorarle - Marco Barrientos - Multitrack","https://mega.nz/file/ivhggbDS#dt2BIjN8UQ94FzUQFBjneOusm8M8jhAifsYKMOg9H5s"
"not_accessible","mega_api_error_-9","mega","200","1","Marco Barrientos","Singles / Otros","Amanece - Marco Barrientos - MultiTrack","https://mega.nz/file/Dv4C1ZQB#nMjgfR6IKLfXrO4QG-8x1C7LTxSTR6qX4inNi1EvQ1E"
"not_accessible","mega_api_error_-9","mega","200","1","Marco Barrientos","Singles / Otros","Rey de reyes - Marco Barrientos - MultiTrack","https://mega.nz/file/Pu4UVTgT#m9K5VMVbthKLhwiwHhgr7vbXFIFZ6cBMfPRaNB6XsFI"
"not_accessible","mega_api_error_-9","mega","200","1","Marco Barrientos","Singles / Otros","Ilumina - Marco Barrientos - MultiTrack","https://mega.nz/file/K2wiBJhT#01wLrFQRl74VJBBSCovOPN4yk751a1zOJfgsGCicSbs"
"not_accessible","mega_api_error_-9","mega","200","1","Marco Barrientos","Singles / Otros","En espiritu y verdad - Marco Barrientos - MultiTrack","https://mega.nz/file/uj42nZwI#l8YvwaBywgxBdU8_eeYUBnHV5z_KMSse1O-GmNDA6iU"
"not_accessible","mega_api_error_-9","mega","200","1","Marco Barrientos","Singles / Otros","Cielo y Tierra - Marco Barrientos - MultiTrack","https://mega.nz/file/3uxkhJJa#6GTHt09_VhMyamPijWZhSXT8nWrA0fz0W3AxSvTqnxo"
"not_accessible","mega_api_error_-9","mega","200","1","Marco Barrientos","Singles / Otros","Te Doy Gloria - Marco Barrientos - MultiTrack","https://mega.nz/file/yyoAwJJD#so3UUkMvR76Et5Od9iTnk7--nwOOzJ_6PWb31ud-NX0"
"not_accessible","mega_api_error_-9","mega","200","1","Marco Barrientos","Singles / Otros","Quien es como tu - Marco Barrientos - MultiTrack","https://mega.nz/file/3m5A1RYA#jsJl6c8JcLkOwGYkpoTlEeqFB1FN5NDXbNgnLKKN8IU"
"not_accessible","mega_api_error_-9","mega","200","1","Marco Barrientos","Singles / Otros","Hossana - Marco Barrientos - MultiTrack","https://mega.nz/file/3i5wjRCR#QotSyebkbtjmtzoy2G8Yz6BTHQCGdMOjrhVN68VYrHQ"
"not_accessible","mega_api_error_-9","mega","200","1","Marco Barrientos","Singles / Otros","Dios De Lo Imposible - Marco Barrientos (Ft. David Reyes & Christine D'Clario)","https://mega.nz/file/C7h2Fbaa#vibFvuR5CFX3m9iBf_jaFYGOKQtFZTb_5F_ByiOXbx0"
"not_accessible","mega_api_error_-9","mega","200","1","Marco Barrientos","Singles / Otros","Aquí Estoy - Marco Barrientos - MultiTrack","https://mega.nz/file/fvoAVTIT#Zm-J61XGTvJmPUVhfP1Zlr47Rr-PReSqQuL83KdFKeA"
"not_accessible","mega_api_error_-9","mega","200","1","Marco Barrientos","Singles / Otros","MultiTracks Hossana - Marco Barrientos","https://mega.nz/file/XjgAgZrZ#OdMqqD_0dg1YA5uRWb_CHwjd8kgOJiGzjMa-kjsZGm0"
"not_accessible","mega_api_error_-9","mega","200","1","Marco Barrientos","Singles / Otros","[MultiTracks] Preciosa Sangre-El Encuentro-A","https://mega.nz/file/D2p0kZ4Q#3XyQZgxZEbiC_8JNJHVaII69c8HoP4zxQRV91H83nME"
"not_accessible","mega_api_error_-9","mega","200","1","Marco Barrientos","Singles / Otros","MB - Rey Infinito","https://mega.nz/file/67pkRLZQ#MHRtQKVerPdrAhxGVRBFU9KEQIZeazITSwfxDkaohzs"
"not_accessible","mega_api_error_-9","mega","200","1","Marco Barrientos","Singles / Otros","MB - De gloria en gloria","https://mega.nz/file/7noUjJCL#TTb_DrXOphooVxkRDbMUrqdw3AUNP501hMF6w9If_eA"
"not_accessible","mega_api_error_-9","mega","200","1","Marco Barrientos","Singles / Otros","MB - Hosanna (Remix)","https://mega.nz/file/TmgmwJJY#W7Cw4HUvuBhSbXPKX5Ewvxx94geHwP4Bir0b4C_S-C8"
"not_accessible","mega_api_error_-9","mega","200","1","Marco Barrientos","Singles / Otros","MB - Te Doy Gloria","https://mega.nz/file/bz4yGDxK#_Ue4v5EHhzrvmgIcAZqf-TKGRobz8OYvS2xgIC7Volo"
"not_accessible","mega_api_error_-9","mega","200","1","Marco Barrientos","Singles / Otros","MB - Rey de Reyes","https://mega.nz/file/TugywDyb#HvoMFo9NdnqTFD-m70lR-JMbtB5J4tpWD2R12ApTYT4"
"not_accessible","mega_api_error_-9","mega","200","1","Marco Barrientos","Singles / Otros","MB - Cielo y Tierra","https://mega.nz/file/WjoUQb5A#kBkG3tEZnbyDO1Ovp2P3bkW1mCR7emxkQVaS064muBU"
"not_accessible","mega_api_error_-9","mega","200","1","Marco Barrientos","Singles / Otros","MB - Lo Unico Que Quiero","https://mega.nz/file/e3wEgbJa#lCh0CArn1yYo3oMo5Sdp9LSmROGD__wg3YJ3kBqoLuE"
"not_accessible","mega_api_error_-9","mega","200","1","Marco Barrientos","Singles / Otros","Hossana version Wesley RCBV Project","https://mega.nz/file/i75SHLZL#H96EkJUVHUntKwQRRlW8fqjq9DWRxAkM11jPWhclaAg"
"not_accessible","mega_api_error_-9","mega","200","1","Marco Barrientos","Singles / Otros","Te doy Gloria RCBV 140 bpm Project","https://mega.nz/file/X6hGDRwA#viZJJ_OvGwnZf6egq0iUg1RESwRxie8LGseIDtizTIA"
"not_accessible","mega_api_error_-9","mega","200","1","Marco Barrientos","Singles / Otros","MultiTrack-Lo Unico Que Quiero-Amanece-Gb","https://mega.nz/file/zvhi2LSR#Or2XSIICF87I8btFqJ2sh2TOvwDAoYXJrpAGg3Dy_8k"
"not_accessible","mega_api_error_-9","mega","200","1","Marco Barrientos","Singles / Otros","MultiTrack-Rey de Reyes-Amanece-D","https://mega.nz/file/Hq5G2J7a#MB3uW54PFaPadLhartTgm237ahxdNEJwLrfCfezAjp4"
"not_accessible","mega_api_error_-9","mega","200","1","Marco Barrientos","Singles / Otros","Unico Dios-El Encuentro-Bb","https://mega.nz/file/DyhQjZSQ#ZF7kamJ7mMNCxu7TTWLUhb69Tfi3Q0SSTfTa8xPHQuM"
"not_accessible","mega_api_error_-9","mega","200","1","Marco Barrientos","Singles / Otros","Tu Gloria Llena la Tierra (feat. Marco Barrientos)-Por Siempre Tuyo-Eb-82.00bpm","https://mega.nz/file/fvpknLbQ#ArY-Ib0XjFs5iTN4-C0yO9JQmwVGdLIbLNrtAFsRkYs"
"not_accessible","mega_api_error_-9","mega","200","1","Marco Barrientos","Singles / Otros","Salmo 23 feat. Marco Barrientos-Hola, Futuro-C","https://mega.nz/file/fiw2ABwZ#Rz6HYC_hNUA7i3D6bjna4O_r_c-TB5hJTvPJE9wV80o"
"not_accessible","mega_api_error_-9","mega","200","1","Marco Barrientos","Singles / Otros","Persigues mi Corazón (Feat. Marco Barrientos)-Persigues mi Corazón-Cm","https://mega.nz/file/DrwkiDoS#W01jELd_y5amRu_-TT8O6ITkwoiZUdd8GzRpxtRuwb0"
"not_accessible","mega_api_error_-9","mega","200","1","Marco Barrientos","Singles / Otros","No Me Iré-Ilumina-Db","https://mega.nz/file/6j4yzZ5L#MunD5csR-5SirzovC9wKrKMf232Xz8tssy88iO6l5vc"
"not_accessible","mega_api_error_-9","mega","200","1","Marco Barrientos","Singles / Otros","Manda lluvia ( Marcos Barrientos) (1)","https://mega.nz/file/77xgTBjI#MQEU52sDsz0tlJxbXQiVJkqyUENnfjs3zGtXqJ3TG7I"
"not_accessible","mega_api_error_-9","mega","200","1","Marco Barrientos","Singles / Otros","Hermoso y Perfecto (feat. Marco Barrientos)","https://mega.nz/file/36hwTTYI#cVOReNC3A2hW_9RB5Ap3vDoMEM03uv4_Cv-phVBUvZA"
"not_accessible","mega_api_error_-9","mega","200","1","Marco Barrientos","Singles / Otros","Gracia Inmerecida - Marco Barrientos - MT","https://mega.nz/file/Gj4G2D6D#5NGb6JPu_MQDlENTpL94DzMg-EaSr1iRhU4JrNno_1s"
"not_accessible","mega_api_error_-9","mega","200","1","Marco Barrientos","Singles / Otros","levy-Poderoso Dios (Feat. David Reyes)-El Encuentro-C","https://mega.nz/file/ruhEDDTR#voNGRnfWbRFmHsNoYUWKyWWwY-0mnKP1z85xeqo7I_Q"
"not_accessible","mega_api_error_-9","mega","200","1","Marco Barrientos","Singles / Otros","Poderoso Dios (Feat. David Reyes)-El Encuentro","https://mega.nz/file/6zpmgRwS#kh-XiC7ZfwPxk2Aig-i1jkQuYH0rUi6qju1li-OYusg"
"not_accessible","mega_api_error_-9","mega","200","1","Marco Barrientos","Singles / Otros","Rey de Reyes - Marcos Barrientos – Amanece D","https://mega.nz/file/e25GEB4A#aOv2nNntomvmWDzO_FyREQNJVmdj6ogJ6eldBxwbRSU"
"not_accessible","mega_api_error_-9","mega","200","1","Marco Barrientos","Singles / Otros","Multitrack - Puesto Los Ojos En Jesús - Marcos Barrientos - Amanece","https://mega.nz/file/ziowCJgQ#Gv1BL5-ITF5BAtSuozwfMAaN-SMe1uNpfM-lS7t0mpw"
"not_accessible","mega_api_error_-9","mega","200","1","Marco Barrientos","Singles / Otros","Marco Barrientos - Avivanos","https://mega.nz/file/W3gWmLAA#89hYRr7CyzLjuNGhXkcsgMxPn5X8KxBVUa984y82mw8"
"not_accessible","mega_api_error_-9","mega","200","1","Marco Barrientos","Singles / Otros","De Gloria en Gloria 128BPM (Bb)","https://mega.nz/file/vi4GiDSK#1kKtYKcEeobJm6tUsPj5FTq-Uo5ifd4WrJiHFbQTXdI"
"not_accessible","mega_api_error_-9","mega","200","1","Marco Barrientos","Singles / Otros","Digno-AlQueEstáSentadoEnElTrono","https://mega.nz/file/zqw0gTbJ#WbkhwJmLjZIRyceVq63OQnrpWYAj1MywGQXp03AA7Ko"
"not_accessible","mega_api_error_-9","mega","200","1","Marco Barrientos","Singles / Otros","Ilumina-Ilumina-F","https://mega.nz/file/a6pk1L6K#JThFjL9aFNI6JFpEBptLlrIXCD__3SV7R0CNjtOCqxM"
"not_accessible","mega_api_error_-9","mega","200","1","Marco Barrientos","Singles / Otros","MultiTrack-Aquí Estoy-Ilumina-Db","https://mega.nz/file/6npiSJbD#nzCJ53d0VxqQybGNgrRGYiFeaFo9CZSfZbYPQ6qOMpI"
"not_accessible","mega_api_error_-9","mega","200","1","Marco Barrientos","Singles / Otros","MB - Quien Es Como Tu","https://mega.nz/file/zzpCnDSZ#IWgBgwdbbe_0VNVqziM2vlTZqqeOIMwClGZ971P3KVY"
"not_accessible","mega_api_error_-9","mega","200","1","Marco Barrientos","Singles / Otros","Amanece Project","https://mega.nz/file/quhC0ZDb#0wYGgdma5VdpUZK2sPjd6A0kWIX14_CcGottUhK39Ac"
"not_accessible","mega_api_error_-9","mega","200","1","Marco Barrientos","Singles / Otros","Hossana MB Project","https://mega.nz/file/fm42FTQY#BfRqhxGsxh-3xNgY2v5ENZuOaask171E2vWp8Dh7J-k"
"not_accessible","mega_api_error_-9","mega","200","1","Marco Barrientos","Singles / Otros","Quien Es Como T£-Ilumina-Bm","https://mega.nz/file/HroCxBIB#RMlRMfv7WVXJ-nLMrzsVzMcuDmWqzxCf4iEzTjBlwj8"
"not_accessible","mega_api_error_-9","mega","200","1","Marco Barrientos","Singles / Otros","MultiTrack-Preciosa Sangre-El Encuentro-A","https://mega.nz/file/TvgAAZZL#3XyQZgxZEbiC_8JNJHVaII69c8HoP4zxQRV91H83nME"
"not_accessible","mega_api_error_-9","mega","200","1","Marco Barrientos","Singles / Otros","Digno E - A Project","https://mega.nz/file/Ti4CFZbS#yP4IweJxQN1ZNCab7MriqvXd6L74NPGEGA6eoA199pE"
"not_accessible","mega_api_error_-9","mega","200","1","Marco Barrientos","Singles / Otros","Te Doy Gloria-Ilumina-C","https://mega.nz/file/zioCEThQ#t7UcKs9UwH_ph6oznu5v_Kh51xxLOY7F2VbfpX_TXmw"
"not_accessible","mega_api_error_-9","mega","200","1","Marco Barrientos","Singles / Otros","Hossana marcos barriento remix","https://mega.nz/file/S7xESTyC#ISPQAQkvWwrEEqPCM3aoVw_ZbwfTlj6V4apAfZw-QVI"
"not_accessible","mega_api_error_-9","mega","200","1","Marco Barrientos","Singles / Otros","MultiTrack-Espiritu y Verdad-El Encuentro-A","https://mega.nz/file/Li4SFDaK#JkslJjZKr_e6VMpvQ8fWlFRCTlpOy7y0geH4xhC3vXI"
"not_accessible","mega_api_error_-9","mega","200","1","Marco Barrientos","Singles / Otros","Marco Barrientos -  Tu Gloria (C) 73 BPM","https://mega.nz/file/mnogVB6S#Ifa5u1jwDQTWT4Y9wFUz5JYUK-BFN6TFsKB7KlmbXSk"
"not_accessible","mega_api_error_-9","mega","200","1","Marco Barrientos","Singles / Otros","Marcos Barrientos - Hossana","https://mega.nz/file/OigSEbDQ#OdMqqD_0dg1YA5uRWb_CHwjd8kgOJiGzjMa-kjsZGm0"
"not_accessible","mega_api_error_-9","mega","200","1","Marco Barrientos","Singles / Otros","Marcos Barrientos Rey de Reyes-Amanece-D","https://mega.nz/file/LywknDSQ#MB3uW54PFaPadLhartTgm237ahxdNEJwLrfCfezAjp4"
"not_accessible","mega_api_error_-9","mega","200","1","Marco Barrientos","Singles / Otros","Marcos Barrientos Rey Infinito","https://mega.nz/file/7uoi1D4L#N19PVt3AUrnG9hpvb5dIBFo_U_kQoWXxbUCIY6TOYso"
"not_accessible","mega_api_error_-9","mega","200","1","Marco Barrientos","Singles / Otros","Marcos Barrientos Señor eres fiel","https://mega.nz/file/mn4AiZzQ#yRNmaPlboTOjt5PE4CMfvZlcApIIo55qt9Bb28lzlyA"
"not_accessible","mega_api_error_-9","mega","200","1","Marco Barrientos","Singles / Otros","[MultiTracks] Amanece - Marcos Barrientos","https://mega.nz/file/az4EVbIL#5vmPJ9sJ4Fm9DLg8ojWc_fkuaTwEgU8hYAAx23BEoUE"
"not_accessible","mega_api_error_-9","mega","200","1","Marco Barrientos","Singles / Otros","[MultiTracks] Lo Unico Que Quiero - Amanece - Gb - Marcos Barrientos","https://mega.nz/file/n7gCFRQI#-KGOsaEtslMbTsQSwlyaHliRf1IcjxZ7K8XSJPUCwkY"
"not_accessible","mega_api_error_-9","mega","200","1","Marco Barrientos","Singles / Otros","Multitrack Marco Barrientos - Lo Hiciste por mi A","https://mega.nz/file/uroE3TCZ#zRqfdlqboWYDZsPpyArHGeADVk9xmioqIYWrkfRYrIk"
"not_accessible","mega_api_error_-9","mega","200","1","Marco Barrientos","Singles / Otros","MultiTrack-Quien Es Como Tu-Ilumina-Bm","https://mega.nz/file/Sn4GCRwK#7ZKHwQBhrSAALlIQWxFLw1m7002a1l5F7SvLwzxBy9c"
"not_accessible","mega_api_error_-9","mega","200","1","Marco Barrientos","Ilumina - Marco Barrientos - MultiTracks","12 Multitrack Te Doy Gloria - Marco Barrientos-Ilumina-C Tonalidad Original","https://mega.nz/file/735AHZ4D#3JnWGQu0EbjwGLRyPvKP9OteVtDGVQANRen3cunMEKI"
"not_accessible","mega_api_error_-9","mega","200","1","Marco Barrientos","Ilumina - Marco Barrientos - MultiTracks","05 Multitrack No Me Iré - Marco Barrientos-Ilumina-Db Tonalidad Original","https://mega.nz/file/Si4gyLLS#SLHsBy1hb3QbuxXZM-p9sKIK8bChrciZZ597SVQv8xI"
"not_accessible","mega_api_error_-9","mega","200","1","Marco Barrientos","Ilumina - Marco Barrientos - MultiTracks","01 Multitrack-Ilumina - Maco Barrientos-Ilumina-F Tonalidad Original","https://mega.nz/file/W2xgUTRL#C4y4T04LEXm7LoFleqwrdSEFU20N57z9gx0luFxKNIk"
"not_accessible","mega_api_error_-9","mega","200","1","Marco Barrientos","Ilumina - Marco Barrientos - MultiTracks","11 Multitrack Vasos de Barro - Marco Barrientos-Ilumina-Gb Tonalidad Original","https://mega.nz/file/n2gkSTbT#4I2EGrwV-Ds_RlUGYzjFFKNxCzu7Uotj6YJs2Alm9vE"
"not_accessible","mega_api_error_-9","mega","200","1","Marco Barrientos","Ilumina - Marco Barrientos - MultiTracks","04 Multitrack Nada Es Imposible - Marco Barrientos-Ilumina-Bb Tonalidad Original","https://mega.nz/file/6mhSkTbQ#ZgBY69rO9pYuY28M0l3B3BPYNudPuuVyITPpxXw_c88"
"not_accessible","mega_api_error_-9","mega","200","1","Marco Barrientos","Ilumina - Marco Barrientos - MultiTracks","10 Multitrack Fuente de Vida - Marco Barrientos-Ilumina-F Tonalidad Original","https://mega.nz/file/yiwAzBSQ#5-ejqLo1lBmVZCml1w8Q7yeG5bsrmufhT4gXZaLLzoo"
"not_accessible","mega_api_error_-9","mega","200","1","Marco Barrientos","Ilumina - Marco Barrientos - MultiTracks","03 Multitrack Lo Hiciste Por Mí - Marco Barrientos-Ilimina-A Tonalidad Original","https://mega.nz/file/ajwwVByY#x3Mgnyrimgd2t4WVORyppz7whPcFVqUPj0j_U263RFI"
"not_accessible","mega_api_error_-9","mega","200","1","Marco Barrientos","Ilumina - Marco Barrientos - MultiTracks","08 Multitrack Aqui Estoy - Marco Barrientos-Ilumina-Db Tonalidad Original","https://mega.nz/file/zqoGQTSA#lkCIz2sjg_uXR4yrofujxVMfAW1fJgPIrd0fBBSc5wk"
"not_accessible","mega_api_error_-9","mega","200","1","Marco Barrientos","Ilumina - Marco Barrientos - MultiTracks","02 Multitrack Quien Es Como Tú - Marco Barrientos-Ilumina-Bm Tonalidad Original","https://mega.nz/file/mrggEZga#bimWPR0HA0LvrvgLJHB3L8s9dmH_Q44poCK4jFVEH-8"
"not_accessible","mega_api_error_-9","mega","200","1","Marcos Witt","25 Conmemorativo","13 MultiTrack-Será Llena la Tierra-C","https://mega.nz/file/uigSUDjS#oJZYSSRNiS0WU7wLINJtX-mrKeHdliv3RoHUbYdUsWE"
"not_accessible","mega_api_error_-9","mega","200","1","Marcos Witt","25 Conmemorativo","09 MultiTrack-Canción a Dios-Motivo de mi Canción-Es Por Ti-Bb","https://mega.nz/file/Prxw2R4S#6h1YQ2n3ZW-Ut467evS5U039aAz_awN4LLfAL-NkEgU"
"not_accessible","mega_api_error_-9","mega","200","1","Marcos Witt","25 Conmemorativo","10 MultiTrack-Te Amo-C","https://mega.nz/file/vuoUlDoR#34LlGR7dgLy_aCUFSIDSDaFgODGMmzwI3xGVFYrRMjA"
"not_accessible","mega_api_error_-9","mega","200","1","Marcos Witt","25 Conmemorativo","15 MultiTrack-Dios Ha Sido Fiel-D","https://mega.nz/file/bv5iSZgQ#hb52VRoJ3uMeCLIZEs4TdjPpHMFY9s1StcC11CmJgEI"
"not_accessible","mega_api_error_-9","mega","200","1","Marcos Witt","25 Conmemorativo","11 MultiTrack-Renuevame-D","https://mega.nz/file/Wzo21ZrT#pvzoVCN-GVog0kA2Z6QAGuNGG1nnHC9t2vRfdRoEey0"
"not_accessible","mega_api_error_-9","mega","200","1","Marcos Witt","25 Conmemorativo","07 MultiTrack-Tu Amor por Mi-Yo Te Busco-E","https://mega.nz/file/b3xyEb7T#9QXsegym-_p5W94RPKoBG683m5ycWEnYS7wxhaR99-s"
"not_accessible","mega_api_error_-9","mega","200","1","Marcos Witt","25 Conmemorativo","06 MultiTrack-Cuan Bello Es El Señor-F","https://mega.nz/file/qngUwB5I#SWxfzwQNZlxhP5U44zI8shqHzFbkTeNYc16RjCZ3YKU"
"not_accessible","mega_api_error_-9","mega","200","1","Marcos Witt","25 Conmemorativo","05 MultiTrack-Al Que Es Digno-Vencio-D","https://mega.nz/file/Hyp0UDII#tH9-rH5FTUBcsTTz2SgA0aP9lR5uhvdMun6YP3o5gjk"
"not_accessible","mega_api_error_-9","mega","200","1","Marcos Witt","25 Conmemorativo","04 MultiTrack-Gracias-B","https://mega.nz/file/ivw0jZKC#zZ4SdXmpuIXw5puJ3sryU4HAT24sF9lIQIv2dxn0dHk"
"not_accessible","mega_api_error_-16","mega","200","1","Marcos Witt","Multitracks Importados","Temprano yo te buscaré","https://mega.nz/file/VzEl1YoJ#RM5asbq7bKsU3uI0ZULnmJ7qDwEsOZuiyQupnRnmx6g"
"not_accessible","mega_api_error_-9","mega","200","1","Marcos Witt","Singles / Otros","MW - Vivo Para Amarte","https://mega.nz/file/brxklJ6L#14mkpASH1Nj-_g1Hr5Jq3E9Hg8rZWQE3jFsLSvyYYlM"
"not_accessible","mega_api_error_-9","mega","200","1","Marcos Witt","Singles / Otros","MW - Somos","https://mega.nz/file/GqpQDBoT#y5-U4jkdrf9hL6gCYDHDdo-calMMRd7HR293xTtMxbM"
"not_accessible","mega_api_error_-9","mega","200","1","Marcos Witt","Singles / Otros","MW - Tu Haras","https://mega.nz/file/3jgG3JqC#urwR5eQGTgnYb3UjyPvvRFfQf3VZ1nvVNlQFUd8g6_M"
"not_accessible","mega_api_error_-9","mega","200","1","Marcos Witt","Singles / Otros","MW - Has Cambiado - Un Adorador","https://mega.nz/file/a3gSAJrR#uCrmpTfwJhDcx0Le6vvTZF2CU7vq3SwSn9FmMyF_tOE"
"not_accessible","mega_api_error_-9","mega","200","1","Marcos Witt","Singles / Otros","MW - Será Llena la Tierra","https://mega.nz/file/azxAgT5Z#5OOVWvN_MxCzsfLx_-GHHasNycVix7czCckr6f-T2YE"
"not_accessible","mega_api_error_-9","mega","200","1","Marcos Witt","Singles / Otros","Tu Nombre Es Cristo (feat. Marcos Witt)-Jesús Salva-C","https://mega.nz/file/32xUATQJ#3dZyzu-YHQhzsusFEL9hscTh-uOz0Vv1_PoiHuiRt8U"
"not_accessible","mega_api_error_-9","mega","200","1","Marcos Witt","Singles / Otros","Somos - Marcos Witt - MultiTrack","https://mega.nz/file/nu42DTyC#lVjLoj4uPc1g-TKKCViTLk8NijGBSJZoUW3u69Komxg"
"not_accessible","mega_api_error_-9","mega","200","1","Marcos Witt","Singles / Otros","Salmo 45 (Eres el más hermoso) (feat. Marcos Witt)-Jesús Salva-D","https://mega.nz/file/i2pSATZZ#2M_4F2OGD9ZlRZr4NzNpz59dKzm4s46LjYOJdsSizk4"
"not_accessible","mega_api_error_-9","mega","200","1","Marcos Witt","Singles / Otros","Marcos Witt - Simplemente Gracias - C","https://mega.nz/file/u3hgFZ4b#l1yOdQrzozVTnirp4_tWxrKiZ4k2x11qeukrGanyKBU"
"not_accessible","mega_api_error_-9","mega","200","1","Marcos Witt","Singles / Otros","Dios Imparable - Marcos Witt -Jesús Salva-MT","https://mega.nz/file/7v4yFJgL#ZDCjdUTIGo-8pyNIUbAPoaLV9ntoaeCp3DCMDwFtTgw"
"not_accessible","mega_api_error_-9","mega","200","1","Marcos Witt","Singles / Otros","Tu Nombre Es Cristo - Marcos Witt - MT","https://mega.nz/file/z34kFbzD#gfShU0D76kiKCcjMYVyie_PmLLJgrtodR0kg6b76060"
"not_accessible","mega_api_error_-9","mega","200","1","Marcos Witt","Singles / Otros","Es Navidad (feat. Marcos Witt)-Naciò El Rey - EP-C","https://mega.nz/file/ezxykB5J#SFezO42hDmLTvxpbcUyS-gYliEE_y1g2lWu1LMyVbCU"
"not_accessible","mega_api_error_-9","mega","200","1","Marcos Witt","Singles / Otros","Vivo Para Amarte - Marcos Witt - MultiTrack","https://mega.nz/file/3ipknDgD#eMK4JRmCyiy9qLbCYB4CyQkIHELgPRxeyGBpJAsLPDI"
"not_accessible","mega_api_error_-9","mega","200","1","Marcos Witt","Singles / Otros","Jesús (feat. Marcos Witt)-Jesús Salva-Bb","https://mega.nz/file/CngwmJiB#MPa1w3m0hLP18EspaH9OQ49B6CoByRLE7EO7njQwbVo"
"not_accessible","mega_api_error_-9","mega","200","1","Marcos Witt","Singles / Otros","Dios Imparable (feat. Marcos Witt)-Jesús Salva-A","https://mega.nz/file/6vo0nLBA#QiMA84GHKC7ZnW1ukcPjGODZCTCNr2pSWX1optFvGWQ"
"not_accessible","mega_api_error_-9","mega","200","1","Marcos Witt","Singles / Otros","[MultiTracks] Al Que Es Digno-Vencio - Marcos Witt 25 Cm","https://mega.nz/file/H34E0RSS#09ztvfgkv1nL-Dsf8pNdprsaCZGsj2-A7oI_qgFcwg8"
"not_accessible","mega_api_error_-9","mega","200","1","Marcos Witt","Singles / Otros","Marcos Witt - Sobrenatural","https://mega.nz/file/a3x23LgC#xEfNhqN3kbSUOqXECBysW0e5nMezwS6oY6C0TH_TsjA"
"not_accessible","mega_api_error_-9","mega","200","1","Marcos Witt","Singles / Otros","Somos (en vivo) Marcos Witt","https://mega.nz/file/rywUCRgJ#PckFG1KmY_lZ1uWSxBDP1vYQEnEMiu8fQ5IZ8Rn2J-M"
"not_accessible","mega_api_error_-9","mega","200","1","Marcos Witt","Singles / Otros","Dios de mi Salvacion","https://mega.nz/file/v7x0zTKR#a7vKFXW-W5YEiSnfZ6MlN7mpFYONzZaHPoD3f4Fmyw0"
"not_accessible","mega_api_error_-9","mega","200","1","Marcos Witt","Singles / Otros","MW - Cristo Es Mi Señor - Tu Harás - En Los Montes","https://mega.nz/file/yvwUDZ6B#RnEmWu65jL4SFhT2mz2WYZJZvceRQ8pkQrGCdLGKKt4"
"not_accessible","mega_api_error_-9","mega","200","1","Marcos Witt","Singles / Otros","Aclama a Dios","https://mega.nz/file/b7gCzLjT#tAU56w_1DdCEC4tbvo662DRcOppNT6w_S_5P0eqf_cE"
"not_accessible","mega_api_error_-9","mega","200","1","Marcos Witt","Singles / Otros","Vivo Para Amarte-Sigues Siendo Dios-D - MultiTrack","https://mega.nz/file/LugCgbjJ#zowjJ4gov-rNzkZipB5olRdTr4MiQCUNyaMrIAfB7Xo"
"not_accessible","mega_api_error_-9","mega","200","1","Marcos Witt","Singles / Otros","MW - Al que es digno - Vencio","https://mega.nz/file/3vwAEBQA#Vh3f-Vs9R4W8uAcPvXBpkjnJ8K8HpXpaJrpbRLE0u2w"
"not_accessible","mega_api_error_-9","mega","200","1","Marcos Witt","Singles / Otros","Alegre Muy Alegre","https://mega.nz/file/eq4GAJ7Z#8VGqfJkEnVtn_4VKHnsXD3SfauBP6qclSidmJCbj5M8"
"not_accessible","mega_api_error_-9","mega","200","1","Marcos Witt","Singles / Otros","Tu Eres El Gozo","https://mega.nz/file/qrxwXBLC#6zGn48dJksw09cIdD2mLJdcWo14odp8E_eeLgJwbjks"
"not_accessible","mega_api_error_-9","mega","200","1","Marcos Witt","Singles / Otros","Medley Coros Recordando Otra Vez - Marcos Witt Multitrack","https://mega.nz/file/ii4mHJpB#rNSTPNKyb1xWqnvURHUmKn4JQaiO8QKpNCwXsqxqdtQ"
"not_accessible","mega_api_error_-9","mega","200","1","Marcos Witt","Singles / Otros","Somos-Sigues Siendo Dios (En Vivo)-G- MultiTrack","https://mega.nz/file/rnpmzZwI#v2Pv51wVrl3_d-uorTeDArh3dTMuQtbxxC2Yl6fRTD0"
"not_accessible","mega_api_error_-9","mega","200","1","Marcos Witt","Singles / Otros","Alabemos - 134BPM (A)","https://mega.nz/file/C6wAlbDJ#S2Sh1ry8vNCgP0ZraatEUVIAUhHw9Fu2YL2Dcz3jSE8"
"not_accessible","mega_api_error_-9","mega","200","1","Marcos Witt","Singles / Otros","Alabemos 134BPM (C) custom mix","https://mega.nz/file/Wno0VbaY#MMBcX9Kaz-avZp8Whl9LEsOJIhk5_42LhMnWdwfWG5U"
"not_accessible","mega_api_error_-9","mega","200","1","Marcos Witt","Singles / Otros","MultiTrack-Mayor es él-Sigues Siendo Dios (En Vivo)-C","https://mega.nz/file/frhkhDqK#K8PAio0fkHrs1-n6QUGEYxm5G0mMZby2B1Pg_3xLjSY"
"not_accessible","mega_api_error_-9","mega","200","1","Marcos Witt","Singles / Otros","MultiTrack-Salmo 45 (Eres el más hermoso) (feat. Marcos Witt)-Jesús Salva-D (1)","https://mega.nz/file/rq4UwToK#N3DOy9MqEbEFC2h0E_GDlZEHZzxlcsw8PeXQu9ORKpY"
"not_accessible","mega_api_error_-9","mega","200","1","Marcos Witt","Singles / Otros","MultiTrack-Cuan Bello Es El Señor-25 Concierto Conmemorativo-F","https://mega.nz/file/ri5QCZyK#pRp4vPdYJ2VXx1AlLtuTbEepT3sFKCUvOu9c4wyvh4I"
"not_accessible","mega_api_error_-9","mega","200","1","Marcos Witt","Singles / Otros","ERES SANTO MW","https://mega.nz/file/On4WgDaT#wcTV7lKdijkJeLYwD8RJdFJAuUm8eqAHZk4iFmGxiZQ"
"not_accessible","mega_api_error_-9","mega","200","1","Marcos Witt","Singles / Otros","Has Cambiado - Un Adorador","https://mega.nz/file/6z5QgbzL#uCrmpTfwJhDcx0Le6vvTZF2CU7vq3SwSn9FmMyF_tOE"
"not_accessible","mega_api_error_-9","mega","200","1","Marcos Witt","Singles / Otros","tu amor por mí 94bpm Project","https://mega.nz/file/a3hmQJCA#XNopoXS_j-BCwYOzJSD4U7pLQhqweM2znfjCtg_NEbE"
"not_accessible","mega_api_error_-9","mega","200","1","Marcos Witt","Singles / Otros","Cristo Eres Mi Señor - Tu Harás - En Los Montes, e-25 Concierto Conmemorativo-D","https://mega.nz/file/P3wWyDrT#GIRhJi8wI3JoM71u0J8QIOqZKhUde-lFy8akqqhQepY"
"not_accessible","mega_api_error_-9","mega","200","1","Marcos Witt","Singles / Otros","ALEGRE MUY ALEGRE 100 BPM Project","https://mega.nz/file/TmxClLxR#m6hEZZPUYqz7wnuRHiu-qho45GIES43JUIDoASitTfk"
"not_accessible","mega_api_error_-9","mega","200","1","Marcos Witt","Singles / Otros","Dios eres Mío (Samples)","https://mega.nz/file/H7wQBZrD#Sm2R2aenoNayUAso6tZKZkS0KeTpDmERfvL3yczgtd4"
"not_accessible","mega_api_error_-9","mega","200","1","Marcos Witt","Singles / Otros","al rey Marcos Witt Project","https://mega.nz/file/L3wQBBiL#xrvTQCDCB7CiiOfMmBD3NhBuZgI2Lc3OhDl6GE0PNzQ"
"not_accessible","mega_api_error_-9","mega","200","1","Marcos Witt","Singles / Otros","Anciano de dias","https://mega.nz/file/q34A3J4T#3k2g-oDKl4MaAZJ3daG2sv-G7tRIOROCLlH6KNfPRlo"
"not_accessible","mega_api_error_-9","mega","200","1","Marcos Witt","Singles / Otros","Se oye en las naciones 147 bpm Project","https://mega.nz/file/nzxygRTI#6grd5Ld8KJIHwMY9NeZT4lpwLIznybqn6mcYCWvjn_Y"
"not_accessible","mega_api_error_-9","mega","200","1","Marcos Witt","Singles / Otros","Alabemos 134bpm C Project","https://mega.nz/file/a3xmUZrI#WhtazioxybP3cWCpMN3qqmV5SpxxWpFlPqDFKcwD4cU"
"not_accessible","mega_api_error_-9","mega","200","1","Marcos Witt","Singles / Otros","Tiempo Pa Brincar (G)","https://mega.nz/file/TypS0TTK#Q2lVO4aZqrH16X5f1nVlEthx95XJM82BiK2B_oqCimg"
"not_accessible","mega_api_error_-9","mega","200","1","Marcos Witt","Singles / Otros","Al que es digno - Vencio","https://mega.nz/file/m3400LQI#Vh3f-Vs9R4W8uAcPvXBpkjnJ8K8HpXpaJrpbRLE0u2w"
"not_accessible","mega_api_error_-9","mega","200","1","Marcos Witt","Singles / Otros","tu mirada y hermoso eres Project","https://mega.nz/file/7ug0gZrY#el9FaJVf_YPM7AlS5ZtnzY-jek2obdZIWNydgW-Rv-k"
"not_accessible","mega_api_error_-9","mega","200","1","Marcos Witt","Singles / Otros","somos Project","https://mega.nz/file/uzpm0Zrb#XYk36QG9EiaW-ELe8j7-LYBVLBoumgjJqbhXK4C9gLE"
"not_accessible","mega_api_error_-9","mega","200","1","Marcos Witt","Singles / Otros","ALABANZA Y HONOR","https://mega.nz/file/znpUEBRA#hbkvX1ehJQ92Bm1GjO7XntsCUL0x8i0Z4PPcwrmUuhU"
"not_accessible","mega_api_error_-9","mega","200","1","Marcos Witt","Singles / Otros","Abre Hoy Los Cielos (feat. Evan Craft)-ñ","https://mega.nz/file/ezggDDgD#tqgho4T6YHEwIF8AVT56DsCRdg3-GxG5dnZyi5gvtoQ"
"not_accessible","mega_api_error_-9","mega","200","1","Marcos Witt","Singles / Otros","Multitracks Llename_Elena y Harold Guerra","https://mega.nz/file/zr4wCb7S#hd5fJdVCBTeR0ed4AKodF26PXifhOJwsfBUw4u1rnOo"
"not_accessible","mega_api_error_-9","mega","200","1","Marcos Witt","Singles / Otros","MultiTrack-Toma toda mi vida (feat. Josué Del Cid)-Jesús Salva-C","https://mega.nz/file/rmoUVZIJ#CATDU2wG8bhTE3h5uqBmVWeGDIU4GfzOo1ky408Yz6g"
"not_accessible","mega_api_error_-9","mega","200","1","Marcos Witt","Singles / Otros","Volaré- T-Bone ft Marcos Witt","https://mega.nz/file/GjpwnDZK#lCREfBXqiHeL7W9pWk4D14TrDNc2LLEeFZOL7lTe1Mo"
"not_accessible","mega_api_error_-9","mega","200","1","Marcos Witt","Singles / Otros","MultiTrack-Jesús (feat. Marcos Witt)-Jesús Salva-B","https://mega.nz/file/uj5iXbhD#xy4mq5wBPrJGI4KIszYG-6SlqA6NiLB4lJA8FTSP8zU"
"not_accessible","mega_api_error_-9","mega","200","1","Marcos Witt","Singles / Otros","MultiTrack-Jesús (feat. Marcos Witt)-Jesús Salva-A","https://mega.nz/file/6z5ADZIQ#KsaGXw8etJcTw7PQyNNXjhkMkntEwv_Lc0zmKTpAOjk"
"not_accessible","mega_api_error_-9","mega","200","1","Marcos Witt","Singles / Otros","MultiTrack-Jesús (feat. Marcos Witt)-Jesús Salva-Db","https://mega.nz/file/jzgQRbLb#-0098eyOW1NUNtB55eCY7wePwG-NfJ_3pS2i0PL0Op8"
"not_accessible","mega_api_error_-9","mega","200","1","Marcos Witt","Singles / Otros","MultiTrack-Jesús (feat. Marcos Witt)-Jesús Salva-Gb","https://mega.nz/file/yrhSUD7J#9LZCljwSMaj0Unh7TxxWSau5776tQzjwRTbgfjkyIUk"
"not_accessible","mega_api_error_-9","mega","200","1","Marcos Witt","Singles / Otros","MultiTrack-Jesús (feat. Marcos Witt)-Jesús Salva-Ab","https://mega.nz/file/Hj5EFbiY#rN-b45ZekpFeLNxtT1frR87b9IogZkAAeK_JtDdkNOs"
"not_accessible","mega_api_error_-9","mega","200","1","Marcos Witt","Singles / Otros","MultiTrack-Jesús (feat. Marcos Witt)-Jesús Salva-Bb Tonalidad Original","https://mega.nz/file/vqxUFZbK#MPa1w3m0hLP18EspaH9OQ49B6CoByRLE7EO7njQwbVo"
"not_accessible","mega_api_error_-9","mega","200","1","Marcos Witt","Singles / Otros","MultiTrack-Jesús (feat. Marcos Witt)-Jesús Salva-G","https://mega.nz/file/b35gHDhI#vpNQSnqNSKSyGYw8NosHn54klxShFrl_awRI5qSJOzU"
"not_accessible","mega_api_error_-9","mega","200","1","Marcos Witt","Singles / Otros","MultiTrack-Jesús (feat. Marcos Witt)-Jesús Salva-C","https://mega.nz/file/zipkHLTR#prbGESeJ-hRcn27neaAYfLqmT23tPBOpxw3QjKzdc1E"
"not_accessible","mega_api_error_-9","mega","200","1","Marcos Witt","Singles / Otros","Marcos Witt - Vivo Para Amarte - (Sigues Siendo Dios) - (D)","https://mega.nz/file/T3xSBZIT#v0Cwpxm9uX5w54EjKZ3sMHSUAZFsLxZsdwC5Vdw3P9Q"
"not_accessible","mega_api_error_-9","mega","200","1","Marcos Witt","Singles / Otros","Marcos Witt - Derrama de Tu Fuego","https://mega.nz/file/C252iBaY#upHpdZMLjftezPcrOyRfM2xGXMSlYoCatjl8KYiBijM"
"not_accessible","mega_api_error_-9","mega","200","1","Marcos Witt","Singles / Otros","Macos Witt - Vivo Para Amarte","https://mega.nz/file/nrpmSBIb#PIupjv-5nzJS37h0c8yRZV_TJZw6d3oBqvS2nPvQ0kI"
"not_accessible","mega_api_error_-9","mega","200","1","Marcos Witt","Singles / Otros","Vivo Para Amarte - Marcos Witt [D]","https://mega.nz/file/PyhWWbqB#zowjJ4gov-rNzkZipB5olRdTr4MiQCUNyaMrIAfB7Xo"
"not_accessible","mega_api_error_-9","mega","200","1","Marcos Witt","Varios","Pupurri Recordando - Marcos Witt - Multitrack","https://mega.nz/file/jyhwlBII#Aug24eRfunjALdM8dtHKJnb5Cu_miFnsix7NThaKFEw"
"not_accessible","mega_api_error_-9","mega","200","1","Marcos Witt","Varios","Lléname - Marcos Witt feat Harold y Elena - MultiTrack","https://mega.nz/file/K35SkDpB#-CgPavYn8gEQQGgwwtkkLGLJzzuC5OI_hOLNBCVMANA"
"not_accessible","mega_api_error_-9","mega","200","1","Marcos Witt","Varios","Mira No Mas - Marcos Witt - MultiTrack","https://mega.nz/file/mrpklTpY#jl18qMtFilAAnu2wrkl8fGJacc_g-rUSbwfdQKrSh6s"
"not_accessible","mega_api_error_-9","mega","200","1","Marcos Witt","Varios","Jesús - Marcos Witt - MultiTrack","https://mega.nz/file/bi5QRLQb#c5my61EeoEJ5XseMnpM616WWqGuaumQTyEDk2qjZ4-Q"
"not_accessible","mega_api_error_-9","mega","200","1","Marcos Witt","Varios","Tu amor por Mi-Yo te busco - Marcos Witt - MultiTrack","https://mega.nz/file/fzp0BZKI#T0vxL_hG7rDVtq9ppptyxeRNzVCsHovO5XoIa8z2M4c"
"not_accessible","mega_api_error_-9","mega","200","1","Marcos Witt","Varios","Será Llena la Tierra-25 Conmemorativo - Marcos Witt - MultiTrack","https://mega.nz/file/S34ASLzb#qr8qzb7NR0mg_OQl4qe-uNM6BSYpKeg0l74XSKKWDi8"
"not_accessible","mega_api_error_-9","mega","200","1","Marcos Witt","Varios","Te Exaltamos - Marcos Witt - MulTiTrack","https://mega.nz/file/bvo2HRiS#oTmM-A9y3WZmF2vBIq7M7s51SMsYWF7QbA019nbObKM"
"not_accessible","mega_api_error_-9","mega","200","1","Marcos Witt","Varios","Renuevame - Marcos Witt 25 Conmemorativo - MultiTrack","https://mega.nz/file/nrp21JQT#ugfVA7P25IFwCWHVboOwa77Bpo0RZAOv-uLOzAzgGrs"
"not_accessible","mega_api_error_-9","mega","200","1","Marcos Witt","Varios","En Los Montes En Los Valles - Marcos Witt - Multitrack","https://mega.nz/file/LiwgzZKZ#Ww8rifV0yBQmohMu3jkuvQLx-z2Z9mKAcPcQGbyFKAA"
"not_accessible","mega_api_error_-9","mega","200","1","Marcos Witt","Varios","Cristo Eres Mi Señor-Tu Harás-En Los Montes - 25 Conmemorativo - MultiTrack","https://mega.nz/file/P3wGhZRR#QdqLaB8eT9VRq9dXiEXJOzfIHgxlns3hPhss13pX2mw"
"not_accessible","mega_api_error_-9","mega","200","1","Marcos Witt","Varios","Jesus es el mismo - Marcos Wit - Multitracks","https://mega.nz/file/b3oWEBqJ#LtOV-nJAonNjhAvzHg2d8S59-UegUILHY7RJFicafTE"
"not_accessible","mega_api_error_-9","mega","200","1","Marcos Witt","Varios","Al Que Es Digno-Vencio-25 Conmemorativo - Marcos Witt - MultiTrack","https://mega.nz/file/S6hABDaB#wd_8AA_R-cYkwtI8Rs0VeCnp1ntZz9BjZKN-jJ21_iA"
"not_accessible","mega_api_error_-9","mega","200","1","Marcos Witt","Varios","Has Cambiado-Un Adorador-25 Conmemorativo - MultiTrack","https://mega.nz/file/mihQkRYI#hvchKKqT-SyqueR7UlXkFWx0Rmely33deceAxz4_Ka8"
"not_accessible","mega_api_error_-9","mega","200","1","Marcos Witt","Marcos Witt - Recordando","COROS RECORDANDO","https://mega.nz/file/O2hyGZya#i311VZVe4XVSPqHhNcjxgKcJgd9XyA8_sIv9C-noCOo"
"not_accessible","mega_api_error_-9","mega","200","1","Marcos Witt","12 MultiTrack-Has Cambiado-Un Adorador-G","12 MultiTrack-Has Cambiado-Un Adorador-G","https://mega.nz/file/G7h0FBBA#2I9tHbEBfcD10HyVQS1ufYx4fEO9uQIWFueCt_0D7M8"
"not_accessible","mega_api_error_-9","mega","200","1","Marcos Witt","14 MultiTrack-Tu Fidelidad-F","14 MultiTrack-Tu Fidelidad-F","https://mega.nz/file/L65WCLbA#4tXhGieR52CMmNB5JqavbDoRiLHeaFveQTcjdHvXSio"
"not_accessible","mega_api_error_-9","mega","200","1","Marcos Witt","02 MultiTrack-Poderoso-Aleluya a Nuestro Dios-Bm","02 MultiTrack-Poderoso-Aleluya a Nuestro Dios-Bm","https://mega.nz/file/quhGQLRB#XaEiiRrG9iAuGw1Zt5bKp1KXGsrM9i-Jotd-n1HQ9Ys"
"not_accessible","mega_api_error_-9","mega","200","1","Marcos Witt","03 MultiTrack-Cristo Eres Mi Señor-Tu Harás-En los montes en los Valles-D","03 MultiTrack-Cristo Eres Mi Señor-Tu Harás-En los montes en los Valles-D","https://mega.nz/file/v24EkBjK#xYVeSfcKRJJvsIT6rreU5Sik6wf_Ljelmr4ni1iD06A"
"not_accessible","mega_api_error_-9","mega","200","1","Marcos Witt","01 MultiTrack-Se Oye en las Naciones-Levantate-Gm","01 MultiTrack-Se Oye en las Naciones-Levantate-Gm","https://mega.nz/file/SjgwRBwB#v3ooAjFpO8jJaYYMop7gLjdRMGxBRbwo8iuq3x0XGZA"
"not_accessible","mega_api_error_-9","mega","200","1","Marcos Witt","08 MultiTrack-Tu Mirada-Hermoso Eres-A","08 MultiTrack-Tu Mirada-Hermoso Eres-A","https://mega.nz/file/7z50RJgJ#LIOSsSEdhvbNSiA_8plLHeg251cT_MWD-0095n86apc"
"not_accessible","mega_api_error_-9","mega","200","1","Marcos Witt","Marcos Witt - Alegria ALBUM","03 Alegre Muy Alegre","https://mega.nz/file/H3gCnRgY#8VGqfJkEnVtn_4VKHnsXD3SfauBP6qclSidmJCbj5M8"
"not_accessible","mega_api_error_-9","mega","200","1","Marcos Witt","Marcos Witt - Alegria ALBUM","07 Tomame en Tus Brazos","https://mega.nz/file/OyoGTZzQ#8tkLgOUYJo_xcQVicoh7L22ZYlU1x8tAkOuxc13vZb0"
"not_accessible","mega_api_error_-9","mega","200","1","Marcos Witt","Marcos Witt - Alegria ALBUM","11 Con Todo el Gozo","https://mega.nz/file/7j5W3bZL#bR3PeDsFuv4mjLC-Zw9dMgM76h73j4GnbdgT8Fos-hU"
"not_accessible","mega_api_error_-9","mega","200","1","Marcos Witt","Marcos Witt - Alegria ALBUM","02 Aclama a Dios","https://mega.nz/file/Lm4A3byS#tAU56w_1DdCEC4tbvo662DRcOppNT6w_S_5P0eqf_cE"
"not_accessible","mega_api_error_-9","mega","200","1","Marcos Witt","Marcos Witt - Alegria ALBUM","06 Dios de mi Salvacion","https://mega.nz/file/Ci4wXLTD#a7vKFXW-W5YEiSnfZ6MlN7mpFYONzZaHPoD3f4Fmyw0"
"not_accessible","mega_api_error_-9","mega","200","1","Marcos Witt","Marcos Witt - Alegria ALBUM","01 Mira No Mas","https://mega.nz/file/HugSHBrQ#vaJjk4ENJU8thbikanxsQPtuBAFnHhOvJEr9u6pUr6c"
"not_accessible","mega_api_error_-9","mega","200","1","Marcos Witt","Marcos Witt - Alegria ALBUM","05 Tu Eres El Gozo","https://mega.nz/file/vi4mlRKb#6zGn48dJksw09cIdD2mLJdcWo14odp8E_eeLgJwbjks"
"not_accessible","mega_api_error_-9","mega","200","1","Marcos Witt","Marcos Witt - Alegria ALBUM","09 Fuente de Vida","https://mega.nz/file/Wy50GLBT#oEX0x0OGvf73NwiEiUK-qg7rJ6nAK7xeR-5ReAQicCg"
"not_accessible","mega_api_error_-9","mega","200","1","Marcos Witt","Marcos Witt - Alegria ALBUM","04 Solo en Ti","https://mega.nz/file/an5ChJYL#owXvX0gYz5prwr3RCPg14tttBpBtC17--S1nxMSNLus"
"not_accessible","mega_api_error_-9","mega","200","1","Marcos Witt","Marcos Witt - Alegria ALBUM","08 Cristo Amante de Mi Alma","https://mega.nz/file/vjgkyJ4S#WfrmxR33MdbhCvfy94-CPYlz1gtkahSs9v0MAa65WDY"
"not_accessible","mega_api_error_-9","mega","200","1","Marcos Witt","Marcos Witt - Alegria ALBUM","12 Vive Tu Alegria","https://mega.nz/file/Hjx2CZiT#hkCQy6Nj-G4Zw10LS9QEKXHeOMvLsOYg3A727P1qOzs"
"not_accessible","mega_api_error_-9","mega","200","1","Marcos Witt","Marcos Witt - Alegria ALBUM","10 Tu Me haces tan Feliz","https://mega.nz/file/nj40WJxY#5kOEB1C50PAM9249c1CEg0hko1FKJozNQkt5kZN51Cs"
"not_accessible","mega_api_error_-9","mega","200","1","Marcos Witt","Marcos Witt - Al que es Digno.Venció","MultiTrack-Al Que Es Digno - Vencio-25 Concierto Conmemorativo-D","https://mega.nz/file/erhmhTbb#-o0w23itF1zYmxDGgzYTmvrj-QQ-rumOzapkmYNuOV0"
"not_accessible","mega_api_error_-9","mega","200","1","Marcos Witt","Marcos Witt - Has cambiado. Un adorador (25 conmom)","3. HAS CAMBIADO_UN ADORADOR","https://mega.nz/file/WrpyHZZJ#U2ruYuRSeFdCumGexaTZ-HxrWIfvGVejCwNg8gQTBkI"
"not_accessible","mega_api_error_-9","mega","200","1","Marcos Witt","Marcos Witt -Se oye en las naciones - Levántate (25 conmom)","6. SE OYEN LAS NACIONES_LEVANTATE","https://mega.nz/file/3rp2SbiL#rKEkvJNqzk3lxcacoA_xvE07Uljbnsblt-3B3JvsaCU"
"not_accessible","mega_api_error_-9","mega","200","1","Marcos Witt","Marcos Witt - Tu amor por mi.yo te busco (25 años conmom)","9. TU AMOR POR MI_YO TE BUSCO","https://mega.nz/file/Wi4SmByS#JjKpVko12wGVaF_eQBSRcUVzPHzIXW92pzQONbL_SDU"
"not_accessible","mega_api_error_-9","mega","200","1","Marcos Witt","Dios en todo tiempo","MultiTrack-Dios en todo tiempo (feat. Kelly Speaker)-Jesús Salva-E","https://mega.nz/file/2zpAmDKC#lr0UjHAbx_I--QxrvfsegIqm6EQcqQT0zpBTtGJNw1E"
"not_accessible","mega_api_error_-9","mega","200","1","Marcos Witt","Dios en todo tiempo","MultiTrack-Dios en todo tiempo (feat. Kelly Speaker)-Jesús Salva-Db","https://mega.nz/file/v2ogUZ5A#tMSjLc9j4HcnvXCYwla3_OdO-ZCohb7kaEgisHHMzCQ"
"not_accessible","mega_api_error_-9","mega","200","1","Marcos Witt","Dios en todo tiempo","MultiTrack-Dios en todo tiempo (feat. Kelly Speaker)-Jesús Salva-F","https://mega.nz/file/rnhUGLLZ#1mUiUjG2vebmUWL-_X3XHPj4H7COLZ-2x_z5GNkcXNs"
"not_accessible","mega_api_error_-9","mega","200","1","Marcos Witt","Dios en todo tiempo","MultiTrack-Dios en todo tiempo (feat. Kelly Speaker)-Jesús Salva-Eb","https://mega.nz/file/O7xGmZiK#A0n-pXeAz5jt3ByjYyC0NOJ6tZA9cvQLDqg9FgpkIQ8"
"not_accessible","mega_api_error_-9","mega","200","1","Marcos Witt","Dios en todo tiempo","MultiTrack-Dios en todo tiempo (feat. Kelly Speaker)-Jesús Salva-Bb","https://mega.nz/file/z6oGDRza#9b2aun4WMqUeLzNFMizKt2oRiRv3JctwNik9iukTYMM"
"not_accessible","mega_api_error_-9","mega","200","1","Marcos Witt","Dios en todo tiempo","MultiTrack-Dios en todo tiempo (feat. Kelly Speaker)-Jesús Salva-B","https://mega.nz/file/2v5CAJxA#Z4JhJkieWY3Kw8j_GgHifffbxbfmr8Z-5hGJr5CNxTc"
"not_accessible","mega_api_error_-9","mega","200","1","Marcos Witt","Dios en todo tiempo","MultiTrack-Dios en todo tiempo (feat. Kelly Speaker)-Jesús Salva-D","https://mega.nz/file/z2pAVLQC#srS4VjC85S397mAFIS7cbgeWRZFu0xN2qJf35hDA6ec"
"not_accessible","mega_api_error_-9","mega","200","1","Marcos Witt","Dios en todo tiempo","MultiTrack-Dios en todo tiempo (feat. Kelly Speaker)-Jesús Salva-C","https://mega.nz/file/265CjRqD#VY8O_8vHUpaDPDTWx0d4MGzH-9EiPVLNZuUh4FY19A0"
"not_accessible","mega_api_error_-9","mega","200","1","Marcos Witt","Marcos Witt - Poderoso - Aleluya (25 años conmom)","7. PODEROSO_ALELUYA","https://mega.nz/file/bqoWSTJB#WVgDjYsZ6o0FijZ3yalxcsfbWuuU_hqCcNwLWh_J7ho"
"not_accessible","mega_api_error_-9","mega","200","1","Marcos Witt","Marcos Witt - Cristo es mi Señor.Tu harás.En los montes","8. CRISTO ES MI SEÑOR_TU HARAS_EN LOS MONTES","https://mega.nz/file/Hqok1Zza#rLffEkCwne_oQREHP8zFmmJ5m3NyVHPDYdwnKVAzyEE"
"not_accessible","mega_api_error_-9","mega","200","1","Marcos Witt","Marcos Witt - Cuan bello es el Señor (25 conmo.)","2. CUAN BELLO ES EL SEÑOR","https://mega.nz/file/eyo0gDwR#mS-fCYQaFvl7qcHSkRaVA-lMVvVB_j2USpFcQArC05k"
"not_accessible","mega_api_error_-9","mega","200","1","Marcos Witt","Marcos Witt - Será llena la tierra (25 conmom)","4. SERA LLENA LA TIERRA - ABL","https://mega.nz/file/fj5SnDiJ#5jEgqGx6O4IgyOQl1wUR155hcKKujS7kz0JnUvQQVK8"
"not_accessible","mega_api_error_-9","mega","200","1","Marcos Witt","Marcos Witt - Tiempo pa'brincar","Multitrack de Tiempo Pa Brincar","https://mega.nz/file/DzwUHRBZ#Q2lVO4aZqrH16X5f1nVlEthx95XJM82BiK2B_oqCimg"
"not_accessible","mega_api_error_-9","mega","200","1","Marcos Witt","Marcos Witt - Canción a Dios. Motivo demi canción.Es por ti (25 conmo.)","1. CANCION A DIOS_MOTIVO CANCION_ES POR TI","https://mega.nz/file/S25AybJQ#hApQEFMBDdHmlJlkMrcoo2QTnP-cdS9oWeiqv3Wvtrs"
"not_accessible","mega_api_error_-9","mega","200","1","Marcos Witt","MultiTrack-Mira Sus Manos (feat. Marcos Witt)-Impulso-C / Multitracks","MultiTracks","https://mega.nz/file/a2hSyJhJ#5Y1_FTA5RwD7sAqCIpdRMJYprvfpz5oW-tE1hEPj14g"
"not_accessible","mega_api_error_-9","mega","200","1","Miel San Marcos","Singles / Otros","RCBV Levantate señor   90, 145 y 155 bpm Project","https://mega.nz/file/a6ogUJZS#EZelEBgRKSksTDJpGz1o1HtmLqvW8fQh1JeZgL8J1IA"
"not_accessible","mega_api_error_-9","mega","200","1","Miel San Marcos","Singles / Otros","Dios esta aqui mp3 RCBV","https://mega.nz/file/WvwiVTxA#HgbrByAETaNfI0NgZPFXfEqZrb9BaFHZdBbrWd3flIQ"
"not_accessible","mega_api_error_-9","mega","200","1","Miel San Marcos","Singles / Otros","Amamos Tu Presencia - MSM feat. Marcos Brunet -E","https://mega.nz/file/WzpQ3b5b#5twjvyAcDEz6DyTePIPHxV6ThRf_OVc4DwIGypMCsZU"
"not_accessible","mega_api_error_-9","mega","200","1","Miel San Marcos","Singles / Otros","MSM - Yo creo","https://mega.nz/file/bnh0RLQR#fafCDRLa3uO6T3tysmjaLOD7Cgik41Z_4PbD2HrJHKU"
"not_accessible","mega_api_error_-9","mega","200","1","Miel San Marcos","Singles / Otros","MSM - Medley (No Callaré-Remoliniando)","https://mega.nz/file/avhSEZYY#vg4TNmehUQyY4xZZi99VpMyzQfQU7OHRZwBE_VJ_pMA"
"not_accessible","mega_api_error_-9","mega","200","1","Miel San Marcos","Singles / Otros","MSM - No Hay Lugar mas Alto","https://mega.nz/file/Hq5iEBKb#rZ6Ih71GO3bFsrzQSxznufi3A4w-4bMSuSxzyJPnLTs"
"not_accessible","mega_api_error_-9","mega","200","1","Miel San Marcos","Singles / Otros","MSM - Rey vencedor-Fiesta-Viene ya","https://mega.nz/file/C75EnJgA#cuHUYvg-LScKc7IVwlxBtTIM5S-M0BiWKcm22qwuRoQ"
"not_accessible","mega_api_error_-9","mega","200","1","Miel San Marcos","Singles / Otros","MIEL San Marcos - Rey vencedor-Fiesta-Viene ya","https://mega.nz/file/DupE3TbJ#Vu3uskV_93OimCdMaFuGmLG5hFEHlOk9P8bQ7IMky-o"
"not_accessible","mega_api_error_-9","mega","200","1","Miel San Marcos","Singles / Otros","MSM - Exaltado Estás","https://mega.nz/file/rvwyAbIZ#B6lZLS-1h71ZLu-XU3OyH_FirkMkcGYO7QYuEpxJqiA"
"not_accessible","mega_api_error_-9","mega","200","1","Miel San Marcos","Singles / Otros","MSM - Increible (Bonus Track)","https://mega.nz/file/vjwGHB7I#DkbXueQZiGnpO5YQ5e4cJOXJ0A6WvS1bWogP5Fx6B50"
"not_accessible","mega_api_error_-9","mega","200","1","Miel San Marcos","Singles / Otros","MSM - Increíble","https://mega.nz/file/DzgmhRRT#ZUgWkXg4rpMFrO_bRVJp8WrANvN8b0wZkrwG6efj6lw"
"not_accessible","mega_api_error_-9","mega","200","1","Miel San Marcos","Singles / Otros","MSM - Como En El Cielo (En Vivo)","https://mega.nz/file/L6gQUDzT#aWlItJhOCc3l8ZWf4qidOv9h6Rd0kVPND2AE67Kd8JI"
"not_accessible","mega_api_error_-9","mega","200","1","Miel San Marcos","Singles / Otros","MSM - Alegría","https://mega.nz/file/fnoiDR6B#RPgcyNWBBu_s04q5P6C34yXIWx8HQL4gQgnGlyzwSoM"
"not_accessible","mega_api_error_-9","mega","200","1","Miel San Marcos","Singles / Otros","MSM - Todo Poderoso","https://mega.nz/file/y75SCJrA#JxZA8jm_R986LWfnae58hfYvZn_IXodmIRtcgJHBRdg"
"not_accessible","mega_api_error_-9","mega","200","1","Miel San Marcos","Singles / Otros","MSM - Dios No Está Muerto","https://mega.nz/file/Gr4gWbQZ#diW7WkYKFy3rYpVqKt42ncrdiLaPfMcMLyNIR5O1dP4"
"not_accessible","mega_api_error_-9","mega","200","1","Miel San Marcos","Singles / Otros","MSM - Mi Sanador (En Vivo)","https://mega.nz/file/6vgERZIZ#I_K1OWpq_3rM-78u1WV0PR3lBE8QcVTpJkeOVc0dk14"
"not_accessible","mega_api_error_-9","mega","200","1","Miel San Marcos","Singles / Otros","Tu nombre Miel san Marcos","https://mega.nz/file/ampgmDbL#7oclBzTR1PMh_dGvwZmQ1c9cdjlPTeImBQykOnpPJZU"
"not_accessible","mega_api_error_-9","mega","200","1","Miel San Marcos","Singles / Otros","Rey Vencedor- Fiesta- Viene Ya (En Vivo)-Como En El Cielo-F","https://mega.nz/file/inwi1J6b#KxWQDiRY8bKyJs40oUMtEU6AkBuILm9QR3HsMq6w6No"
"not_accessible","mega_api_error_-9","mega","200","1","Miel San Marcos","Singles / Otros","Impresionante - MSM - MT","https://mega.nz/file/7zxARRqC#oszSa7ilfRLPLfjrTehGBfoQTRjmi0OHprOp29QyMyA"
"not_accessible","mega_api_error_-9","mega","200","1","Miel San Marcos","Singles / Otros","Grande y Fuerte-Proezas-C","https://mega.nz/file/zyoCnbzB#rZPh2h7sN9fUzTL5txxRFEfW3OiU18c1tBzRG03aHgU"
"not_accessible","mega_api_error_-9","mega","200","1","Miel San Marcos","Singles / Otros","Como En El Cielo (En Vivo)-Como En El Cielo-A","https://mega.nz/file/bjowELDC#WwfFcZlThc97Niy7vcBBkQgE5w_amwavsq5ThFI66z4"
"not_accessible","mega_api_error_-9","mega","200","1","Miel San Marcos","Singles / Otros","Unidos-Proezas-D","https://mega.nz/file/vjgW1RSa#NllqeTx1XDxW9MPVUezTBQQ7sLCGh99sgVIagjfGHfg"
"not_accessible","mega_api_error_-9","mega","200","1","Miel San Marcos","Singles / Otros","No Puedo Callar - Miel San Marcos","https://mega.nz/file/Pup0wLST#q0H3ybzuGxsjkUETEXVFUhqQ-VdGLXeIksfMgahe0Xg"
"not_accessible","mega_api_error_-9","mega","200","1","Miel San Marcos","Singles / Otros","Canto danzo salto y yo vencere por RCBV Project","https://mega.nz/file/qmhCFbII#UyMFOKEiEAHiPkxqGrLmbvjc-DS_IX-hJ26jDJGmnsw"
"not_accessible","mega_api_error_-9","mega","200","1","Miel San Marcos","Singles / Otros","Musica del Cielo RCBV Project","https://mega.nz/file/yvhiGBLD#KWGPirHfawJI15o5XZPEIRcG3SyM_Q7PjA7thAM-pP0"
"not_accessible","mega_api_error_-9","mega","200","1","Miel San Marcos","Singles / Otros","Cuando pienso RCBV 155 bpm Project","https://mega.nz/file/i7hwmBII#7F84Ic2yZ5gNJnJIm1ddlwU0htu7FV6mu_R4tWWcry0"
"not_accessible","mega_api_error_-9","mega","200","1","Miel San Marcos","Singles / Otros","Vino celestial  por RCBV 155 bpm Project","https://mega.nz/file/yjoCADKI#GC-MDR7cxtzGzMlOFISI7KFO2lb7rOdd3lCpubejU5g"
"not_accessible","mega_api_error_-9","mega","200","1","Miel San Marcos","Singles / Otros","GLORIFICATE RCBV Project (corregido)","https://mega.nz/file/yyhUhT4I#pylM-uTmf7k3tdjpTJkFdnnfGaznLeZWDBLVAHxsips"
"not_accessible","mega_api_error_-9","mega","200","1","Miel San Marcos","Singles / Otros","Medley Avivamiento (2 de 3)mp3 320kpbs","https://mega.nz/file/mr4mUD6Q#Vzc7oXH5UUcQobFg6Fuy7WeFTJkPWoJ8WH4PrpF3cak"
"not_accessible","mega_api_error_-9","mega","200","1","Miel San Marcos","Singles / Otros","MSM - Como en el cielo","https://mega.nz/file/mjpAjBpJ#haZubVMbexq6S75xoDN7cNPaGFSshTeK6CRIGTVzW2g"
"not_accessible","mega_api_error_-9","mega","200","1","Miel San Marcos","Singles / Otros","MSM - Desciende","https://mega.nz/file/KjoSHRqB#VU0c_eWBCvwOkHYmvXrDC50AukH6FwIP6foZw3yLynY"
"not_accessible","mega_api_error_-9","mega","200","1","Miel San Marcos","Singles / Otros","MultiTrack-Medley (No Callaré-Remoliniando)-Proezas-C","https://mega.nz/file/nipCQbQT#EGzRQLemojdILq4zP4ICfzEPdGG3AfR4kGK7E-1-Fbk"
"not_accessible","mega_api_error_-9","mega","200","1","Miel San Marcos","Singles / Otros","MultiTrack-Yo Creo-Tu Habitación-Eb","https://mega.nz/file/P3xghBDL#qVuCBgzMALy8xesWQDFcqm2Y6hJpkp8fMjC9zRE5g4g"
"not_accessible","mega_api_error_-9","mega","200","1","Miel San Marcos","Singles / Otros","MultiTrack-Yo Creo-Tu Habitación-Db","https://mega.nz/file/r3pACL6S#gOunCrIjeXdATYXV0zl0Kbf5Oni97AxMTJK-FJy5ESg"
"not_accessible","mega_api_error_-9","mega","200","1","Miel San Marcos","Singles / Otros","MultiTrack-Yo Creo-Tu Habitación-D","https://mega.nz/file/PnwwCLQS#F-bSQmGoRBAHhbW2aC-Ll64I0YB_XOuVjCFyvYt6Kc4"
"not_accessible","mega_api_error_-9","mega","200","1","Miel San Marcos","Singles / Otros","MultiTrack-Yo Creo-Tu Habitación-B","https://mega.nz/file/bngglD7B#Kfm4Yzoqf9CSEw6IIDH0HQltwp7XMkyrbUEqPWzHBbI"
"not_accessible","mega_api_error_-9","mega","200","1","Miel San Marcos","Singles / Otros","MultiTrack-Yo Creo-Tu Habitación-Ab","https://mega.nz/file/Puwi0L7C#O8YCZmaHNwyAkg1sZzwnsUwhx8_XkKDMahPRO5IykSQ"
"not_accessible","mega_api_error_-9","mega","200","1","Miel San Marcos","Singles / Otros","MultiTrack-Yo Creo-Tu Habitación-A","https://mega.nz/file/ruwCERbZ#IM63NSgK_QtImaluck_SRxdbHKlT21-joVrcVUzx3wU"
"not_accessible","mega_api_error_-9","mega","200","1","Miel San Marcos","Singles / Otros","MultiTrack-Yo Creo-Tu Habitación-Bb","https://mega.nz/file/qipQHbJB#ayM2SGlpntFyrqN817ESunvRn2kbfKinntgokFaTqn8"
"not_accessible","mega_api_error_-9","mega","200","1","Miel San Marcos","Singles / Otros","Como en el Cielo rcbv Project","https://mega.nz/file/OvhGkDIb#5m5GYWEjWDujdzsgQz7NZtWPSG3RLZDGBN1fj2Nhj-Q"
"not_accessible","mega_api_error_-9","mega","200","1","Miel San Marcos","Singles / Otros","Mi Sanador Multi por RCBV","https://mega.nz/file/KrwyXDLJ#oryT6jQn6Es47Om6c0Bt9-d49o2zSWJmtLc7LElzj0o"
"not_accessible","mega_api_error_-9","mega","200","1","Miel San Marcos","Singles / Otros","GUITARRAS INCREIBLE","https://mega.nz/file/nngGTTZB#WyfKVV3howWjCdWHqpkqytbRd0YgOdIpgSmSIqr071E"
"not_accessible","mega_api_error_-9","mega","200","1","Miel San Marcos","Singles / Otros","Popurri  rey vencedor alegria viene ya RCBV Project","https://mega.nz/file/7v4QTJJA#h4p6YuceyqGIwSxx8pUO9h2zqR2iH7GFL3-mhwwMjdo"
"not_accessible","mega_api_error_-9","mega","200","1","Miel San Marcos","Singles / Otros","GLORIFICATE RCBV Project","https://mega.nz/file/CuxSDTxI#nPwLOwmRZzofWV70NpQiyL4p4tCg-wnhxnmUo3Yw6h8"
"not_accessible","mega_api_error_-9","mega","200","1","Miel San Marcos","Singles / Otros","Eres Dios MSM por RCBV","https://mega.nz/file/T25yWTrA#ZRUWkdlmxTzCSk1_5Afy8rKUeaKcR82f4Ys_ZksltUs"
"not_accessible","mega_api_error_-9","mega","200","1","Miel San Marcos","Singles / Otros","sec","https://mega.nz/file/6zgEFbiY#-qf87ZNunBCzqc-NBl5XKHae5Ybnr6Sl90I4-3caBHY"
"not_accessible","mega_api_error_-9","mega","200","1","Miel San Marcos","Singles / Otros","sec 2","https://mega.nz/file/Xy4gjZTB#G3smAzxTA50i-3u2GChfujfsKrSERw7rs-cKOWW7HaY"
"not_accessible","mega_api_error_-9","mega","200","1","Miel San Marcos","Singles / Otros","guitarras electricas bateria y bajo","https://mega.nz/file/Wuhm1BgQ#tBItKehvDPOzksHmFZ9YbHTGpDbyyYx_qXDXZqeDrwI"
"not_accessible","mega_api_error_-9","mega","200","1","Miel San Marcos","Singles / Otros","MultiTrack-Yo Creo-Tu Habitación-C","https://mega.nz/file/nqwQDJqB#-XPr4Q518l6WmUci2GtbNqXznAYHu5F7u-GBShfr2oM"
"not_accessible","mega_api_error_-9","mega","200","1","Miel San Marcos","Singles / Otros","MSM_Tu Habitación-C","https://mega.nz/file/au52EZaD#27D7-ZVRVKVMfoquGdd4UC5rDKbxnT18A4bEaRVMg_M"
"not_accessible","mega_api_error_-9","mega","200","1","Miel San Marcos","Singles / Otros","Agradecido po RCBV Project","https://mega.nz/file/DihQzbwL#Zxi5eYe6TO_GLQYaTAVTIypQKYSce17yFeCFsww9GVc"
"not_accessible","mega_api_error_-9","mega","200","1","Miel San Marcos","Singles / Otros","Tu nombre por RCBV Project","https://mega.nz/file/nm5EHBRD#QLwkjMPZAHG4DRivNmjH3hsQwj0nCu016UWIFxnz87E"
"not_accessible","mega_api_error_-9","mega","200","1","Miel San Marcos","Singles / Otros","Amamos Tu presencia Multi","https://mega.nz/file/7upghRKK#Krf38g3vijv2wWwIS4bNV3l7pXrz_51mSK4TRjuXgYM"
"not_accessible","mega_api_error_-9","mega","200","1","Miel San Marcos","Singles / Otros","medely proezas RCBV  Project","https://mega.nz/file/3m5WwRRL#64JENFR1EAjyZR9eU_QB-_Ulks3tde6mlJaZ2n8eMlc"
"not_accessible","mega_api_error_-9","mega","200","1","Miel San Marcos","Singles / Otros","Los Muros RCBV 152 bpm Project","https://mega.nz/file/Ozg0DLIb#Xq2eb1wmXVDzWnuH9x_MwnWioIu5fQsJjmnYC4Sj7O4"
"not_accessible","mega_api_error_-9","mega","200","1","Miel San Marcos","Singles / Otros","Grande y Fuerte RCBV Project","https://mega.nz/file/emhkjZwC#1lpfBIdGY78_rtsC2hnpkecQ2X4rfghni3QFUmXrPkU"
"not_accessible","mega_api_error_-9","mega","200","1","Miel San Marcos","Singles / Otros","desciende MSM sin intro RCBV Project","https://mega.nz/file/TjhQBL7I#l-P41AXkhaiytI9nvB8xuPaJA0Yk-65KzUOvz_0hL_U"
"not_accessible","mega_api_error_-9","mega","200","1","Miel San Marcos","Singles / Otros","Increible MSM","https://mega.nz/file/OzgEADYb#DqC18y5QAXoExQzSYAwtnYcu_X4gvLcZdZWpbJl6wAo"
"not_accessible","mega_api_error_-9","mega","200","1","Miel San Marcos","Singles / Otros","musica del cielo 148 Project","https://mega.nz/file/yzxC0LhQ#jPVPnfMXpJgE9rABAcVIPfESU9KHNWdbtQ9w_kVO2Qg"
"not_accessible","mega_api_error_-9","mega","200","1","Miel San Marcos","Singles / Otros","rey vencedor, fiesta, viene ya 150 bpm","https://mega.nz/file/TrwUADCZ#Roputora2KJY0NtbTqtUkTNAQZlvLSlGEQDpA23Vu5o"
"not_accessible","mega_api_error_-9","mega","200","1","Miel San Marcos","Singles / Otros","Medley Proezas Project","https://mega.nz/file/uixAhRTS#_g3Ew3UvrHbvv4Su7d6W5LxoN95XZ6abSZ23JQXdYhI"
"not_accessible","mega_api_error_-9","mega","200","1","Miel San Marcos","Singles / Otros","Agradecido-Proezas-Original","https://mega.nz/file/36ogzDTK#LEIuoG2co2_fc1YuzlU5Y2AGsI_Q8-4vNSpIGuS3jhI"
"not_accessible","mega_api_error_-9","mega","200","1","Miel San Marcos","Singles / Otros","Todo Poderoso","https://mega.nz/file/jyoW1TqY#JxZA8jm_R986LWfnae58hfYvZn_IXodmIRtcgJHBRdg"
"not_accessible","mega_api_error_-9","mega","200","1","Miel San Marcos","Singles / Otros","proezas","https://mega.nz/file/XmoGiBCL#23shK36yI7h0F_IkdRaE1zvEzhdfAwNopAfcQS4vekg"
"not_accessible","mega_api_error_-9","mega","200","1","Miel San Marcos","Singles / Otros","Increible 132 bpm Project","https://mega.nz/file/j2oCHLgS#Sk5zOx7mSfoYbHHa4ubZVfkHJjJI10LQhPvDY5FaL7w"
"not_accessible","mega_api_error_-9","mega","200","1","Miel San Marcos","Singles / Otros","Mi Sanador (En Vivo)","https://mega.nz/file/q350hJAA#I_K1OWpq_3rM-78u1WV0PR3lBE8QcVTpJkeOVc0dk14"
"not_accessible","mega_api_error_-9","mega","200","1","Miel San Marcos","Singles / Otros","Dios No Está Muerto 130bpm B","https://mega.nz/file/OnxmXRRY#GQ4TNE_13vWlYsOZJcAsj5GUMyfsJWd1H2vIGRKxtf0"
"not_accessible","mega_api_error_-9","mega","200","1","Miel San Marcos","Singles / Otros","Vino celestial","https://mega.nz/file/OqwmGTgS#-BjskzKWnd0YLBrBYn4lDrt4vK8xj15N9D5UN4di3Yk"
"not_accessible","mega_api_error_-9","mega","200","1","Miel San Marcos","Singles / Otros","Exaltado Estás (En Vivo)-Como En El Cielo-C Project","https://mega.nz/file/y6pygTZL#x7PAVyJLOVMvNleI5srPrTUHka4xBU8OJUnhcTtHCCM"
"not_accessible","mega_api_error_-9","mega","200","1","Miel San Marcos","Singles / Otros","Eres Dios con Intro","https://mega.nz/file/ujgQGLwa#lTcF7dMMTIXGbDi2Brtalis7mzYD698t2gu-EkYaW5U"
"not_accessible","mega_api_error_-9","mega","200","1","Miel San Marcos","Singles / Otros","como en el cielo 135 bpm Project","https://mega.nz/file/Tm5GSLQZ#gdbVKyOoxk1LqsgJckSmPPHHz5ZC6qei1DSpXCORquo"
"not_accessible","mega_api_error_-9","mega","200","1","Miel San Marcos","Singles / Otros","Cuando pienso 155 bpm","https://mega.nz/file/Si52lR7S#yddPy2Kk1VOC5QaSyTECknZL8QULSmUmxINPZsNufDE"
"not_accessible","mega_api_error_-9","mega","200","1","Miel San Marcos","Singles / Otros","Alegría(En Vivo) 150 bpm Cm","https://mega.nz/file/v3xwFRKI#uXydGLQtlC4CffubX1hNq5kR8sSQ1eEWlKG6UKpSGcE"
"not_accessible","mega_api_error_-9","mega","200","1","Miel San Marcos","Singles / Otros","Desciende (En Vivo)-Como En El Cielo-D","https://mega.nz/file/vngCzJIb#rjXhBUlf1gc1VWuFCJ07_J2jpzO6g266oJ3Wpe3Q-3U"
"not_accessible","mega_api_error_-9","mega","200","1","Miel San Marcos","Singles / Otros","amamos tu presencia 140bpm","https://mega.nz/file/fu5EFLqZ#Psz6qcB0qe0TuuVr3x9VrLEckb06TiQDTi0w5oSAGCQ"
"not_accessible","mega_api_error_-9","mega","200","1","Miel San Marcos","Singles / Otros","MultiTrack-Posible Para Dios (feat. Miel San Marcos)-Con Furia Me Amó-A","https://mega.nz/file/zy4gmZhC#BJq6eLd19b0SZpEpcUHV4Q2eugmaOiWlLyrHG1J769o"
"not_accessible","mega_api_error_-9","mega","200","1","Miel San Marcos","Singles / Otros","MultiTrack-Exaltado Estás (En Vivo)-Como En El Cielo-C","https://mega.nz/file/v2w0RTSa#q_z67ijSJeReOsQeN1_sGKcTQtILgFeO1RGlOunKIHI"
"not_accessible","mega_api_error_-9","mega","200","1","Miel San Marcos","Singles / Otros","MultiTrack-No Hay Lugar Más Alto (Bonus Track)-Como En El Cielo-D","https://mega.nz/file/jipQ0bBJ#42vE8upCGeJ6tC3vvpHIWEagLo2F0YRhKP8wGcbj9yE"
"not_accessible","mega_api_error_-9","mega","200","1","Miel San Marcos","Singles / Otros","MultiTrack-No Hay Lugar Más Alto (En Vivo) Feat. Christine D'Clario-Como En El Cielo-D","https://mega.nz/file/SqwgzB5I#voa2etosc9cP_u_Ua4XStbPfJCiKlMkUWvxIBpmgg9k"
"not_accessible","mega_api_error_-9","mega","200","1","Miel San Marcos","Singles / Otros","MultiTrack-Increible (Bonus Track)-Como En El Cielo-C","https://mega.nz/file/S6oWUR6B#O10CYvrhDngyGMStjbZaLl-M0BcVGEUr3hWaFQMaLcw"
"not_accessible","mega_api_error_-9","mega","200","1","Miel San Marcos","Singles / Otros","MultiTrack-Incredible (En Vivo)-Como En El Cielo-C","https://mega.nz/file/r7oChJ6S#0PLACRw8GZfgo-MZAQaUU7cB3cSfFSsBLjCeUDmRShg"
"not_accessible","mega_api_error_-9","mega","200","1","Miel San Marcos","Singles / Otros","MultiTrack-Como En El Cielo (En Vivo)-Como En El Cielo-C","https://mega.nz/file/77pSmT4R#1F0XhiLPPrvI9WtYSTXQPhSOUNMxf-S9KT-WCzMYqDE"
"not_accessible","mega_api_error_-9","mega","200","1","Miel San Marcos","Singles / Otros","MultiTrack-Todo Poderoso (En Vivo) Feat. Julio Melgar-Como En El Cielo-G","https://mega.nz/file/mzxUhTCb#_JDUtwysKnvvtV4c2r-DGgNSvDryLQdzibKvc1cnKGo"
"not_accessible","mega_api_error_-9","mega","200","1","Miel San Marcos","Singles / Otros","MultiTrack-Increíble (feat. Evan Craft)-Tu Habitación-Bb","https://mega.nz/file/nr4WWRRa#_YG6HV6RnyYMDno1UqufDH7CWFpWPPuGkb7FE38fo4U"
"not_accessible","mega_api_error_-9","mega","200","1","Miel San Marcos","Singles / Otros","MultiTrack-Exaltado-Tu Habitación-C","https://mega.nz/file/mnpwFJBJ#8LO7wqXVIWKsO_5nHxw-bEcUCLP7b__rj4RcC36uY-s"
"not_accessible","mega_api_error_-9","mega","200","1","Miel San Marcos","Singles / Otros","MultiTrack-Como en e Cielo-Tu Habitaci¢n-Bb","https://mega.nz/file/PnpSVLDC#7mT34Hka2m5cTG2SZ36sT3SaK0f9iqVePscAHetknr4"
"not_accessible","mega_api_error_-9","mega","200","1","Miel San Marcos","Singles / Otros","MultiTrack-Tu Habitaci¢n-Tu Habitaci¢n-C","https://mega.nz/file/zqgWAB7I#27D7-ZVRVKVMfoquGdd4UC5rDKbxnT18A4bEaRVMg_M"
"not_accessible","mega_api_error_-9","mega","200","1","Miel San Marcos","Singles / Otros","MultiTrack-Tu Nombre-Tu Habitación-D","https://mega.nz/file/Pj5ChDqR#rjPgnn3P3EJ1wpiVCwvzJnb6MXSr9eJwLgbhPy7Gh2s"
"not_accessible","mega_api_error_-9","mega","200","1","Miel San Marcos","Singles / Otros","Danzo en el río - MSM (135 bpm)","https://mega.nz/file/S7pw2biJ#HkWbQN1e1i-RIyAkoNG__dDoKxX5b095I0JIb6suZ4U"
"not_accessible","mega_api_error_-9","mega","200","1","Miel San Marcos","Singles / Otros","MultiTrack-Como En El Cielo-Seamos Luz-Db","https://mega.nz/file/vy4gUD6b#sDAHlh2S9V3Kxhgf6s_EcHas5s-c_uQZKvT0oDVqtmA"
"not_accessible","mega_api_error_-9","mega","200","1","Miel San Marcos","Singles / Otros","08 MultiTrack-Mi Sanador (En Vivo)-Como En El Cielo-C","https://mega.nz/file/CuwwyBAL#uP35LiXjqEE3L5VAW9E8wXxivDjJasYCRmY2aqUHDDI"
"not_accessible","mega_api_error_-9","mega","200","1","Miel San Marcos","Singles / Otros","01 MultiTrack-Rey Vencedor- Fiesta- Viene Ya (En Vivo)-Como En El Cielo-F","https://mega.nz/file/O3p0TDaK#tYr383m8wKCchuOZ8KifTFbXGfrxjAI1RmU7zvGhZuk"
"not_accessible","mega_api_error_-9","mega","200","1","Miel San Marcos","Singles / Otros","MSM Desciende (En Vivo)-Como En El Cielo-D","https://mega.nz/file/SnwQAB6Y#xxrEg1etuh9Tv8AA13_CMT76lYEBhVSMhVaCKirnqk8"
"not_accessible","mega_api_error_-9","mega","200","1","Miel San Marcos","Singles / Otros","MSM Incredible (En Vivo)-Como En El Cielo-C","https://mega.nz/file/f3gmnTAQ#0PLACRw8GZfgo-MZAQaUU7cB3cSfFSsBLjCeUDmRShg"
"not_accessible","mega_api_error_-9","mega","200","1","Miel San Marcos","Singles / Otros","MSM Vino celestial  por RCBV 155 bpm Project","https://mega.nz/file/HioSxR6C#GC-MDR7cxtzGzMlOFISI7KFO2lb7rOdd3lCpubejU5g"
"not_accessible","mega_api_error_-9","mega","200","1","Miel San Marcos","Singles / Otros","MSM Amamos Tu Presencia - MSM feat. Marcos Brunet -E","https://mega.nz/file/ru52xbAT#5twjvyAcDEz6DyTePIPHxV6ThRf_OVc4DwIGypMCsZU"
"not_accessible","mega_api_error_-9","mega","200","1","Miel San Marcos","Singles / Otros","MSM Dios Está Aquí (En Vivo)-Como En El Cielo-A","https://mega.nz/file/Cnpw2BaQ#GCSVQ3qpeYgwGgY8468DAwMrArsHGrPQSdB3RFLUVl4"
"not_accessible","mega_api_error_-9","mega","200","1","Miel San Marcos","Singles / Otros","MSM Proezas-Proezas-A","https://mega.nz/file/vjpiTLzJ#Q2dvuAFjHIlSekmZQ4hHYVKx7SzFmbiKYJ3_NNfnDEA"
"not_accessible","mega_api_error_-9","mega","200","1","Miel San Marcos","Singles / Otros","MSM_Evan Craft-INCREIBLE_Tu Habitación C","https://mega.nz/file/6zoUVLaZ#IJaifmbFsowsG04-sJ68HZBJMnleEubnNm6wk4I7jPs"
"not_accessible","mega_api_error_-9","mega","200","1","Miel San Marcos","Singles / Otros","MSM Canto danzo salto y yo vencere por RCBV Project","https://mega.nz/file/6mpyQZ7a#UyMFOKEiEAHiPkxqGrLmbvjc-DS_IX-hJ26jDJGmnsw"
"not_accessible","mega_api_error_-9","mega","200","1","Miel San Marcos","Singles / Otros","MSM Agradecido-Proezas-Original","https://mega.nz/file/DroGXDLR#LEIuoG2co2_fc1YuzlU5Y2AGsI_Q8-4vNSpIGuS3jhI"
"not_accessible","mega_api_error_-9","mega","200","1","Miel San Marcos","Singles / Otros","MSM Cuando pienso RCBV 155 bpm Project","https://mega.nz/file/jqxQHRhb#7F84Ic2yZ5gNJnJIm1ddlwU0htu7FV6mu_R4tWWcry0"
"not_accessible","mega_api_error_-9","mega","200","1","Miel San Marcos","Singles / Otros","MSM Eres Dios MSM por RCBV","https://mega.nz/file/H7oCFTgA#ZRUWkdlmxTzCSk1_5Afy8rKUeaKcR82f4Ys_ZksltUs"
"not_accessible","mega_api_error_-9","mega","200","1","Miel San Marcos","Singles / Otros","MSM Rey Vencedor- Fiesta- Viene Ya (En Vivo)-Como En El Cielo-F","https://mega.nz/file/HioyUTba#tYr383m8wKCchuOZ8KifTFbXGfrxjAI1RmU7zvGhZuk"
"not_accessible","mega_api_error_-9","mega","200","1","Miel San Marcos","Singles / Otros","MSM_Yo Creo-Tu Habitación-C","https://mega.nz/file/Krgihb5K#NmO-O9_PuXlPH8NpGJk8W3j7-Zqvb52q6v9P_sZdVrA"
"not_accessible","mega_api_error_-9","mega","200","1","Miel San Marcos","Singles / Otros","MSM GLORIFICATE RCBV Project (corregido)","https://mega.nz/file/am5inJBA#pylM-uTmf7k3tdjpTJkFdnnfGaznLeZWDBLVAHxsips"
"not_accessible","mega_api_error_-9","mega","200","1","Miel San Marcos","Singles / Otros","MSM Tu Habitaci¢n-Tu Habitaci¢n-C","https://mega.nz/file/jjpghRKA#27D7-ZVRVKVMfoquGdd4UC5rDKbxnT18A4bEaRVMg_M"
"not_accessible","mega_api_error_-9","mega","200","1","Miel San Marcos","Singles / Otros","MultiTrack-MSM-Increíble (feat. Evan Craft)-Tu Habitación-Bb","https://mega.nz/file/Pq4yzByZ#GYUuTNwB84ciXxKc_gZaeaKKWfr8QNNTZDgwkottr-8"
"not_accessible","mega_api_error_-9","mega","200","1","Miel San Marcos","Proezas - Miel San Marcos - MultiTracks","Proezas Miel San Marcos (Multitrack)","https://mega.nz/file/mux0XJgZ#CRUfF2yNfQ0ws-09mYnvXF1bmWSTSmO4rx5-omH87r8"
"not_accessible","mega_api_error_-9","mega","200","1","Miel San Marcos","Proezas - Miel San Marcos - MultiTracks","No Callaré-Remoliniando - Miel San Marcos - MultiTrack","https://mega.nz/file/2rpgTZqJ#6bKEEcUv4mzHElZS-oNDuEgkjApU3cLo8tN8K61GGkI"
"not_accessible","mega_api_error_-9","mega","200","1","Miel San Marcos","Proezas - Miel San Marcos - MultiTracks","Medley Proezas - Miel San Marcos - MultiTrack","https://mega.nz/file/3ngSybjK#2wTFkaO-WRAJb2J9oa9YKunRouWZprkRkEIUibtb_J0"
"not_accessible","mega_api_error_-9","mega","200","1","Miel San Marcos","Proezas - Miel San Marcos - MultiTracks","Los muros caeran - Miel San Marcos - Multitrack","https://mega.nz/file/au4ERJZY#rBCRhfddxMutwW2tlGw1rK2MNX-OqLj2arSHc0B9Gg8"
"not_accessible","mega_api_error_-9","mega","200","1","Miel San Marcos","Pentecostés 2018 - Miel San Marcos - MultiTracks","12. MultiTrack-Medley (Mereces Gloria-Te Exalto)-Pentecostés-G","https://mega.nz/file/r6wmRTDJ#WkOXawCynJjpLZneLNFgdI_0Cqs3BeL4XraO7eFUriQ"
"not_accessible","mega_api_error_-9","mega","200","1","Miel San Marcos","Pentecostés 2018 - Miel San Marcos - MultiTracks","13. MultiTrack-Soy Feliz (feat. Waleska Morales & Matthew Morales)-Pentecostés-C","https://mega.nz/file/jzxA3L5b#R_-OgRUbi16R1026PCFq0d0DZTF2Y5u_fvs8RVIP1Fg"
"not_accessible","mega_api_error_-9","mega","200","1","Miel San Marcos","Pentecostés 2018 - Miel San Marcos - MultiTracks","8. MultiTrack-Abba Padre Ft. Marcela Gandara","https://mega.nz/file/fu4QgL4Q#JrKeQrRuLTA3b5uNd-COvQWTNw1oAjPk4jNc345ENhY"
"not_accessible","mega_api_error_-9","mega","200","1","Miel San Marcos","Pentecostés 2018 - Miel San Marcos - MultiTracks","11. MultiTrack-Me Acerco-Pentecostés-A","https://mega.nz/file/TmwWBTxL#4CX0AaV6rqQ5jX_xspk_cqk5if4q_B4kk28CZv8Jp5k"
"not_accessible","mega_api_error_-9","mega","200","1","Miel San Marcos","Pentecostés 2018 - Miel San Marcos - MultiTracks","7. MultiTrack-Hay Victoria","https://mega.nz/file/63w0nZ4L#rgFtoTIzIAgdN8lHHSpDAw7gpD6sHiVINmhbs40WpGw"
"not_accessible","mega_api_error_-9","mega","200","1","Miel San Marcos","Pentecostés 2018 - Miel San Marcos - MultiTracks","10. MultiTrack-Libre-Pentecostés-C","https://mega.nz/file/Kr4W0LzL#teQ4-v-ZRhmiAx2mMI5xUETxDdWWQbvaL56R2UuuyXc"
"not_accessible","mega_api_error_-9","mega","200","1","Miel San Marcos","Pentecostés 2018 - Miel San Marcos - MultiTracks","9. MultiTrack-Me Enamoro Mas","https://mega.nz/file/3zpGBTKR#Rw4MBfc_5lAf24bfzr_1w5qih4EAc_Ghpr855Sa1MVY"
"not_accessible","mega_api_error_-9","mega","200","1","Miel San Marcos","Pentecostés 2018 - Miel San Marcos - MultiTracks","6. MultiTrack-Medley (El Poderoso de Israel-Cuando Pienso)-Pentecostés-Eb","https://mega.nz/file/XjpCHL7J#0RXwEKYeQJ_4r4_S2C4iY31dCS_Z0UXhnyAedaRDTM0"
"not_accessible","mega_api_error_-9","mega","200","1","Miel San Marcos","Pentecostés 2018 - Miel San Marcos - MultiTracks","4. Multitrack Viento Recio","https://mega.nz/file/KzhG1DzL#AGkGnU0x0r8Ne08KE3RLgHOHKKceapSC06u-m4f3Xdk"
"not_accessible","mega_api_error_-9","mega","200","1","Miel San Marcos","Pentecostés 2018 - Miel San Marcos - MultiTracks","3. MultiTrack-Danzo en el Rio-Danzo en el Rio-D","https://mega.nz/file/O3wyURBb#K5-MDfV4SarU58UcA07UchZhEz4loyjz5xfQcr-huPs"
"not_accessible","mega_api_error_-9","mega","200","1","Miel San Marcos","Pentecostés 2018 - Miel San Marcos - MultiTracks","5. MultiTrack-Medley (Invencible-Bautizame)-Pentecostes-F","https://mega.nz/file/O2xwiRhQ#dSgre6z2rX3dwvGA9xGE6qjAhCD1N-DP4yzsIX9o1vo"
"not_accessible","mega_api_error_-9","mega","200","1","Miel San Marcos","Pentecostés 2018 - Miel San Marcos - MultiTracks","1. Multitrack Bienvenido Espíritu Santo (Feat. Marco Barrientos)","https://mega.nz/file/Hn4CBTpa#Ayld9Gxt6MLM_eNj-y8EFsbueO7tR845icE2ff7mMt0"
"not_accessible","mega_api_error_-9","mega","200","1","Miel San Marcos","Pentecostés 2018 - Miel San Marcos - MultiTracks","2. Multitrack Solo Hay Uno","https://mega.nz/file/GygEgLbK#A6l2tRIfFYbxaDleHoTt7RJ50MofHtn6QJ36VvfVwcs"
"not_accessible","mega_api_error_-9","mega","200","1","Miel San Marcos","Como en el Cielo - Miel san Marcos - MultiTracks","Increíble - Miel San Marcos - MultiTrack","https://mega.nz/file/C6p2WbTT#xpzi259FTZgkl354nwPQ47sBrGrg9XrWe8cXCx4_dok"
"not_accessible","mega_api_error_-9","mega","200","1","Miel San Marcos","Como en el Cielo - Miel san Marcos - MultiTracks","Como En El Cielo - Miel San Marcos - MultiTrack","https://mega.nz/file/275UCDBQ#aWgUwQzf6bkmblNGHxeYoukZLrE_AaPOGVw_PSpIdpM"
"not_accessible","mega_api_error_-9","mega","200","1","Miel San Marcos","Como en el Cielo - Miel san Marcos - MultiTracks","Exaltado Estas - Miel San Marcos - MultiTrack","https://mega.nz/file/SnxiUThC#cmBgqfPRuWmXK46soH4VAoILSiYSn1daBKOODQhlr04"
"not_accessible","mega_api_error_-9","mega","200","1","Miel San Marcos","Como en el Cielo - Miel san Marcos - MultiTracks","Alegria - Miel San Marcos - MultiTrack","https://mega.nz/file/m7o2xDQL#-aAWjEX_sSLS9-xu6lY9U1NJfMfW2YgZ-_MS57NcygQ"
"not_accessible","mega_api_error_-9","mega","200","1","Miel San Marcos","Como en el Cielo - Miel san Marcos - MultiTracks","Dios esta aqui - Miel San Marcos - MultiTrack","https://mega.nz/file/bnh21JJT#-q9Jc6rnOJaGCQRTUdLJX8TGBigFafuE76O3SLX_tfg"
"not_accessible","mega_api_error_-9","mega","200","1","Miel San Marcos","Como en el Cielo - Miel san Marcos - MultiTracks","Mi Sanador - Miel San Marcos - MultiTrack","https://mega.nz/file/uiwC0R5D#mpgdC_ik5jGa_bU135u2siZ4Rq5hgu0ruGLfWbByxm0"
"not_accessible","mega_api_error_-9","mega","200","1","Miel San Marcos","Como en el Cielo - Miel san Marcos - MultiTracks","Desciende - Miel San Marcos - MultiTrack","https://mega.nz/file/O6h0BZIa#fDYzh-KKTFXsScRVY7I0PZqTOs3D98fTLjicS4A4xF0"
"not_accessible","mega_api_error_-9","mega","200","1","Miel San Marcos","Varios","Ven Desciende - Miel San Marcos- Multitracks","https://mega.nz/file/O350wJwC#ZOW8ErpX0x_6ZJkFceIT812zmeH_DIgtJNDZaWj-iww"
"not_accessible","mega_api_error_-9","mega","200","1","Miel San Marcos","Varios","Musica del Cielo - Miel San Marcos - MultiTrack","https://mega.nz/file/bigiwL5b#Q7EBLxc5C0x2ml4-1Efti2k-Vqi5Ij-dfM53nN92Vyc"
"not_accessible","mega_api_error_-9","mega","200","1","Miel San Marcos","Varios","Eres mi Escudo y Yo Vencere - Miel San Marcos - MultiTrack","https://mega.nz/file/bugEQRRQ#RUqAsKZU6_MtWjsZuJxvpmXCQiJQSdFi5R7nnmd04h4"
"not_accessible","mega_api_error_-9","mega","200","1","Miel San Marcos","Varios","Canto danzo salto y yo vencere - Miel San Marcos - MultiTrack","https://mega.nz/file/K6pkHBCZ#M20KgkpfqXqACEOUmUk5_byJ6VFq71DoGaZr7RH8gpc"
"not_accessible","mega_api_error_-9","mega","200","1","Miel San Marcos","Varios","Yo Creo - Miel San Marcos - MultiTrack","https://mega.nz/file/vy4U1D5Z#6dJNRBhSWxcmAWNebA05THR3W5cNmScdS-g9yueneqg"
"not_accessible","mega_api_error_-9","mega","200","1","Miel San Marcos","Varios","Levantate Señor - Miel San Marcos - MultiTrack","https://mega.nz/file/Ci42VTAI#qJRWlommQz6ltEtRu46bwmj4mvX4GsazBu3OgDCwgK4"
"not_accessible","mega_api_error_-9","mega","200","1","Miel San Marcos","Varios","Eres Dios - Mial San Marcos - MultiTrack","https://mega.nz/file/auxEWRaA#LSu5GI0kRhe1xhWhYews4FjVIdGIXQjmxmzVRpKkyd0"
"not_accessible","mega_api_error_-9","mega","200","1","Miel San Marcos","Varios","Grande y Fuerte (feat Talles Roberto) - Miel San Marcos - MultiTrack","https://mega.nz/file/vrxUELQA#EZ-vBS_Ft2RvhkA-5HRh0oJ84YuEqtkWFyuMMfOGQm0"
"not_accessible","mega_api_error_-9","mega","200","1","Miel San Marcos","MultiTrack-Medley (Invencible-Bautizame)-Pentecostes-F","MultiTracks","https://mega.nz/file/O64mjZiL#l6L7zZm7ln-iPX9yYFlI_krLk3SrfJtaDgxTYr_Wiig"
"not_accessible","mega_api_error_-9","mega","200","1","Miel San Marcos","Album - Multitrack - Como en el Cielo - Miel San Marcos / 04 Alegria (En Vivo)","MultiTrack-Alegría (En Vivo)-Como En El Cielo-Cm","https://mega.nz/file/vywSlBpJ#pXb-A0z_cPU2Zd7om4RJJMgZy8CLP1xV5WDQ7LAivpc"
"not_accessible","mega_api_error_-9","mega","200","1","Passion","Singles / Otros","Medley_I Love You Lord_Passion (Acoustic)-Youth Revival Acoustic-E","https://mega.nz/file/qq5iTTbI#mLxhcKR2nItR4rrb6mqTeHNVFdgXDgCjnJ0PXQbwLpg"
"not_accessible","mega_api_error_-9","mega","200","1","Passion","Singles / Otros","MultiTrack - Passion - Legacy - Planetshakers","https://mega.nz/file/7qpAlbzZ#wEQ3V2WSGVkSWM9ujUz0daLa9yZwWAcRaoBtXMRs86Y"
"not_accessible","mega_api_error_-9","mega","200","1","Passion","Singles / Otros","How He Loves - 74.5","https://mega.nz/file/CyxwwRCL#nYeD5WAZj5y5RoB7LE2XR2lLUKlLpGlkhOxNHuKfxk4"
"not_accessible","mega_api_error_-9","mega","200","1","Passion","Glorius day Passion Multittacks","MultiTrack-Glorious Day-Worthy of Your Name-C","https://mega.nz/file/a6x00LjT#G8fDSuykFSGyDwQMGimrnUTzGG_lB2B_ta7OoBjHxno"
"not_accessible","mega_api_error_-9","mega","200","1","Passion","Glorius day Passion Multittacks","MultiTrack-Glorious Day-Worthy of Your Name-D","https://mega.nz/file/Ov5UAJKQ#kMBhRw5DyKA_XfCUiI7jYZdhOBVlcYt2oV0JcAuo5jw"
"not_accessible","mega_api_error_-9","mega","200","1","Passion","Glorius day Passion Multittacks","MultiTrack-Glorious Day-Worthy of Your Name-Db","https://mega.nz/file/GuwEWbDQ#NP5YCnCM1IzIkduKgHu7QDCKc_3RwmX5fzXlkKqzqBg"
"not_accessible","mega_api_error_-9","mega","200","1","Passion","Glorius day Passion Multittacks","MultiTrack-Glorious Day-Worthy of Your Name-E","https://mega.nz/file/qiwG3ZjA#MUsbLpeXSYagdigR73DC7QSBWU8DBBwnayPGFTB1Fjk"
"not_accessible","mega_api_error_-9","mega","200","1","Passion","Glorius day Passion Multittacks","MultiTrack-Glorious Day-Worthy of Your Name-Eb","https://mega.nz/file/P3oESRZC#wbRZmRK3eZaEz0aVMYIShrvVw8sCLXzWkhqk7dtbexw"
"not_accessible","mega_api_error_-9","mega","200","1","Passion","Glorius day Passion Multittacks","MultiTrack-Glorious Day-Worthy of Your Name-F","https://mega.nz/file/DvpkGBoY#xDLXfgCbsO0M5qr3JQTajlNyiXKAeOktKCwr3dZjNCM"
"not_accessible","mega_api_error_-9","mega","200","1","Passion","Glorius day Passion Multittacks","MultiTrack-Glorious Day-Worthy of Your Name-B","https://mega.nz/file/6qp0FJLJ#ZjcmM8ZoounjpXcRa0cAAAql5IurCd3Xpg69AmlJh70"
"not_accessible","mega_api_error_-9","mega","200","1","Passion","Glorius day Passion Multittacks","MultiTrack-Glorious Day-Worthy of Your Name-Bb","https://mega.nz/file/i6gkXJ5a#I7m9xqMrrbHv6276EanYdVYSqEQBYqJooSBx37nBKmY"
"not_accessible","mega_api_error_-9","mega","200","1","Passion","Multitrack. Glorius Day – Passion 8 Tonos","MultiTrack-Glorioso Día (feat. Kristian Stanfill)-Glorioso Dia-C","https://mega.nz/file/XugGEJbJ#nid-0HtllZUPreJ6SjbmmpezXVGnTge5qCBzyY3ADoE"
"not_accessible","mega_api_error_-9","mega","200","1","Passion","Multitrack. Glorius Day – Passion 8 Tonos","MultiTrack-Glorioso Día (feat. Kristian Stanfill)-Glorioso Dia-D","https://mega.nz/file/ynpwWJJb#MMrQ5mVGxMe35iLQgoNr1CGFqDC822-v2xvotdoT2Qs"
"not_accessible","mega_api_error_-9","mega","200","1","Planetshakers","Singles / Otros","P - Born To Praise","https://mega.nz/file/nrpGwDZS#VSnnwZbquZXS7wfSdL4g0dJ3bQPJScQ0NQDAdW7KRNQ"
"not_accessible","mega_api_error_-9","mega","200","1","Planetshakers","Singles / Otros","P - Endless Praise","https://mega.nz/file/m2pGQRgD#-11GMFpnD2yZrHXa2rfMKIwiysxUhe17Ov6WwvvIRVU"
"not_accessible","mega_api_error_-9","mega","200","1","Planetshakers","Singles / Otros","MultiTrack-Sé Quién Eres Tú (feat. Su Presencia)-Sé Quién Eres Tú-Eb Tonalidad Original","https://mega.nz/file/T64WiZpR#EJDj40X3px_ZyHoFE6cO4gHGrHDESFYKVkNfcivqom4"
"not_accessible","mega_api_error_-9","mega","200","1","Planetshakers","Singles / Otros","MultiTrack-The Anthem-Limitless-C","https://mega.nz/file/e64wibQT#i9BzUpGtpnjHHAQqmaFH94Td7SSEJnJ2UpRx25mjzOA"
"not_accessible","mega_api_error_-9","mega","200","1","Planetshakers","Singles / Otros","Dance (PLANET SHAKERS) Multitrack","https://mega.nz/file/j6wiHJaa#rRwTUsgXMDyNRFAEajTz8YH8oPaqetmlVJooN59Ozrg"
"not_accessible","mega_api_error_-9","mega","200","1","Planetshakers","Singles / Otros","Limitless Tracks","https://mega.nz/file/frxAlZwD#ADUrR7HcvNhTh7JVGvxDEj1udGZEh1qUPKdXYoCsZDI"
"not_accessible","mega_api_error_-9","mega","200","1","Planetshakers","Singles / Otros","Se trata de ti - Planetshakers","https://mega.nz/file/LjgyzDqT#aiSd30GY6QiYPUPGZCc68i9qau3IqsAG5upi7GEpcD8"
"not_accessible","mega_api_error_-9","mega","200","1","Planetshakers","Singles / Otros","Multitrack - Drawing Closer (Live) - Planetshakers Part 2","https://mega.nz/file/G3520JIR#i3RyH8Q5W0KAX8BRbQ5OdQIIIYe0TJ8VAFanSC_Vxlg"
"not_accessible","mega_api_error_-9","mega","200","1","Planetshakers","Singles / Otros","MultiTrack - Through It All - Legacy - Planetshakers Eb","https://mega.nz/file/Xq5gwRxA#xNm64w-ib_LhN250Xp_RSxfscTOazXpNyUAVfQ59bgA"
"not_accessible","mega_api_error_-9","mega","200","1","Planetshakers","Singles / Otros","MultiTrack-It's Your Love-This Is Our Time-B","https://mega.nz/file/zmgQzb5D#waxw1IzCvI_4IVYoywDg5SGixnrKO5QVfIjlXYfHekE"
"not_accessible","mega_api_error_-9","mega","200","1","Planetshakers","Singles / Otros","Planetshakers - Born To Praise","https://mega.nz/file/iuximRxB#Ntx8lHDRD7oJhL0yv7Yo1qPh08XiDle3l-PjUIBt9Sc"
"not_accessible","mega_api_error_-9","mega","200","1","Planetshakers","Singles / Otros","Planetshakers - Overflow (Live) 2016","https://mega.nz/file/u3hmCDYA#ANnmKQCMt6uZPd4s5tbE0gA1ROkASvEFmaDfa-ZUIqI"
"not_accessible","mega_api_error_-9","mega","200","1","Planetshakers","Singles / Otros","MultiTrack - Endless Praise - Planetshakers","https://mega.nz/file/KmggGJaT#EDRRsaEgHfRLeNW8wjq_HCOVqqRB-k0x9OjQYGPRzQs"
"not_accessible","mega_api_error_-9","mega","200","1","Planetshakers","Singles / Otros","MultiTrack-Letsgo-Letsgo-D Planetshaker Original","https://mega.nz/file/2qowADgK#_wZpeR3p8Afwb8yRQQYe9viqb1tVKtlvcvXnomWE6ZY"
"not_accessible","mega_api_error_-9","mega","200","1","Planetshakers","Singles / Otros","MultiTrack - Dance - PLANETSHAKERS","https://mega.nz/file/WvgmiJwD#LOTo3IZfA4S-TJjU3uYTqde9t-T6jPocXy31sEkD9s4"
"not_accessible","mega_api_error_-9","mega","200","1","Planetshakers","Singles / Otros","MultiTrack-Come Right Now-Overflow-Ab","https://mega.nz/file/OyhAWTJT#dRStPuG55id73r2yzxZVXmd02WYP65kGr6FDwKYErHI"
"not_accessible","mega_api_error_-9","mega","200","1","Planetshakers","Singles / Otros","[MultiTracks] Letsgo - Planetshakers(D)","https://mega.nz/file/rv5ySTQD#xdHMge-OBznRWzy3EdrJH-lYuGdEuYtzjg0C-zh312c"
"not_accessible","mega_api_error_-9","mega","200","1","Planetshakers","Singles / Otros","[MultiTracks] Put Your Hands Up - Planetshakers","https://mega.nz/file/WjhWCZAD#8mrHkFZzdq018tRyIMIyVwbUUZ7QyYe2lormh6OSLqM"
"not_accessible","mega_api_error_-9","mega","200","1","Planetshakers","Singles / Otros","[MultiTracks] Let Praise Awaken - Planetshakers","https://mega.nz/file/eiowxLKa#6ep_2zc71pSqKJvuRu2ty2Fpw_N3-oaAbR928aEnsjs"
"not_accessible","mega_api_error_-9","mega","200","1","Planetshakers","Singles / Otros","[MultiTracks] Endless Praise - Planetshakers","https://mega.nz/file/OjgCXJDI#Vff8-or8BImUck7aHiL2fN5Supf2LI4X4atuS47Ojls"
"not_accessible","mega_api_error_-9","mega","200","1","Planetshakers","Singles / Otros","MultiTrack-Momentum (feat. Su Presencia)-Sé Quién Eres Tú-Bb Tonalidad Original","https://mega.nz/file/OnhGyLJL#gvrInLtXwOqXEPUZmDYYb4TgXOgnQakM-o4-sbi2CQQ"
"not_accessible","mega_api_error_-9","mega","200","1","Planetshakers","Singles / Otros","MultiTrack-Covered-Outback Worship Sessions-G","https://mega.nz/file/rigCgbZb#OttYmbZkM4SmBfO1IJHHzhAymVQ4-F8fw1wfD5diI6A"
"not_accessible","mega_api_error_-9","mega","200","1","Planetshakers","Singles / Otros","voces","https://mega.nz/file/S7pUkZ6Z#0TIxx4udvEnHVoPedoxEo5DMjvMxw311F_kY4SXO_1Y"
"not_accessible","mega_api_error_-9","mega","200","1","Planetshakers","Singles / Otros","P - Covered","https://mega.nz/file/bqwCDRwC#4ZpG6srpJuA4_3X8RF9aadtfaQN5MbAlrFpS_TfBpgI"
"not_accessible","mega_api_error_-9","mega","200","1","Planetshakers","Singles / Otros","NO COMPROMISE-PLANETSHAKERS (SYNTHES)","https://mega.nz/file/K3oSjZiZ#o5Mj-jK9l9MZlK8hi-Oxt7ZrTN9ecGy1Z4xJ9hYAH7s"
"not_accessible","mega_api_error_-9","mega","200","1","Planetshakers","Singles / Otros","Nada es Imposible Planet Shakers","https://mega.nz/file/CvgwjBiD#FWLhLhb-1YrJF2IKZf9Byn9nCiekvcYDy1ABdodGiZ4"
"not_accessible","mega_api_error_-9","mega","200","1","Planetshakers","Singles / Otros","Estoy Asombrado PlanetShakers","https://mega.nz/file/fqgmDBSC#CNCFf3KId5UTYmWdhOFtmVAPmHVZn3-XuIlz98UCtHE"
"not_accessible","mega_api_error_-9","mega","200","1","Planetshakers","Singles / Otros","El Himno - The Anthem","https://mega.nz/file/KqpykBhI#DnWz7gmfmfkf-8ZvWVupAhgUZimUn49IygY8MeS-Mhw"
"not_accessible","mega_api_error_-9","mega","200","1","Planetshakers","Singles / Otros","All About you - Planetshakers","https://mega.nz/file/T6oyCZpC#ffTM6KkP7gYIapnM7JX43z6a-3Cgd1XoQp2JBcIiKRY"
"not_accessible","mega_api_error_-9","mega","200","1","Planetshakers","Singles / Otros","Limitless - Multitrack - WAV - No hay imposibles","https://mega.nz/file/fyg0GZoC#n2BbSM-kLEEKqTIFcfHjygXyze7IzpPn8osT99vyf3U"
"not_accessible","mega_api_error_-9","mega","200","1","Planetshakers","Singles / Otros","Turn It Up 7c Planetshakers","https://mega.nz/file/LyoyXbwa#L-XEXKHCgSb4xdhNbv_NWfI11uezMN9RXUnozc0Ovvk"
"not_accessible","mega_api_error_-9","mega","200","1","Planetshakers","Singles / Otros","LevantandoLasManos","https://mega.nz/file/Sm4EGB7T#23_uZWkheozEZA7vmRSSY7RPDQ3vTRx4qP_7XAQQXr8"
"not_accessible","mega_api_error_-9","mega","200","1","Planetshakers","Singles / Otros","Running after you (G) - Wellspring Worship","https://mega.nz/file/GqwwGJzK#acVF_2OzFB4SX25fDhp88BuCW-C5PiocYvHamd7xAnw"
"not_accessible","mega_api_error_-9","mega","200","1","Planetshakers","Singles / Otros","Por siempre ter alabaré Endless Praise-D","https://mega.nz/file/TuxAiLqC#4rzykK_VaG64RStJLTCnxDNrJAK-odqyA6RZ7SOFfhk"
"not_accessible","mega_api_error_-9","mega","200","1","Planetshakers","Singles / Otros","Nothing Is Impossible-Momentum-C","https://mega.nz/file/Ciwm1bJK#KidNFRqGOCZMsYtLAwN-3giD0ak9JrB8iegoBWLbesc"
"not_accessible","mega_api_error_-9","mega","200","1","Planetshakers","Singles / Otros","MultiTrack-Alive Again-Legacy - Part 1_ Alive Again-E","https://mega.nz/file/G2xgCbKD#7wqklbDjJNBcv7fI5Lsdzcq6_M1S24c4KOk6nFEeqjM"
"not_accessible","mega_api_error_-9","mega","200","1","Planetshakers","Singles / Otros","MultiTrack-Alive Again-Legacy - Part 1_ Alive Again-C","https://mega.nz/file/DvoyHTRR#6fLAT2WNeKQ1gUl9pfeS7eXWcdlIXL-AOuhI70yTghg"
"not_accessible","mega_api_error_-9","mega","200","1","Planetshakers","Singles / Otros","MultiTrack-Alive Again-Legacy - Part 1_ Alive Again-D","https://mega.nz/file/Kjh0nZLa#Ln61NLxIzFIT0R9iH4ekjlzmnjnxL3myccqz0CDz-wU"
"not_accessible","mega_api_error_-9","mega","200","1","Planetshakers","Singles / Otros","MultiTrack-Alive Again-Legacy - Part 1_ Alive Again-Bb","https://mega.nz/file/664mSbzJ#yFK_CJSM55OCWud6xIL6zEtROnlhi3SkTn9mUKyoQ3I"
"not_accessible","mega_api_error_-9","mega","200","1","Planetshakers","Singles / Otros","MultiTrack-Alive Again-Legacy - Part 1_ Alive Again-Db Tonalidad Original","https://mega.nz/file/anp0HTLB#ocMwxwFsdMbI1_rHHWiAT4jfUg_OhHi_S4JzwRgVX-s"
"not_accessible","mega_api_error_-9","mega","200","1","Planetshakers","Singles / Otros","MultiTrack-Alive Again-Legacy - Part 1_ Alive Again-A","https://mega.nz/file/vuwylBhS#AKg3cD2Rx8-GBHZ6Ama96uxWwWNH4EfvJG-JgIUB9hk"
"not_accessible","mega_api_error_-9","mega","200","1","Planetshakers","Singles / Otros","MultiTrack-Alive Again-Legacy - Part 1_ Alive Again-Eb","https://mega.nz/file/ziowFTgb#Br6bHdHxFS0lKN9sTyDAQENvz56Gti78VB16OaL869Y"
"not_accessible","mega_api_error_-9","mega","200","1","Planetshakers","Singles / Otros","MultiTrack-Alive Again-Legacy - Part 1_ Alive Again-B","https://mega.nz/file/n2ogFBYA#y8Q1LU0iB5GcZUGmD0qusEhsu4Xl9Jo-9FxmQPCP1Zc"
"not_accessible","mega_api_error_-9","mega","200","1","Planetshakers","Singles / Otros","MultiTrack-Drawing Closer-Legacy - Part 1_ Alive Again-Eb","https://mega.nz/file/brhmUZbT#JtVmDA6fE1TZMOa0x-LfYgyCr-wOVlWX-K5qmyBgiNE"
"not_accessible","mega_api_error_-9","mega","200","1","Planetshakers","Singles / Otros","MultiTrack-Drawing Closer-Legacy - Part 1_ Alive Again-Db","https://mega.nz/file/XywmVBrY#7n7CrWjma--xrH5OVqwSOJc8OKxm7CAeu7suPMCOUec"
"not_accessible","mega_api_error_-9","mega","200","1","Planetshakers","Singles / Otros","MultiTrack-Drawing Closer-Legacy - Part 1_ Alive Again-B","https://mega.nz/file/7zwSmB5R#bJoEmh6h2AMwW_O8IqjR7LjifdJP_UXZTlk3-jeOc7w"
"not_accessible","mega_api_error_-9","mega","200","1","Planetshakers","Singles / Otros","MultiTrack-Drawing Closer-Legacy - Part 1_ Alive Again-Bb","https://mega.nz/file/n7hmgJZK#jgk6FKw-YAJqrH4WiGQYSZY2gLk9EtWtihuxwhE8MXg"
"not_accessible","mega_api_error_-9","mega","200","1","Planetshakers","Singles / Otros","MultiTrack-Drawing Closer-Legacy - Part 1_ Alive Again-D Tonalidad Original","https://mega.nz/file/bzhA3RwJ#nzMPu7e1kYQGMxPwQv2Vc-KMCRFjpTwPLlXy6uhtz8U"
"not_accessible","mega_api_error_-9","mega","200","1","Planetshakers","Singles / Otros","MultiTrack-Drawing Closer-Legacy - Part 1_ Alive Again-C","https://mega.nz/file/a7xSTb5B#lPz0Pm08W0pHjmuCQ99XiG2fyd2bVQyOzp_GngMYbx8"
"not_accessible","mega_api_error_-9","mega","200","1","Planetshakers","Singles / Otros","MultiTrack-Drawing Closer-Legacy - Part 1_ Alive Again-E","https://mega.nz/file/SzxwRZrZ#APiCTiSs1bmo4CRyII2rf_RaAhMrvJPDDg22MHdT0Fs"
"not_accessible","mega_api_error_-9","mega","200","1","Planetshakers","Singles / Otros","MultiTrack-Drawing Closer-Legacy - Part 1_ Alive Again-F","https://mega.nz/file/mjximTAD#tkAkfzQEbUwzoDJft17FnzCTLfjC2-AUAIejmvpdHwQ"
"not_accessible","mega_api_error_-9","mega","200","1","Planetshakers","Singles / Otros","MultiTrack-All On The Altar-Legacy - Part 1_ Alive Again-Db","https://mega.nz/file/f25mHBBJ#3VKKpB2kg2thyPtVxTCxBzvQSGS-jIadAEheYQCwYK8"
"not_accessible","mega_api_error_-9","mega","200","1","Planetshakers","Singles / Otros","MultiTrack-All On The Altar-Legacy - Part 1_ Alive Again-D","https://mega.nz/file/O74ChbrI#seYHWZ5z2dr8oF-pJDAJiiTdVLQnwpqWBg1AFV-KIxA"
"not_accessible","mega_api_error_-9","mega","200","1","Planetshakers","Singles / Otros","MultiTrack-All On The Altar-Legacy - Part 1_ Alive Again-Eb","https://mega.nz/file/WvoklLhL#SNHAVO9fkfLZ6RI9p50zhDs2CShm89Z7uXR2S18gO6k"
"not_accessible","mega_api_error_-9","mega","200","1","Planetshakers","Singles / Otros","MultiTrack-All On The Altar-Legacy - Part 1_ Alive Again-C","https://mega.nz/file/Wiw2FZaB#8buNgrzjidO7KT39UG-lcna2uDYOqLNIUgLNNOaBZsE"
"not_accessible","mega_api_error_-9","mega","200","1","Planetshakers","Singles / Otros","MultiTrack-All On The Altar-Legacy - Part 1_ Alive Again-Gb","https://mega.nz/file/Hn5i0DZQ#lD1YVVNmZzDyNh1yVSMBedUULmdJUvBJuC65qbwOLnM"
"not_accessible","mega_api_error_-9","mega","200","1","Planetshakers","Singles / Otros","MultiTrack-All On The Altar-Legacy - Part 1_ Alive Again-F","https://mega.nz/file/Hn5WhJBJ#dHiJpKhVdIk-R5Jye5oOGY5jdaj10VkZEs7UG_T2KiE"
"not_accessible","mega_api_error_-9","mega","200","1","Planetshakers","Singles / Otros","MultiTrack-All On The Altar-Legacy - Part 1_ Alive Again-E Tonalidad Original","https://mega.nz/file/Su5UlBrL#V6pQ_WnQ38ALR0JzwW4T8f-gRsjgwCr-xnwZwf3kFqU"
"not_accessible","mega_api_error_-9","mega","200","1","Planetshakers","Singles / Otros","MultiTrack-All On The Altar-Legacy - Part 1_ Alive Again-G","https://mega.nz/file/ezgiRRyL#Ln-2WpjQL733uGFFt3T2dAXvtHD4H2RzDVFmamt2WTM"
"not_accessible","mega_api_error_-9","mega","200","1","Planetshakers","Singles / Otros","MultiTrack-You Are Here-Legacy - Part 1_ Alive Again-B","https://mega.nz/file/nm4AyTAS#leddYIov35qad61jQdg0zCKbxPz8lLnrybOQ8LqE-SI"
"not_accessible","mega_api_error_-9","mega","200","1","Planetshakers","Singles / Otros","MultiTrack-You Are Here-Legacy - Part 1_ Alive Again-C","https://mega.nz/file/3j4UQbqD#ye9WNDKezc5smVJGKVG6QmXVwfcSDF-KZmlBFJMyCMY"
"not_accessible","mega_api_error_-9","mega","200","1","Planetshakers","Singles / Otros","MultiTrack-You Are Here-Legacy - Part 1_ Alive Again-F","https://mega.nz/file/CvgUiTgA#TOLEPait3oNirffa2_p5kLNNVl-MHUYZMNB2KqMsdCE"
"not_accessible","mega_api_error_-9","mega","200","1","Planetshakers","Singles / Otros","MultiTrack-You Are Here-Legacy - Part 1_ Alive Again-Eb","https://mega.nz/file/2nwggLJI#_UuslBqIhXATpzs83afFO4MoJuksYaX-yUBWr_93BuI"
"not_accessible","mega_api_error_-9","mega","200","1","Planetshakers","Singles / Otros","MultiTrack-You Are Here-Legacy - Part 1_ Alive Again-D Tonalidad Original","https://mega.nz/file/PvxQ0JiQ#wA-da2Uznsl6FZBNM8xYZjbYaRhbhJTKs8b3B2ijSOs"
"not_accessible","mega_api_error_-9","mega","200","1","Planetshakers","Singles / Otros","MultiTrack-You Are Here-Legacy - Part 1_ Alive Again-Bb","https://mega.nz/file/Tmx20ZAA#h2586FGeO4js24W5urzrUieoS6UtRcwUi-4lMs8JtjE"
"not_accessible","mega_api_error_-9","mega","200","1","Planetshakers","Singles / Otros","MultiTrack-You Are Here-Legacy - Part 1_ Alive Again-E","https://mega.nz/file/ar5WxZDK#1Aoy-EpR9d7BKfYROaRC9Y9VeTrLuIlbkzX6HBD5FtM"
"not_accessible","mega_api_error_-9","mega","200","1","Planetshakers","Singles / Otros","MultiTrack-You Are Here-Legacy - Part 1_ Alive Again-Db","https://mega.nz/file/SmwQgbjA#aapTQAqEGw24G7fUQuCy4L5DTWke8Wrnj71SgptFMQ8"
"not_accessible","mega_api_error_-9","mega","200","1","Planetshakers","Singles / Otros","Multi de Unto God - Planetshakers","https://mega.nz/file/qjwmRRQa#QsNX--LhWqCPsmVTS032iMRfdPCxdtquA3krqT4K5q8"
"not_accessible","mega_api_error_-9","mega","200","1","Planetshakers","Singles / Otros","planetshakers Put Your Hands Up - 122BPM (Db)","https://mega.nz/file/KmxQnTpJ#PepxQh8ItIJdIaQVIeEewxP3t_yOV0MPn2zdxdp4dKM"
"not_accessible","mega_api_error_-9","mega","200","1","Planetshakers","Singles / Otros","PlanetShakers(Get Up)","https://mega.nz/file/e3wUXBxI#Z6fj2fiAlrnrTo-f2fzjBUUFBIvPeDedkEOtAK3ILnk"
"not_accessible","mega_api_error_-9","mega","200","1","Planetshakers","Singles / Otros","Este es el Dia - Planetshakers","https://mega.nz/file/Cn5UUbyJ#71Qo5m4yHR0nRl5SheX_L1kjm7e7N03l7a8SInmonnQ"
"not_accessible","mega_api_error_-9","mega","200","1","Planetshakers","Singles / Otros","Let Praise Awaken - Planetshakers","https://mega.nz/file/m3hkSLwC#6ep_2zc71pSqKJvuRu2ty2Fpw_N3-oaAbR928aEnsjs"
"not_accessible","mega_api_error_-9","mega","200","1","Planetshakers","Singles / Otros","Put Your Hands Up - Planetshakers","https://mega.nz/file/uzgSTZCD#8mrHkFZzdq018tRyIMIyVwbUUZ7QyYe2lormh6OSLqM"
"not_accessible","mega_api_error_-9","mega","200","1","Planetshakers","Singles / Otros","Letsgo - Planetshakers(D)","https://mega.nz/file/inwGgTpD#xdHMge-OBznRWzy3EdrJH-lYuGdEuYtzjg0C-zh312c"
"not_accessible","mega_api_error_-9","mega","200","1","Planetshakers","Singles / Otros","Nada Es Imposible - Planetshakers","https://mega.nz/file/mqxAnTiI#VAxyPPFdYjii-_8nzaTGlP-s5ajAzfNBsbCq-L_efjY"
"not_accessible","mega_api_error_-9","mega","200","1","Planetshakers","Singles / Otros","[MultiTracks] Este es el Dia - Planetshakers","https://mega.nz/file/uqpwWLSJ#71Qo5m4yHR0nRl5SheX_L1kjm7e7N03l7a8SInmonnQ"
"not_accessible","mega_api_error_-9","mega","200","1","Planetshakers","Singles / Otros","[MultiTracks] Limitless - Planetshakers","https://mega.nz/file/ajw0CLwQ#-IHRGvLafIdDCmHaQL3PacD_doAZR_-zUVviRgrGGfg"
"not_accessible","mega_api_error_-9","mega","200","1","Planetshakers","Singles / Otros","[MultiTracks] Nada Es Imposible - Planetshakers","https://mega.nz/file/Wy4ExDIa#VAxyPPFdYjii-_8nzaTGlP-s5ajAzfNBsbCq-L_efjY"
"not_accessible","mega_api_error_-9","mega","200","1","Planetshakers","Singles / Otros","Planetshakers - Come Rigth Now (Ab)","https://mega.nz/file/7mwW0R6b#KqvrJXS1Qvpoz9ZQk6JZP-o1rRK-z0TZ9050JgC9HKw"
"not_accessible","mega_api_error_-9","mega","200","1","Planetshakers","Singles / Otros","[MultiTracks] Estoy Asombrado - Planetshakers","https://mega.nz/file/Ono0SRwK#lPt4UAth7UGbNR_D9g_RtxDAVO7lTsGyb7Hv5blrcWQ"
"not_accessible","mega_api_error_-9","mega","200","1","Planetshakers","Singles / Otros","MultiTrack-Frente A Frente (feat. Su Presencia)-Sé Quién Eres Tú-F# Tonalidad Original","https://mega.nz/file/CnpiADwL#jRcBhzJEJP_AlJ06swUS-0okZIJhwpcQ3e9DyMTnD54"
"not_accessible","mega_api_error_-9","mega","200","1","Planetshakers","Singles / Otros","MultiTrack-Hogar (feat. Su Presencia)-Sé Quién Eres Tú-C Tonalidad Original","https://mega.nz/file/3ngmzDiZ#UeVsSiVaW6kbsKYcsTSKBnBFpY9QW3pPpxllp397v_M"
"not_accessible","mega_api_error_-9","mega","200","1","Planetshakers","Planetshakers - Joy","Joy","https://mega.nz/file/uupU3Tyb#lo2fXqOLFWiITFbU8hlBfzJrkW2K5LEuRCM-59g8_2I"
"not_accessible","http_404","drive","404","1","Som do Reino","Americas","O Zelo da Tua Casa-67BPM","https://drive.google.com/uc?export=download&id=1qp4aLClLEf5hzNkf4RrrvknKUm6PYqEB"
"not_accessible","mega_api_error_-9","mega","200","1","Un Corazón","Singles / Otros","Que lo sepa la calle-Un Corazon-81BPM (Ab)","https://mega.nz/file/HrwCGBYY#wph1MvN2lZuRgjA4FabbxDC_pJullrhFptt0X4Z-w2s"
"not_accessible","mega_api_error_-9","mega","200","1","Un Corazón","Singles / Otros","Paraiso-Cielo en la Tierra-E-105.00bpm","https://mega.nz/file/yr403DBI#z9qxq-qYlkV8YcYI7jCqfOz-KzRHyDDf2t2zvf4yuA8"
"not_accessible","mega_api_error_-9","mega","200","1","Un Corazón","Singles / Otros","Cielo En La Tierra- - Un Corazon - MT","https://mega.nz/file/j2xiFDRb#dUEPK1WLqEjXH2EE6_lyA7pWziyzVFTaSsJxNUwE2-s"
"not_accessible","mega_api_error_-9","mega","200","1","Un Corazón","Singles / Otros","Jes_s Salva (feat. Un Coraz_n)-Jes_s Salva-D","https://mega.nz/file/ii4kQJbS#XDwk1HFUURbdwIQRHdkyRUNWW_mpXNjTd2fWnCFXiMY"
"not_accessible","mega_api_error_-9","mega","200","1","Un Corazón","Singles / Otros","Multitrack - Dios es Amor - Un Corazon","https://mega.nz/file/H6xgwTBT#GAArTB6kcfrwO9mlIx1dBn3sRqqPD3KLwajA2stZF5c"
"not_accessible","mega_api_error_-9","mega","200","1","Un Corazón","MQN-UC","Mas Que Nunca-Mas Que Nunca-Gb-67.00bpm","https://mega.nz/file/DigCDDKB#KjVAgughGia4lMDgTk2NzbMaJ9KNbAPmWoQUCdbgdcI"
"not_accessible","mega_api_error_-9","mega","200","1","Un Corazón","MQN-UC","Mas Que Nunca-Mas Que Nunca-G-67.00bpm","https://mega.nz/file/OmgC2RTB#4ry17ow1uwG3icBWHYymqOcie8itSNlf-_kYqL7l4-A"
"not_accessible","mega_api_error_-9","mega","200","1","Un Corazón","MQN-UC","Mas Que Nunca-Mas Que Nunca-F-67.00bpm","https://mega.nz/file/K25WULaB#v-ZwKN9z0r39YM2zrZ84B3xPwCxM1BDsi1UK8G7K57I"
"not_accessible","mega_api_error_-9","mega","200","1","Un Corazón","MQN-UC","Mas Que Nunca-Mas Que Nunca-Eb-67.00bpm","https://mega.nz/file/LixGDJSJ#doz4RTIbMrzXgDjmLyJv-fLjxYV4BhLKLsBoEa2D814"
"not_accessible","mega_api_error_-9","mega","200","1","Un Corazón","MQN-UC","Mas Que Nunca-Mas Que Nunca-E-67.00bpm","https://mega.nz/file/63pgCDpa#b7SvKyFqJrHPDr5pGuIn38MDMg-E--rWS-CnzXOIjCA"
"not_accessible","mega_api_error_-9","mega","200","1","Un Corazón","MQN-UC","Mas Que Nunca-Mas Que Nunca-Db-67.00bpm","https://mega.nz/file/rv4inDZI#QcXBiFBbgLFaGhq4VtscyxuaYZQDZCotTNR_PMcl3vU"
"not_accessible","mega_api_error_-9","mega","200","1","Un Corazón","MQN-UC","Mas Que Nunca-Mas Que Nunca-D-67.00bpm","https://mega.nz/file/qz4S2ZiS#IyXrXi1MHdr6ys5OFvhpAXsOJ6cooI1ZyXbO0y3WvtI"
"not_accessible","mega_api_error_-9","mega","200","1","Un Corazón","MQN-UC","Mas Que Nunca-Mas Que Nunca-C-67.00bpm","https://mega.nz/file/a3hgFDJC#uLkSDwTajTMfnCXNSHuwoy2Cnbav93BhAbWuqjDAbgg"
"not_accessible","mega_api_error_-9","mega","200","1","Un Corazón","MQN-UC","Mas Que Nunca-Mas Que Nunca-Bb-67.00bpm","https://mega.nz/file/PjwUSJbQ#CrWU10sn1n67xfaR2LBiaYNVi-8bV1GX9I4WW8m__R0"
"not_accessible","mega_api_error_-9","mega","200","1","Un Corazón","MQN-UC","Mas Que Nunca-Mas Que Nunca-B-67.00bpm","https://mega.nz/file/33hE1BCJ#Unusz9gm7lhBffvwd6DHpyRKAK2-6uDwA0FXqV6PfB0"
"not_accessible","mega_api_error_-9","mega","200","1","Un Corazón","MQN-UC","Mas Que Nunca-Mas Que Nunca-Ab-67.00bpm","https://mega.nz/file/azp0BbTR#wxpjEy5ASD-FW7gGWV7KMKgGxB4YBgxR6nzvlAbg6bw"
"not_accessible","mega_api_error_-9","mega","200","1","Un Corazón","MQN-UC","Mas Que Nunca-Mas Que Nunca-A-67.00bpm","https://mega.nz/file/mjhGET5C#jfHiMyrk1DxH19ysmQH0kfZdtx29H5kRiOPohTAM9j0"
"not_accessible","mega_api_error_-9","mega","200","1","Un Corazón","CELT-UC","Cielo En La Tierra-Cielo en la Tierra-Gb-77.00bpm","https://mega.nz/file/OngySRwT#6AS11SH-ji-Y8A-HFPYkQhRJ_NEIcDR1bdDsY4W0ZZA"
"not_accessible","mega_api_error_-9","mega","200","1","Un Corazón","CELT-UC","Cielo En La Tierra-Cielo en la Tierra-G-77.00bpm","https://mega.nz/file/Su5CTDIS#Fh_vvKUEesxz1QKyU5tHa0eR3Xma0OeJoC9NHDYeLwY"
"not_accessible","mega_api_error_-9","mega","200","1","Un Corazón","CELT-UC","Cielo En La Tierra-Cielo en la Tierra-F-77.00bpm","https://mega.nz/file/2n4ESTAJ#LTAaLl82OaE-eclRZ11T8crPReKcSrHRxiB25fvtLxI"
"not_accessible","mega_api_error_-9","mega","200","1","Un Corazón","CELT-UC","Cielo En La Tierra-Cielo en la Tierra-Eb-77.00bpm","https://mega.nz/file/SjpyjRQI#k6aQZNUAbiHQnrRUUQ-BiWtrE3C6huOXVLSkfxIfcIw"
"not_accessible","mega_api_error_-9","mega","200","1","Un Corazón","CELT-UC","Cielo En La Tierra-Cielo en la Tierra-E-77.00bpm","https://mega.nz/file/urhGzRbD#lCDrhhTbhJxhonEgRxCgHyd9NeyHuNUIH-ZapFEZpbM"
"not_accessible","mega_api_error_-9","mega","200","1","Un Corazón","CELT-UC","Cielo En La Tierra-Cielo en la Tierra-Db-77.00bpm","https://mega.nz/file/a2o0XTga#nkCp7r9c7u-p0WM8G5OgpCWfonDBRWypfEgdiLY-fa4"
"not_accessible","mega_api_error_-9","mega","200","1","Un Corazón","CELT-UC","Cielo En La Tierra-Cielo en la Tierra-D-77.00bpm","https://mega.nz/file/b74GhbSS#J9rMTNFBC63SksT2y06zkNSWmYkqy3Wm5Mz3xXJOMVY"
"not_accessible","mega_api_error_-9","mega","200","1","Un Corazón","CELT-UC","Cielo En La Tierra-Cielo en la Tierra-C-77.00bpm","https://mega.nz/file/vqhggDyL#1rStKlWJXj42M8YTpOI2_oEeoljnuQwEP1w9_PJaGOU"
"not_accessible","mega_api_error_-9","mega","200","1","Un Corazón","CELT-UC","Cielo En La Tierra-Cielo en la Tierra-Bb-77.00bpm","https://mega.nz/file/qyoUUBqC#4oL9CkWSK-JAUZstQuMlKCKF8beofMVpll2WXnNz-A0"
"not_accessible","mega_api_error_-9","mega","200","1","Un Corazón","CELT-UC","Cielo En La Tierra-Cielo en la Tierra-B-77.00bpm","https://mega.nz/file/znpyVBbY#dzgE7_Ep039LJ3BL4YE_r_fDm6iuipvM-lkvE6JR76o"
"not_accessible","mega_api_error_-9","mega","200","1","Un Corazón","CELT-UC","Cielo En La Tierra-Cielo en la Tierra-Ab-77.00bpm","https://mega.nz/file/SqxG2BqJ#XP5_jVWafLY4L3o1eYEUsUjLjFY8ykQ96AbdmAziutY"
"not_accessible","mega_api_error_-9","mega","200","1","Un Corazón","CELT-UC","Cielo En La Tierra-Cielo en la Tierra-A-77.00bpm","https://mega.nz/file/e6gUibpY#PfyhVquiG31WFt-JMUCLsp59xLyK5zvECa5m5SP9g_w"
"not_accessible","mega_api_error_-9","mega","200","1","Un Corazón","Dios es amor - Un Corazon - Somos Iglesia 8 TONOS","MultiTrack-Dios Es Amor-Somos Iglesia-Gb","https://mega.nz/file/T2gmADIR#gFH1H5GhpN4CpQRN7JIpmJQj92-i4_qMwNb3bLcJsDA"
"not_accessible","mega_api_error_-9","mega","200","1","Un Corazón","Dios es amor - Un Corazon - Somos Iglesia 8 TONOS","MultiTrack-Dios Es Amor-Somos Iglesia-F","https://mega.nz/file/jv4Q1bDB#QpgqKvJKovR_Yz353IZ0tcRBZ8P5souqJ0mJE4vFW7U"
"not_accessible","mega_api_error_-9","mega","200","1","Un Corazón","Dios es amor - Un Corazon - Somos Iglesia 8 TONOS","MultiTrack-Dios Es Amor-Somos Iglesia-G","https://mega.nz/file/Orh0DDYL#pQvbbR8sY5_d7KnOa0uh_5ho7SKqwGsIjdNWNXViAEU"
"not_accessible","mega_api_error_-9","mega","200","1","Un Corazón","Dios es amor - Un Corazon - Somos Iglesia 8 TONOS","MultiTrack-Dios Es Amor-Somos Iglesia-Eb","https://mega.nz/file/vygQmBgQ#MBdDnSOgDypePttpABSdTrB1AJcUkqDMjtA4yTRLBbY"
"not_accessible","mega_api_error_-9","mega","200","1","Un Corazón","Dios es amor - Un Corazon - Somos Iglesia 8 TONOS","MultiTrack-Dios Es Amor-Somos Iglesia-Db","https://mega.nz/file/Py5QAJbZ#Bsb0JKEcXhU1H0krmJHETIKsEkhCgtkm9Sn9wRO6r2c"
"not_accessible","mega_api_error_-9","mega","200","1","Un Corazón","Dios es amor - Un Corazon - Somos Iglesia 8 TONOS","MultiTrack-Dios Es Amor-Somos Iglesia-C","https://mega.nz/file/arh2GTbS#KuGR2J-0Ga9U9rGiKeTmNeXZOgIUb8cdAxgibF71Hnw"
"not_accessible","mega_api_error_-9","mega","200","1","Un Corazón","Dios es amor - Un Corazon - Somos Iglesia 8 TONOS","MultiTrack-Dios Es Amor-Somos Iglesia-E","https://mega.nz/file/e25SiJ7Y#GAArTB6kcfrwO9mlIx1dBn3sRqqPD3KLwajA2stZF5c"
"not_accessible","mega_api_error_-9","mega","200","1","Un Corazón","Dios es amor - Un Corazon - Somos Iglesia 8 TONOS","MultiTrack-Dios Es Amor-Somos Iglesia-D","https://mega.nz/file/Lrog3BYI#Tfg3oJkqaEdh7PrHFNQRIM6Fwdc1HNhv_wGcLqz-ros"
"not_accessible","mega_api_error_-9","mega","200","1","Bj Putnam","Singles / Otros","BJP - Nueva Canción","https://mega.nz/file/an4CnZia#DH8cQiIFLtW7ciraNGKeSLOD2jiMJYIHUUH5zmIj7zI"
"not_accessible","mega_api_error_-9","mega","200","1","Bj Putnam","Singles / Otros","MultiTrack-Glorioso-Más y Más-B","https://mega.nz/file/jrxAhb5A#LfjwboWaBKdfVfgTmspmYqqbqeZLxpw5rMmeClNHetk"
"not_accessible","mega_api_error_-9","mega","200","1","Bj Putnam","Singles / Otros","MultiTrack-Nueva Canción-Más y Más-E","https://mega.nz/file/r252zBzS#inP9JB2VoKU6qQHC4i_48NGHcQ7Q0YJyIhC11J3_Vwg"
"not_accessible","mega_api_error_-9","mega","200","1","Bj Putnam","Singles / Otros","BJ Putnam -Love Like Fire-D","https://mega.nz/file/ejhEFBSI#J8urnbzDh8xpxRTMKY3Ei33ef9UnAowBxbkZpAGzOJE"
"not_accessible","mega_api_error_-9","mega","200","1","Bj Putnam","Singles / Otros","BJP - Todos a Danzar","https://mega.nz/file/vigAGbrK#AIwRa8ml-qQK7x5pC7J8hnrWS_GjrExtgOdbimAfPK0"
"not_accessible","mega_api_error_-9","mega","200","1","Bj Putnam","Singles / Otros","Todos a Danzar-Más y Más-Dm","https://mega.nz/file/m650BJBK#Ij2q5p65KkPEoLBOQP3XZ3JsWYrhFqTqvRh_DFvq4YE"
"not_accessible","mega_api_error_-9","mega","200","1","Bj Putnam","Singles / Otros","Our God Reigns (Ft. BJ Putman) - Israel Houghton","https://mega.nz/file/775ElBoA#SyUlIRs5U0TL6qYGP1UITrZKwEOenQCr14G7wJorgkw"
"not_accessible","mega_api_error_-9","mega","200","1","Bj Putnam","Singles / Otros","BJ Putnam Amoroso. Multi","https://mega.nz/file/e7gWwTza#uyn0J3to0VcF5Cwls2-PiIEMKz2UJL-e49s4yobqy4c"
"not_accessible","mega_api_error_-9","mega","200","1","Bj Putnam","Singles / Otros","Israel Houghton Ft Bj Putnam - Our God Reigns","https://mega.nz/file/6yo0DDIK#maIBMsSWnqFc90nj7p_q0kP0iPKge-uNj2glEiUyEys"
"not_accessible","mega_api_error_-9","mega","200","1","Bj Putnam","Singles / Otros","BJ Putnam - Nueva Canción","https://mega.nz/file/j6pGDZAL#inP9JB2VoKU6qQHC4i_48NGHcQ7Q0YJyIhC11J3_Vwg"
"not_accessible","mega_api_error_-9","mega","200","1","Israel Houghton","Singles / Otros","Tu presencia es el cielo - Israel Houghton - Multitrack","https://mega.nz/file/qr4iWRpT#J_BxTnHt2rLDRMgfCGyA91xkpwMbdifkzNdM4o9iEj8"
"not_accessible","mega_api_error_-9","mega","200","1","Israel Houghton","Singles / Otros","Praise our God - Israel Houghton - MultiTrack","https://mega.nz/file/2v4SHTJT#L7OKJef3utBtDpfpiUWvzw8xYKACv2Ta2j19EI74NiM"
"not_accessible","mega_api_error_-9","mega","200","1","Israel Houghton","Singles / Otros","Our God Reigns - Israel Houghton Ft Bj Putnam - MultiTrack","https://mega.nz/file/HngylbpD#TI0qCau-YhsbLIIEqkC1Z0actxwthPzJMx1oKqTVMfs"
"not_accessible","mega_api_error_-9","mega","200","1","Israel Houghton","Singles / Otros","Más y Más - Israel Houghton - Multitrack","https://mega.nz/file/375AiDpI#IoH1EvI-gw3uRGF4RYctFHbYDjjxLSWRPvQrmwj7Voc"
"not_accessible","mega_api_error_-9","mega","200","1","Israel Houghton","Singles / Otros","Te llamo Cristo A - Israel Houghton - Multitrack","https://mega.nz/file/rrxAgBBJ#qPPV48X6GdAXQXuODwpRd-BdI5nLzy0Wz3LBh6PV9Po"
"not_accessible","mega_api_error_-9","mega","200","1","Israel Houghton","Singles / Otros","Poderoso para salvar - Israel Houghton - MultiTrack","https://mega.nz/file/f2gEQZ6b#oM1IAD7pevY7VZ-hqQrtHZCrqM9eFoZ2VuRR5-ktguk"
"not_accessible","mega_api_error_-9","mega","200","1","Israel Houghton","Singles / Otros","One Thing Remains - Israel Houghton - MultiTrack","https://mega.nz/file/S3hCSboY#ZIK8jLTRCee4ZPiiDX-YQgimRtCJah0DeCRXDHxnwQc"
"not_accessible","mega_api_error_-9","mega","200","1","Israel Houghton","Singles / Otros","Mighty To Save - Israel Houghton - MultiTrack","https://mega.nz/file/L2pylTpS#r7dcls8rr58xor3Ff2yQQM7MRFvNrrrAv0I_qhdnYbg"
"not_accessible","mega_api_error_-9","mega","200","1","Israel Houghton","Singles / Otros","In Jesus Name - Israel Houghton Live In Asia - MultiTrack","https://mega.nz/file/26pgxT7B#NzsUBM-40XQ54Q00powW4PZFCGK1NBKKj9Kn6miWKMQ"
"not_accessible","mega_api_error_-9","mega","200","1","Israel Houghton","Singles / Otros","Mi vida tuya es - Israel Hougthon - MultiTrack","https://mega.nz/file/ru4UWZIA#gc2CH-RqjwsjQAXOAwPMISzT3j1sV6Z9E7FXmOba7lg"
"not_accessible","mega_api_error_-9","mega","200","1","Israel Houghton","Singles / Otros","El poder de tu victoria - Israel Houghton - MultiTrack","https://mega.nz/file/S3wGmTzK#YA4F3k2_IDyLOqWlz_VO9MruZ6-tm_eMbXVjTkFGQTI"
"not_accessible","mega_api_error_-9","mega","200","1","Israel Houghton","Singles / Otros","Te Amo - Israel Houghton - Multitrack","https://mega.nz/file/Ty5ABb4a#PHJh1JwuE6XQC7Ir8xzEhd9YkTcuhN86v9lW-OPDnIo"
"not_accessible","mega_api_error_-9","mega","200","1","Israel Houghton","Singles / Otros","Poder De tu Victoria B - Israel Houghton - Multitrack","https://mega.nz/file/3j5GTRSY#Hxys4uZjAlqx6_aEUUDBtqK5nCQkgRLZ5qnipienUHA"
"not_accessible","mega_api_error_-9","mega","200","1","Israel Houghton","Singles / Otros","No hay vuelta atrás - Israel Houghton - MultiTrack","https://mega.nz/file/Tqgy1JpA#ASreVeRzdnVndr6vLX9Sm0fiH72fT96H1JRq_O3s4_E"
"not_accessible","mega_api_error_-9","mega","200","1","Israel Houghton","Singles / Otros","Moving Forward - Israel Hougton - MultiTrack","https://mega.nz/file/ai4AwTzD#twisJAFK6DySc_OQgpCUABvBpl5FeIqpChbyLQHY-xk"
"not_accessible","mega_api_error_-9","mega","200","1","Israel Houghton","Singles / Otros","Cambiare mis tristezas - Israel Houghton - MultiTrack","https://mega.nz/file/fqwyHBxS#s-72IJ-DGU-Gtzq9Iy6B8PjCTLbXunLLiGactgKWp2Y"
"not_accessible","mega_api_error_-9","mega","200","1","Israel Houghton","Singles / Otros","You Are Good - Eres Fiel - Israel Hougton - Multitrack","https://mega.nz/file/SiwEgbDL#SZ7QNjE9sRVRgANIGfByuOVcQpHu-8c8gL3Su8CEuPE"
"not_accessible","mega_api_error_-9","mega","200","1","Israel Houghton","Singles / Otros","Risen - Israel Houghton - Multitrack","https://mega.nz/file/v7o2FZpS#cvnr4fNYA1HTUzTXVI2VsEIYze_NpqsQif7g60ucSpk"
"not_accessible","mega_api_error_-9","mega","200","1","Israel Houghton","Singles / Otros","Poder de Tu Victoria - Israel Houghton - MultiTrack","https://mega.nz/file/HnoCDZKK#rmc9IuwFhEbMwn5X5TTp-6x92RqA4nG2-PAa-eODNUQ"
"not_accessible","mega_api_error_-9","mega","200","1","Israel Houghton","Singles / Otros","No hay Palabras - Israel Hougthon - MultiTrack","https://mega.nz/file/63xkmLoS#NwgFr-oUlhMXlssrLYWBviRCTT7CUaoIDifWgt08j7M"
"not_accessible","mega_api_error_-9","mega","200","1","Israel Houghton","Singles / Otros","More Than Enough - Israel Houghton - MultiTrack","https://mega.nz/file/Lzp2xZyL#_V2ofC4IdCGmSL_EHTTXpMTBUNVv_lOjUpoCkGZ_Tc0"
"not_accessible","mega_api_error_-9","mega","200","1","Israel Houghton","Singles / Otros","Jesus es el centro - Israel Houghton - Multitrack","https://mega.nz/file/iiwWyJCJ#lyAIaem6DvwMXuiXlG-Jhz9d3rA0buCk08XGStMlpW0"
"not_accessible","mega_api_error_-9","mega","200","1","Israel Houghton","Singles / Otros","[MultiTracks] Tu Presencia Es El Cielo - Israel Houghton","https://mega.nz/file/XqxUEBYb#U_9E_V34gbIw7tV16e2Q_ONkaMPZDViYzTYBQ4eVRUs"
"not_accessible","mega_api_error_-9","mega","200","1","Israel Houghton","Singles / Otros","Israel Houghton - Poder de Tu Victoria 162BPM (B)","https://mega.nz/file/Gyx2DD6I#6qQF8lR0I27FSUQm86tH0unGuQYoHVyTX4GxmpJ3jg8"
"not_accessible","mega_api_error_-9","mega","200","1","Israel Houghton","Singles / Otros","IH - You Are Good","https://mega.nz/file/Sigm2RZC#eQGZOGrrMbVGrV5fu8LbPcWVnk7sMvQJxPequoCIrUA"
"not_accessible","mega_api_error_-9","mega","200","1","Israel Houghton","Singles / Otros","IR - Libre Soy","https://mega.nz/file/66p0yLxD#pGta0rpFlvfs_KsP7SGhl1QzFQm03fSOCnaqpgQYeCY"
"not_accessible","mega_api_error_-9","mega","200","1","Israel Houghton","Singles / Otros","IH - Mighty To Save","https://mega.nz/file/aypkUBST#tuDF0aYmqRCKGxTWIzD054gSlGJE0O9zxvv84hzB04U"
"not_accessible","mega_api_error_-9","mega","200","1","Israel Houghton","Singles / Otros","IH - Jesus En El Centro","https://mega.nz/file/7j4wCBRQ#2z8terGbnsO2xrLUhaOwXPtN1PR4LlVXtmuGzyNGBe0"
"not_accessible","mega_api_error_-9","mega","200","1","Israel Houghton","Singles / Otros","IH - Risen","https://mega.nz/file/2j4U3LYS#JypY0Z3RcLZ9IlJfYTFl4osSgyFDdSfCg3zNKCQtfCI"
"not_accessible","mega_api_error_-9","mega","200","1","Israel Houghton","Singles / Otros","MultiTrack-Jesus En El Centro-Jesus En El Centro-A","https://mega.nz/file/Kmp0BJRC#PiihEv767n7Svx0bM-TYyGGkQXhFSJf8a3sVsZtXeDA"
"not_accessible","mega_api_error_-9","mega","200","1","Israel Houghton","Singles / Otros","MultiTrack-Risen-Kingdom-E","https://mega.nz/file/yj4UnLRb#pYaDKFtimerIgx2nJnFKnVSMPRjQvxpbK8mPstEJt9I"
"not_accessible","mega_api_error_-9","mega","200","1","Israel Houghton","Singles / Otros","Mighty To Save-Covered_ Alive in Asia-E","https://mega.nz/file/66giUTpZ#gqP-ycw0MA9fFNr1ZhDqAK2aHmscR2UcItTVTWl9P_s"
"not_accessible","mega_api_error_-9","mega","200","1","Israel Houghton","Singles / Otros","Thank You Lord For - Israel and New Breed - MT","https://mega.nz/file/vihGxTTK#TFNPjffbrmnfZdb42_F_TQ-92GbaqO3vaxm1VCBokmQ"
"not_accessible","mega_api_error_-9","mega","200","1","Israel Houghton","Singles / Otros","O Come to the Altar - Chris Brown & Israel Houghton - MT","https://mega.nz/file/bz5wBB4A#fvxhHpxL5vBruBngIIORHgD69IgfOUWmW319RBRkBMg"
"not_accessible","mega_api_error_-9","mega","200","1","Israel Houghton","Singles / Otros","My Life Belongs to You - Israel Houghton - MT","https://mega.nz/file/aq4QTbJY#YXLLDtwR2SS9hr-DrGZ4136ttCDYOl-aZcBtfjYHbog"
"not_accessible","mega_api_error_-9","mega","200","1","Israel Houghton","Singles / Otros","Mighty to save - Israel Hoghton","https://mega.nz/file/P2xWBTgZ#Dg4LlKsmNaRiA-ytvJXhmu7tPlTZtxoAvxHntiG5kRE"
"not_accessible","mega_api_error_-9","mega","200","1","Israel Houghton","Singles / Otros","Más y Más 80BPM (G) - Israel Houghton","https://mega.nz/file/XqoW3BRK#Vaf_uWLk9HEMK8VXOD726VSzJ_vbnA8pzAsWwqaNBQc"
"not_accessible","mega_api_error_-9","mega","200","1","Israel Houghton","Singles / Otros","Multitrack - Majestad - Israel Hernandez Vidal - Antes del Universo","https://mega.nz/file/26pmHJ7I#urSjg4VoJwZ1Mg4Ndiw2cP416y8MeuiEqKCV_Qq_GGU"
"not_accessible","mega_api_error_-9","mega","200","1","Israel Houghton","Singles / Otros","Multitrack - we have overcome - deeper level - Israel Houghton","https://mega.nz/file/v7pC1LDJ#rBRMGDh6rHYlheb4wamsZWMU6FcCnfexpbNHegFWGIY"
"not_accessible","mega_api_error_-9","mega","200","1","Israel Houghton","Singles / Otros","MultiTrack-My Life Belongs to You - Trading My Sorrows (Spanish)-ISRAEL HOUGHTON AND New Season-Bb","https://mega.nz/file/rz5CAbYR#Fa-8y79WlkSRBWGNTQoxVYZZ4m3s0RATD5W5-3Mg3oY"
"not_accessible","mega_api_error_-9","mega","200","1","Israel Houghton","Singles / Otros","Israel Houghton - Risen (Covered Alive in Asia)","https://mega.nz/file/ijgGCbCL#SqL40-bubwQCJaEBppQvN-93uRe62ZQ8NK_iUx651xI"
"not_accessible","mega_api_error_-9","mega","200","1","Israel Houghton","Singles / Otros","MultiTrack-In Jesus Name-Covered_ Alive in Asia-C","https://mega.nz/file/j250hLJZ#HaBA61hUMa9gEmB51SJzXG_GovSWdJ5jjIC8bEIrdIg"
"not_accessible","mega_api_error_-9","mega","200","1","Israel Houghton","Singles / Otros","No hay vuelta atrás Project","https://mega.nz/file/H3oEgTwJ#jQgsl-JC-PrLBprz1HJEoGV2uXujCcEu9Ewtv8LNUcM"
"not_accessible","mega_api_error_-9","mega","200","1","Israel Houghton","Singles / Otros","No hay Palabras - Israel Hougthon Seccion","https://mega.nz/file/OvoCGJ4S#1v38LmKtUWy2RKKnNYk0MAuGL58Nmm6SdOX5Vfe7HBI"
"not_accessible","mega_api_error_-9","mega","200","1","Israel Houghton","Singles / Otros","Mi Vida Tuya Es - Cambiare mis Tristezas","https://mega.nz/file/SqxyzLxB#550pdFHwBBzAuLKg7f5KHHjP9nyKuQeZ8ftQElC7Tdk"
"not_accessible","mega_api_error_-9","mega","200","1","Israel Houghton","Singles / Otros","PRAISEOURGOD_132_B_MT","https://mega.nz/file/DuxyiTSB#ZgFvvwEQ2-xADVyUKXyaxTX29RVfmnwGCldPgaQpv5U"
"not_accessible","mega_api_error_-9","mega","200","1","Israel Houghton","Singles / Otros","Poderoso para salvar -Mighty To Save-Covered_ Alive in Asia-E","https://mega.nz/file/SiwCWZLJ#Wc0wy6ed3srnx8gmUUwQoo3S6T_pxivo3NfGyWHdt7c"
"not_accessible","mega_api_error_-9","mega","200","1","Israel Houghton","Singles / Otros","Tu Presencia Es el Cielo-Jesus En El Centro-D","https://mega.nz/file/um5CBTzK#CBwf8iIQvwyaSnOhJl5cOUcRa-0A4KpBJnqTDmsEgVo"
"not_accessible","mega_api_error_-9","mega","200","1","Israel Houghton","Singles / Otros","Yo se quien soy yo RCBV 132 bpm Project","https://mega.nz/file/2rxGjZha#5mId6TxauA6fYMSDdTl1sU3QyN2OXxsU140UQ7St7xo"
"not_accessible","mega_api_error_-9","mega","200","1","Israel Houghton","Singles / Otros","Eres Fiel-Israel Houghton","https://mega.nz/file/bqgSmJBb#CAQyu_1NmR5TYmMWUbXU8j0oQkTlUj49fWCI702lRrs"
"not_accessible","mega_api_error_-9","mega","200","1","Israel Houghton","Singles / Otros","Israel Houghton_Mi Vida Tuya Es","https://mega.nz/file/77wgDLja#550pdFHwBBzAuLKg7f5KHHjP9nyKuQeZ8ftQElC7Tdk"
"not_accessible","mega_api_error_-9","mega","200","1","Israel Houghton","Singles / Otros","Israel Hougnton - One Thing Remains-Covered","https://mega.nz/file/2uwSBZbQ#iFSn4MwTaNE5e-JMDdOncCiDqvzyduFTRL-86zl7P00"
"not_accessible","mega_api_error_-9","mega","200","1","Israel Houghton","Singles / Otros","No Turning Back - Israel and New Breed","https://mega.nz/file/6npyBByQ#pj1j-9DGHyGgAIOFjQd4nko8fuEBsRWKrTCoJS5rYeM"
"not_accessible","mega_api_error_-9","mega","200","1","Israel Houghton","Singles / Otros","Jesús El Mismo - Israel Houghton _135BPM_A","https://mega.nz/file/brgmzLaD#zMHzs7x-PyNIe_WSJw0xWDQCf0I___VKCS6HZ6wYsmU"
"not_accessible","mega_api_error_-9","mega","200","1","Israel Houghton","Singles / Otros","MultiTrack-Risen-Covered_ Alive in Asia-F","https://mega.nz/file/ji42zbbB#O8j8jT616Kt2clRMZhQ8qrsbbdek6Uwa0wmEBm7PWXc"
"not_accessible","mega_api_error_-9","mega","200","1","Israel Houghton","Singles / Otros","MultiTrack-Risen-Covered_ Alive in Asia-C","https://mega.nz/file/e7gQBJLD#58XPS1ajmrrg0U_qXcdOGQBg1Ab2_vruk_2FA_mKBq4"
"not_accessible","mega_api_error_-9","mega","200","1","Israel Houghton","Singles / Otros","MultiTrack-Risen-Covered_ Alive in Asia-Eb","https://mega.nz/file/O3pwGRAL#Gf-JT86A6eZ4a0loslDldHgfH2atxl8IogobL-7h5yM"
"not_accessible","mega_api_error_-9","mega","200","1","Israel Houghton","Singles / Otros","MultiTrack-Risen-Covered_ Alive in Asia-Db","https://mega.nz/file/rngQRDTK#lJZV5Kdzav6Bisc1UZeo5KPPxtCPXrgOWqU5CHQi1fA"
"not_accessible","mega_api_error_-9","mega","200","1","Israel Houghton","Singles / Otros","MultiTrack-Risen-Covered_ Alive in Asia-Gb","https://mega.nz/file/L7oiQTxL#Qc7oyEgOdpy8CUB8xND1iT5BaFUzNOggkwnv6u9lgKg"
"not_accessible","mega_api_error_-9","mega","200","1","Israel Houghton","Singles / Otros","MultiTrack-Risen-Covered_ Alive in Asia-D","https://mega.nz/file/K34mXbJT#GvVsa0vfAaexAarRRa-9CnvkPzRd6vvq6YSslke2T3Q"
"not_accessible","mega_api_error_-9","mega","200","1","Israel Houghton","Singles / Otros","MultiTrack-Risen-Covered_ Alive in Asia-G","https://mega.nz/file/Ky5A1ZZT#U-5Da6GJIGvK3ucF2Xe-y4mFwB5kLzPC1_tBVk4S4wg"
"not_accessible","mega_api_error_-9","mega","200","1","Israel Houghton","Singles / Otros","MultiTrack-Risen-Covered_ Alive in Asia-E","https://mega.nz/file/Cjw2DRiD#YtfFmSd1szPaLmYTcVq8ADJq4yTN3IWIcmMXtcH6XsY"
"not_accessible","mega_api_error_-9","mega","200","1","Israel Houghton","Singles / Otros","Israel Houghton_I Know Who I Am-A","https://mega.nz/file/qv5kBB4T#JyM0w8d0ohZGkZpTwrhMeAqfNVGqZXBMkgnbX7m8kQ8"
"not_accessible","mega_api_error_-9","mega","200","1","Israel Houghton","Singles / Otros","Campfire Coritos (feat. Claudette Bailon, Adrienne Bailon-Houghton & Nate Diaz)","https://mega.nz/file/C7gmxZBQ#G7sq4_iSeWHtJhSf2ek2Nnbg0k9b3K4XO5qHyF8CEz0"
"not_accessible","mega_api_error_-9","mega","200","1","Job Gonzales","Singles / Otros","Estar Contigo-Estar Contigo-G-65.00bpm","https://mega.nz/file/b24WERAC#LZCLLfabBzabzAM-t1oVZjxVG43aI9EElFEsLf6_0H0"
"not_accessible","mega_api_error_-9","mega","200","1","Job Gonzales","Singles / Otros","Tu Eres Mi Todo - Job Gonzales - MultiTrack","https://mega.nz/file/uy4SAD5R#rtbEhdGYvoAfso6YS3r6Vrh7Q9-gl0w51n3S2yA08Bs"
"not_accessible","mega_api_error_-9","mega","200","1","Job Gonzales","Singles / Otros","Tu Amor - Job Gonzales - MultiTrack","https://mega.nz/file/6m423bgI#-YhJcgfcWOxBdv1tadjnffv5dwSWL7m0AG6lBnXq-UM"
"not_accessible","mega_api_error_-9","mega","200","1","Varios","Singles / Otros","MEDLEY LE LLAMAN GUERRERO 100 E","https://mega.nz/file/qjB3kBgC#7ORTbpk9cLv70Gao_TfAv776vkuMgZJzKXPBYr5K4dQ"
"not_accessible","mega_api_error_-9","mega","200","1","Varios","Singles / Otros","La avispas - Juan Luis Guerra - MT","https://mega.nz/file/X2QxzLDC#DsVDBEF9OHa1Qul5j8R8sC2ZcwKeWRPy1Yv7XXqxY7Q"
"not_accessible","mega_api_error_-9","mega","200","1","Varios","Singles / Otros","Me Gozaré--Billy Bunster","https://mega.nz/file/uqgyCBTA#buQwi6yVL1U43DPX6HAHYVIZPDjLjkKYBUL4S6mjIgw"
"not_accessible","mega_api_error_-9","mega","200","1","Varios","Singles / Otros","DESIERTO EN EL PARAISO 155 BPM","https://mega.nz/file/Gmp0lQYS#1z1jYwYahatIWNrvZoIytfUyeFYHs3h8GjbRZ2OAlWo"
"not_accessible","mega_api_error_-9","mega","200","1","Varios","Singles / Otros","Rodeado Iproyec F 148Bpm","https://mega.nz/file/CrhjHJJC#Ch3LOguMQaq7FYPVhSBC_S-Crau5fmPPXZV_-YFVJOo"
"not_accessible","mega_api_error_-9","mega","200","1","Varios","Nueva carpeta","Todo Lo Has Cambiado - Danilo Montero - MT","https://mega.nz/file/XjoAnLJS#ksxirrf-t_XI3C-L1ogzsnoHNaSAZS1DLzffhPa43yc"
"not_accessible","mega_api_error_-9","mega","200","1","Varios","Nueva carpeta","La Sangre de Jesús - Christine D'Clario - MT","https://mega.nz/file/LrxSybqQ#tUqubcEDCE5x6HxmnfPUnSIjz9u2_-jqLzx7LkA0PXc"
"not_accessible","mega_api_error_-9","mega","200","1","Varios","Nueva carpeta","Cantaré de tu amor Popurrí - Danilo Montero - MT","https://mega.nz/file/Di5WxRTI#tubRLTDVDAm0lkE9iaAjId9jjvgiNn8mZZS1uE0y6W8"
"not_accessible","mega_api_error_-9","mega","200","1","Varios","Nueva carpeta","Aleluya en la tierra - Elevation Worship - MT","https://mega.nz/file/Lrg0CbxA#TS2IIdyJzRSaOhPJ4gGT9PYHUiExgOnHCsanTEKd-S0"
"not_accessible","mega_api_error_-9","mega","200","1","Varios","Nueva carpeta","MultiTrack-Te Alabaré Popurrí-Mi Viaje-E","https://mega.nz/file/SroggbBQ#DlO9-60rYQXwVy-oBrFZmZOFt0KYbn6P7dyJ_ayEbBk"
"not_accessible","mega_api_error_-9","mega","200","1","Varios","Nueva carpeta","You Say-F-74bpm Project","https://mega.nz/file/myxmxBLY#Q9qtmgcluTdVB1HTgtM4xgiu144KK_Kyn2wd5ZcP-8o"
"not_accessible","mega_api_error_-9","mega","200","1","Varios","Nueva carpeta","Face To Face-Rescue Story-G-63.88bpm","https://mega.nz/file/ii5wkJJJ#ZTTbkAJglrZ_ETJWONh_MigSzZGXYtiXXVabUhW9qp0"
"not_accessible","mega_api_error_-9","mega","200","1","Varios","Nueva carpeta","Rattle!-Graves Into Gardens-C-76.00bpm","https://mega.nz/file/LmxmgLTS#kN9cdXnMdy4fYro8_b9QcSkivBktKLa6OvZjEjGHjOg"
"not_accessible","mega_api_error_-9","mega","200","1","Varios","Nueva carpeta","Raise A Halleujah-Db=PL Project","https://mega.nz/file/CmpSWb5Y#3lYXhk3y4MXRVt8TuCsaj1JqsdzBACNfIaMlfUJVy9M"
"not_accessible","mega_api_error_-9","mega","200","1","Varios","Nueva carpeta","Throne Room Song-Ab-79.00bpm","https://mega.nz/file/uvgSTTQY#CpgerfDrbnNx2e4H8dVPcmH2KEyBJmNY1Qu57xxsq4U"
"not_accessible","mega_api_error_-9","mega","200","1","Varios","Nueva carpeta","Frente A Frente (feat. Su Presencia)-F#","https://mega.nz/file/7rh03RRT#DEmi1IVkZBi6VDqDGu4CDPYZn8V9JYV5aSMy_D2ifUo"
"not_accessible","mega_api_error_-9","mega","200","1","Varios","Nueva carpeta","Bounces","https://mega.nz/file/arxkXJhK#ykzimzgX0NAHGdT_rc0SoS-NjxkGeNiDhT3BkCnS5NY"
"not_accessible","mega_api_error_-9","mega","200","1","Varios","Nueva carpeta","Sails","https://mega.nz/file/n2pQxJoT#TwgahRzkuXv49hOU1jl3l0IbIIKoaB_KuQC12GaNQf4"
"not_accessible","mega_api_error_-9","mega","200","1","Varios","Nueva carpeta","Ain_t No Grave-Victory-Bm-74.00bpm","https://mega.nz/file/Oy5WVTBY#38FKzbGfMJux_JVNLb9lgaLzHWE_gtizDP5xc4-BjZ0"
"not_accessible","mega_api_error_-9","mega","200","1","Varios","Nueva carpeta","Mas grande - Gateway - MT","https://mega.nz/file/Lrw0Xb4R#yh-EQweZzAbLtYBtCeFGGb8J0bkPBBQnfbOyqHbfu2Q"
"not_accessible","mega_api_error_-9","mega","200","1","Varios","Nueva carpeta","Abre Los Cielos - Gateway feat Julissa - MT","https://mega.nz/file/vmokSR4T#-PNz2keKLEUHORsYy_xVofTZlbGQCk0Jc-nvdrRCHko"
"not_accessible","mega_api_error_-9","mega","200","1","Varios","Nueva carpeta","Digno - Evan Craft - MT","https://mega.nz/file/SnhAiByQ#GuMarkDlEJSj01SoDvpi9g0yydcUlvslVAfdQ2Il5io"
"not_accessible","mega_api_error_-9","mega","200","1","Varios","Nueva carpeta","El Dios de Israel es Poderoso - Medley - Juan C Alvarado - MT","https://mega.nz/file/qrg0mTJa#uUznGXvZgFkxT7GJMsDBBD5Xr_sLA0S0L-9AZletnco"
"not_accessible","mega_api_error_-9","mega","200","1","Varios","Nueva carpeta","Impresionante - MSM - MT","https://mega.nz/file/jmx2mBSY#oszSa7ilfRLPLfjrTehGBfoQTRjmi0OHprOp29QyMyA"
"not_accessible","mega_api_error_-9","mega","200","1","Varios","Nueva carpeta","Profetizare - Barak - MT","https://mega.nz/file/unhUiDLT#fwBlJNafkxn4tJhRQ1MRacPWg5_K6wxGN7nHmYmk63k"
"not_accessible","mega_api_error_-9","mega","200","1","Varios","Nueva carpeta","Cielo En La Tierra- - Un Corazon - MT","https://mega.nz/file/jq4SRTRT#dUEPK1WLqEjXH2EE6_lyA7pWziyzVFTaSsJxNUwE2-s"
"not_accessible","mega_api_error_-9","mega","200","1","Varios","Nueva carpeta","Nuestro Salvador - MT","https://mega.nz/file/6r5kXTDY#AEWu8QC7ouSCnmc1srUQ19wTVkxkrowluNKo9aT7Mew"
"not_accessible","mega_api_error_-9","mega","200","1","Varios","Nueva carpeta","Good Grace - Hillsong - MT","https://mega.nz/file/32hAXDoB#WQWj517QvhgEyd3IvoOsgnCxUNeio83jHNh7rK2iEA4"
"not_accessible","mega_api_error_-9","mega","200","1","Varios","Nueva carpeta","Muévete ya - Abels Worship - MT","https://mega.nz/file/PvgAxJYB#2i_hN8FI3IeWkxO0dMp7YuTRILNMdyOTpljIKb3uc9o"
"not_accessible","mega_api_error_-9","mega","200","1","Varios","Nueva carpeta","Heartbeat - Mosaic MSC - MT","https://mega.nz/file/DqgAUZhQ#3l0HgbCe-hbf648BQceHTNqSy6dIJhaWAfpYJFPClls"
"not_accessible","mega_api_error_-9","mega","200","1","Varios","Nueva carpeta","As You Find Me - HU - MT","https://mega.nz/file/qvggGZiQ#ZdK0IPTVKqY8q7RPGGpYsJ3MeN2qQJFmVxQlsHkAFSo"
"not_accessible","mega_api_error_-9","mega","200","1","Varios","Nueva carpeta","Egypt - Bethel - MT","https://mega.nz/file/byo0UTTT#b2apbTRCgIa7ikygEaSuwkPod007K8nTPt1cZa1qsyQ"
"not_accessible","mega_api_error_-9","mega","200","1","Varios","Nueva carpeta","We Will Not Be Shaken - Bethel - MT","https://mega.nz/file/impG3boL#R5Q09eJd0mSFoqfcCjpgwMNNmQrA_xEPYP0Ac6P1gQo"
"not_accessible","mega_api_error_-9","mega","200","1","Varios","Nueva carpeta","Vengan- Job Gonzales - MT","https://mega.nz/file/Orp01DIa#fTjUuIzEN_G4shepEm3HQ71TtlHWBg3Lo3emkB3y3UQ"
"not_accessible","mega_api_error_-9","mega","200","1","Varios","Nueva carpeta","Nuestro Salvador  - Susy Gonzales - MT","https://mega.nz/file/LzomEbpZ#0Pph5PHB9c3ikQh5DO4_RTrVqFsjE0UCnRk6esZL6qA"
"not_accessible","mega_api_error_-9","mega","200","1","Varios","Nueva carpeta","Es por amor - Alvaro Lopez & ResqBand - MT","https://mega.nz/file/K3wkyJ4I#f9517uMEDEiGnSTxQrtT_Cdat_45t02zf1zrpo9RAfc"
"not_accessible","mega_api_error_-9","mega","200","1","Varios","Nueva carpeta","Thank You Lord For - Israel and New Breed - MT","https://mega.nz/file/2n5mnZgD#TFNPjffbrmnfZdb42_F_TQ-92GbaqO3vaxm1VCBokmQ"
"not_accessible","mega_api_error_-9","mega","200","1","Varios","Nueva carpeta","Enamorado - Alvaro Lopez & ResqBand - MT","https://mega.nz/file/jv4igBzD#zTDBJAggvV6zSsayaL4n6mNhN1-nvbk1669FiHqBxBI"
"not_accessible","mega_api_error_-9","mega","200","1","Varios","Nueva carpeta","Rodeado - Asi peleo mis batallas - MT","https://mega.nz/file/XyoQFDgS#2O4EkBxxV-aHefOcrfPRfQCv1oBeRp3vxoQ__fOmTJY"
"not_accessible","mega_api_error_-9","mega","200","1","Varios","Nueva carpeta","Cantamos A El - Jesus Culture - MT","https://mega.nz/file/amwGXLZR#7HBzViGuXnLXZK7A3G3MXHOyKvkU-E_rSflhAnDEPVc"
"not_accessible","mega_api_error_-9","mega","200","1","Varios","Nueva carpeta","Creo en ti - Alvaro Lopez & ResqBand - MT","https://mega.nz/file/nmgEFT7I#--S1HBGvZlWcFpKrG8LE97AWisIMfYEIjAMr0zoKVfE"
"not_accessible","mega_api_error_-9","mega","200","1","Varios","Nueva carpeta","Habitación-Piedras Vivas - EE&V - MT","https://mega.nz/file/PvhmVZCS#AJY7fDTH6t079tRcb03FeW_dlbvuh44alT8rfiCqfRg"
"not_accessible","mega_api_error_-9","mega","200","1","Varios","Nueva carpeta","Lord I Lift Your Name on High - Lifeway Worship - MT","https://mega.nz/file/7rp0xD7R#aWJelB0PKixdY05BY4kKi9Nw_kKwBvOU55gQvrk4rXs"
"not_accessible","mega_api_error_-9","mega","200","1","Varios","Nueva carpeta","Celebrare - Alvaro Lopez & ResqBand - MT","https://mega.nz/file/WrpCXRiY#VvdxpFL9psmqF3ejcOmhygtLPFK9ekw1PVw3TkR6o4I"
"not_accessible","mega_api_error_-9","mega","200","1","Varios","Nueva carpeta","Santa la noche - Majo y Dan - MT","https://mega.nz/file/Gv4wyBqI#muy1DmgabL6dmfKWhLXIJnjeQqKjstFqif4U9iNDWsg"
"not_accessible","mega_api_error_-9","mega","200","1","Varios","Nueva carpeta","Hay Libertad - Barak - MT","https://mega.nz/file/SuhUjLCA#YwGnM88os90yW2mIZs_Uh_KDwMSnToMWqYaJviwvF74"
"not_accessible","mega_api_error_-9","mega","200","1","Varios","Nueva carpeta","My Life Belongs to You - Israel Houghton - MT","https://mega.nz/file/u3hChBpa#YXLLDtwR2SS9hr-DrGZ4136ttCDYOl-aZcBtfjYHbog"
"not_accessible","mega_api_error_-9","mega","200","1","Varios","Nueva carpeta","Who You Say I Am - Hillsong Worship - MT","https://mega.nz/file/HnpE0JiS#F5pppTRWtlQL8aj46kIJp4qVNb11_0xFRRN5W8taAp4"
"not_accessible","mega_api_error_-9","mega","200","1","Varios","Nueva carpeta","Jesus Mesias - New Wine - MT","https://mega.nz/file/KypWBBia#-PkWIVlYitFUjXCuUNIPCTFHFr9mmKfCPGiro4ymrMs"
"not_accessible","mega_api_error_-9","mega","200","1","Varios","Nueva carpeta","Dios en todo tiempo- Marcos Witt - MT","https://mega.nz/file/mygwDbbC#-fvieYmVhoxBV12ucmKg9zwUuZZeMA9YaPgjfbDLJho"
"not_accessible","mega_api_error_-9","mega","200","1","Varios","Nueva carpeta","Dios Imparable - Marcos Witt -Jesús Salva-MT","https://mega.nz/file/3v5EzLLI#ZDCjdUTIGo-8pyNIUbAPoaLV9ntoaeCp3DCMDwFtTgw"
"not_accessible","mega_api_error_-9","mega","200","1","Varios","Nueva carpeta","O Come to the Altar - Chris Brown & Israel Houghton - MT","https://mega.nz/file/Hu4GyBAL#fvxhHpxL5vBruBngIIORHgD69IgfOUWmW319RBRkBMg"
"not_accessible","mega_api_error_-9","mega","200","1","Varios","Nueva carpeta","Shekinah - Barak - MT","https://mega.nz/file/rromABjT#I0YixovG0FkzuGX6uLuGm7XbzQ3TAuCHPGsExxcLiyY"
"not_accessible","mega_api_error_-9","mega","200","1","Varios","Nueva carpeta","Goodness Of God - Bethel - MT","https://mega.nz/file/Xi4AUDbY#yFD_SjpuLyAaCXhrKIcQ6-YTbYfOMxVi_9garHnHZY0"
"not_accessible","mega_api_error_-9","mega","200","1","Varios","Nueva carpeta","Libertad - Jesus Adrian Romero - MT","https://mega.nz/file/K7x03b4Z#mf9jGEwU46oC4jRAByltfwrXozuhp-Q3e-WiflFKA7w"
"not_accessible","mega_api_error_-9","mega","200","1","Varios","Nueva carpeta","Tu Mereces - Hillsong - MT","https://mega.nz/file/OnwAzZra#TIbuoInx17UamUfMWz5teFQv4cXYFwKYydMefy4V5kI"
"not_accessible","mega_api_error_-9","mega","200","1","Varios","Nueva carpeta","Muestrame Tu Gloria - Jotta A - MT","https://mega.nz/file/e7p2BDaA#qaK0b_r6A3L23PIQnSek6fjWsNxdkcJTlqEBAp59lF8"
"not_accessible","mega_api_error_-9","mega","200","1","Varios","Nueva carpeta","Una Alabanza Caminando - New Wine - 154 bpm (SEC)","https://mega.nz/file/67pQgDba#l5S_xooGtZUggvG4YB_DJix8Mn6EHRfBFySNmf1Nxf8"
"not_accessible","mega_api_error_-9","mega","200","1","Varios","Nueva carpeta","Sube, sube, sube - New Wine - MT","https://mega.nz/file/6ihiwRZT#mOXhFTrz61C8D4AK9JzE-p7a9J61Ks_9wE2ltlifKwg"
"not_accessible","mega_api_error_-9","mega","200","1","Varios","Nueva carpeta","Volverá - Música Más Vida - MT","https://mega.nz/file/63gWVRbJ#ofqPuCUa1sYLetmn0EkepEEDSXjd8au46VCcrK6Vi0s"
"not_accessible","mega_api_error_-9","mega","200","1","Varios","Nueva carpeta","Habitacion-Te Seguiremos  - En Espiritu y Verdad - MT","https://mega.nz/file/O2hQ2ZbQ#uUcMK4F4a9GFJFKz4vNE88ZWiDOEtdIipsFr39AgzjM"
"not_accessible","mega_api_error_-9","mega","200","1","Varios","Nueva carpeta","Movimiento de Gloria  - New Wine - MT","https://mega.nz/file/GuoGyBBQ#2lQjfzSe8JMi-nXcfpiZ-3lEausJmGQm3V_dN-ZzA94"
"not_accessible","mega_api_error_-9","mega","200","1","Varios","Nueva carpeta","Dios de Milagros - Amor, Palabra y Poder - MT","https://mega.nz/file/i7xiGJBS#NY9c9bV2qlcxzV8BfOetEOy-SS6aDmcbbcE2-obYpEM"
"not_accessible","mega_api_error_-9","mega","200","1","Varios","Nueva carpeta","Abre Los Cielos - Gateway - MT","https://mega.nz/file/mrpEiTqQ#QSGVQvqBAYR7BQptt_f0pHkkTW380TfcJGrkDwZGaQs"
"not_accessible","mega_api_error_-9","mega","200","1","Varios","Nueva carpeta","Un encuentro sobrenatural - New Wine - MT","https://mega.nz/file/fno0gL6Q#J-S0Y1CGwJ0IsEDCP_MCcPwWebLHpictoJ1ZWTOziWY"
"not_accessible","mega_api_error_-9","mega","200","1","Varios","Nueva carpeta","Tu Nombre Es Cristo - Marcos Witt - MT","https://mega.nz/file/qmoSFRTD#gfShU0D76kiKCcjMYVyie_PmLLJgrtodR0kg6b76060"
"not_accessible","mega_api_error_-9","mega","200","1","Varios","Nueva carpeta","Gracia Inmerecida - Marco Barrientos - MT","https://mega.nz/file/br5m1Z4B#5NGb6JPu_MQDlENTpL94DzMg-EaSr1iRhU4JrNno_1s"
"not_accessible","mega_api_error_-9","mega","200","1","Varios","Nueva carpeta","Quien Como El - Kenneth Rojas -MT","https://mega.nz/file/vugEFRSA#4y_s3etWIrF-mmwEWzGERHCWL49C6LsqOBWZCVcD8jY"
"not_accessible","mega_api_error_-9","mega","200","1","Varios","Nueva carpeta","MultiTrack-Love Like Fire-Love Like Fire-D","https://mega.nz/file/zuo2xT6L#J8urnbzDh8xpxRTMKY3Ei33ef9UnAowBxbkZpAGzOJE"
"not_accessible","mega_api_error_-9","mega","200","1","Varios","Nueva carpeta","Aviva - Soulfire revolution","https://mega.nz/file/nnxGEB5R#yFENdyJIBv95yxvgqEFjCAj5qQcHYDnhaiPdDs1QZl0"
"not_accessible","mega_api_error_-9","mega","200","1","Varios","Nueva carpeta","Creo en Ti - Soluciones Live","https://mega.nz/file/KjoyjbzA#jJxuc-buD4yuL-IcKUqdBAeThLYxmzgNe74ORl3Yn_A"
"not_accessible","mega_api_error_-9","mega","200","1","Varios","Nueva carpeta","MultiTrack-Glorioso-Más y Más-B","https://mega.nz/file/GzhwVJxD#LfjwboWaBKdfVfgTmspmYqqbqeZLxpw5rMmeClNHetk"
"not_accessible","mega_api_error_-9","mega","200","1","Varios","Nueva carpeta","EEYEV - No Puedo Callar","https://mega.nz/file/DrxWRThQ#_F5vZfDl8UCbMoMrPT3cRzmQ_Tv7dEI7MIrmdTqA7cg"
"not_accessible","mega_api_error_-9","mega","200","1","Varios","Nueva carpeta","CDC- En El Trono Está","https://mega.nz/file/fjpGEJjQ#0yu_oJzVlNaseOytnHxWT6ZyEIS4rmvZIuZaxRoVsRA"
"not_accessible","mega_api_error_-9","mega","200","1","Varios","Nueva carpeta","BM - This is Amazing Grace","https://mega.nz/file/zq50wbIZ#58wJohIa7RX9uE3-xZPVZOXRRKRoecyP7jcHBXTPDi0"
"not_accessible","mega_api_error_-9","mega","200","1","Varios","Nueva carpeta","NS - O Senhor é Bom","https://mega.nz/file/mu4ySDZZ#L9df1szvLXWieUKyz5lNb-uLjIYGIjq4xlJO2YZpS9g"
"not_accessible","mega_api_error_-9","mega","200","1","Varios","Nueva carpeta","CBC - Toda La Gloria","https://mega.nz/file/Wj5UhZob#L8t6ch_Py-RWqE5znK6sJHPbKl2-dYI2npCRc4AbKvw"
"not_accessible","mega_api_error_-9","mega","200","1","Varios","Nueva carpeta","CF - En Pos De Ti","https://mega.nz/file/Dm5gzJBa#P2mg-EgrEUb9dPFjOy79hlyA0n06po4xWV34uvZGKQg"
"not_accessible","mega_api_error_-9","mega","200","1","Varios","Nueva carpeta","EW - Te Exaltaré","https://mega.nz/file/jqwinThA#gKMcC_i4fXeKor9u578KR0bhSxQYaYPaqN8n8860cp8"
"not_accessible","mega_api_error_-9","mega","200","1","Varios","Nueva carpeta","KJ - Forever","https://mega.nz/file/Tn5S3b4D#r9l6SZDwgD-7qMeSVTYqZ6lip24-Ac32aJUEvOW7K0I"
"not_accessible","mega_api_error_-9","mega","200","1","Varios","Nueva carpeta","CT - A King Like This","https://mega.nz/file/iuoA1LaZ#dhs_RSy0mhoqb4B9nxzSQ9cToV_InFC7puIwgoiO2jM"
"not_accessible","mega_api_error_-9","mega","200","1","Varios","Nueva carpeta","DZ - In Jesus Name","https://mega.nz/file/nu52hLQL#osvtYj-NhtswCnI3SuCb0Pxuzwnbrk85vsoBCEKAX4w"
"not_accessible","mega_api_error_-9","mega","200","1","Varios","Nueva carpeta","BMK - You Make Me Brave","https://mega.nz/file/zvowVBQa#ryb1P4rSMaFPEt9CbVPWwTcXRTXRnhXXlZAyD3XCpbg"
"not_accessible","mega_api_error_-9","mega","200","1","Varios","Nueva carpeta","our god","https://mega.nz/file/mnpizJTR#89_iNWuucJq4YxM39aO23D_zIJ49bC7VAqP39mi-2cM"
"not_accessible","mega_api_error_-9","mega","200","1","Varios","Nueva carpeta","Gracia  Sublime, this is amazing grace (phil wickham)","https://mega.nz/file/b6pCSJxb#qNevsws1P3L2XPMA2zDMO2es4BvvVLAqWY3XoDOJa6A"
"not_accessible","mega_api_error_-9","mega","200","1","Varios","Nueva carpeta","multi gods great dance floor","https://mega.nz/file/LrgmlJrC#k5KMXKM6NY5dACgkztzTqA15iJsAK5B52tqKv8n_lMY"
"not_accessible","mega_api_error_-9","mega","200","1","Varios","Nueva carpeta","[MultiTracks] Eres Todopoderoso - Danilo Montero","https://mega.nz/file/viww0DaD#4OzfT0oP7ZeHH-YAqhFeLNxHR8KuiT6fenJjkA76E5M"
"not_accessible","mega_api_error_-9","mega","200","1","Varios","Nueva carpeta","[MultiTracks] Alive - Hillsong Y&F","https://mega.nz/file/emgShTTZ#WijPuVKpYLpmkr9C4NbIRUyoZ7m25iAQYP6UxflSxfc"
"not_accessible","mega_api_error_-9","mega","200","1","Varios","Nueva carpeta","[MultiTracks] 1000 Reasons - Matt Redman","https://mega.nz/file/7rhEFTwS#pVxVgiO5qUaUAApGpS12CqPZ5hTPOOP9nOxUyEiuALM"
"not_accessible","mega_api_error_-9","mega","200","1","Varios","Nueva carpeta","[MultiTracks] Oceanos - Hillsong","https://mega.nz/file/Sj5QCJqT#pbv30FZg_dgdCqNQob5jLmIfkRXZ30OuQIXE2zp_n_0"
"not_accessible","mega_api_error_-9","mega","200","1","Varios","Nueva carpeta","[MultiTracks] Tu Presencia Es El Cielo - Israel Houghton","https://mega.nz/file/q2pkmTwI#H-WF6dZIKmE0Q4vf0c91kHVwH0U3WBQy-aliAtj4G8M"
"not_accessible","mega_api_error_-9","mega","200","1","Varios","Nueva carpeta","[MultiTracks] God's Great Dance Floor - Chris Tomlin","https://mega.nz/file/mug0FR4D#tOqJySYl2fX0qaw2K13PBVEZ7xJyD27E2n66Qd8Z8S0"
"not_accessible","mega_api_error_-9","mega","200","1","Varios","Nueva carpeta","Bani Muñoz - Ven","https://mega.nz/file/6j5SWT7B#WSfBUG-UDPXD93cTrYdnN3KmkEBv7e6PWba0GkuPGqc"
"not_accessible","mega_api_error_-9","mega","200","1","Varios","Nueva carpeta","MultiTrack-Se Mi Todo (En Vivo) {Feat. Marcela Gandara}-Vuelve Otra Vez (Live)-B","https://mega.nz/file/Hn5AVDxJ#5X-_3cCgrcQUncdFaLlsfEPb0H1toMrBPFNDWN3RSrw"
"not_accessible","mega_api_error_-9","mega","200","1","Varios","Nueva carpeta","MultiTrack-Libre Soy (feat. Alex Campos)-Generación Radical-C","https://mega.nz/file/b34iSLhJ#i_ip3bu4biFWG1vaqA0J84kVPry10YcrV5pMZC97IgQ"
"not_accessible","mega_api_error_-9","mega","200","1","Varios","Nueva carpeta","Dios Incomparable - Generacion 12 - MultiTrack Original","https://mega.nz/file/q25AkDIL#7ZcWP741rvjnEdjk9Ab41ftG_l32MfcafamtgvtodaY"
"not_accessible","mega_api_error_-9","mega","200","1","Varios","Nueva carpeta","MultiTrack-Trae El Cielo Aquí-Generación Radical-D","https://mega.nz/file/PzpC2R5Q#dKzgB4FonG-t4gOJ10Kl6tqwx6XklERr3rmm6G5fM6w"
"not_accessible","mega_api_error_-9","mega","200","1","Varios","Nueva carpeta","MultiTrack-Danzar (feat. Redimi2)-Generación Radical-C#m","https://mega.nz/file/6upWURzI#zKjK4zy0iealXjynVCtIG2L5NAEVUoLeol01o-3NGeM"
"not_accessible","mega_api_error_-9","mega","200","1","Varios","Nueva carpeta","Art Aguilera - Hay Libertad - Alejandro García","https://mega.nz/file/6i4UHJZL#AixPL5_KbfeQeSb3oAdPLNr83vLs_4q2ixg7OFZ1aLw"
"not_accessible","mega_api_error_-9","mega","200","1","Varios","Nueva carpeta","Todo Lo Has Cambiado-Todo Lo Has Cambiado-C-125.00bpm","https://mega.nz/file/OypUGTKL#lQz-a9OwoOfhHJXWzXpU8XBCoGdWiugm2rryP8cg_ik"
"not_accessible","mega_api_error_-9","mega","200","1","Varios","Nueva carpeta","MultiTrack-Eres Todopoderoso Popurrí-Mi Viaje-D","https://mega.nz/file/CmhCyLzT#UR62iGcfcJGGIGMvrlFSZMPU4on-inhrDZ6jV-YgeNA"
"not_accessible","mega_api_error_-9","mega","200","1","Varios","Nueva carpeta","MT Abres Camino G12","https://mega.nz/file/rrwGDb6L#R9PVeQK2__nUcgEKExcquJyqyq-vnEkwtyKgDhevaaU"
"not_accessible","mega_api_error_-9","mega","200","1","Varios","Nueva carpeta","Prophesy-Legacy-Cm","https://mega.nz/file/S65WiTpB#3bJkkXT1nWJKzH1tcZiIWWDSfahbBRW4V7yXrrQ7Ino"
"not_accessible","mega_api_error_-9","mega","200","1","Varios","Nueva carpeta","Cosas_Poderosas_-_Vída_Mia-Coalo_Zamorano-90BPM-4_4-D(-2)","https://mega.nz/file/v24ggbiQ#ygBl1_U950HZ4jkpyqcL7WHsR2jStPH8xmi8HY5Nrbw"
"not_accessible","mega_api_error_-9","mega","200","1","Varios","Nueva carpeta","Digo_Si___Santo-Coalo_Zamorano-71BPM-4_4-D","https://mega.nz/file/qrpUwZAA#hbBxHy7SxZEV713P-jdeL0m1PnB5sh5PKzPd7uzCcus"
"not_accessible","mega_api_error_-9","mega","200","1","Varios","Nueva carpeta","Nadie Mas-Nadie Mas-G-110.00bpm","https://mega.nz/file/Tn5kQbYC#xzQi2aBQx1WKLA0_hEbxFtqXvV8OH9V_uwl55mdm5aQ"
"not_accessible","mega_api_error_-9","mega","200","1","Varios","Nueva carpeta","11. Praise Goes On - 118bpm(Ab)","https://mega.nz/file/WmwEULCD#tfHImT9HAn8rnDzYJspY-CWwgWy3lY65mWCLeBv2QV0"
"not_accessible","mega_api_error_-9","mega","200","1","Varios","Nueva carpeta","MultiTrack-Laura Soughelis - Closer-E","https://mega.nz/file/OzpExRZA#6aoOiAKbP9lBG2ah4xjQVzXS44udS2oTOdLbZc_X36s"
"not_accessible","mega_api_error_-9","mega","200","1","Varios","Nueva carpeta","Quando o mundo cai ao meu redor","https://mega.nz/file/rrxCTRDD#ZF1JQd6-QXzMKc88C42D8uci1qz1KacaIhs5K5zW7fU"
"not_accessible","mega_api_error_-9","mega","200","1","Varios","Nueva carpeta","SALMO 23","https://mega.nz/file/CyoU1BbD#9QeafkBOnyRrYWCuYjnS-Y4O9ceMKjGeW4qhxQGkl_4"
"not_accessible","mega_api_error_-9","mega","200","1","Varios","Nueva carpeta","Pra sempre - Ministerio Avivah","https://mega.nz/file/q7g2xB5K#P8-z0MsSRFGB9IwxEjjZc1TZOjm-Mb3wjvkZ2bDkgsU"
"not_accessible","mega_api_error_-9","mega","200","1","Varios","Nueva carpeta","SOBRE A GRACA","https://mega.nz/file/rvpiRJCC#7-3T1tPI98XibouvTN6zgtaFBRktSdnRhJYeRCPDlqc"
"not_accessible","mega_api_error_-9","mega","200","1","Varios","Nueva carpeta","VS 1000 GRAUS (RENASCER PRAISE) BIT153","https://mega.nz/file/zuh0CRCC#9KCtfbC1YSLucJEXB9ZeY3CgiIJBsJoA8rpsLC8JWwA"
"not_accessible","mega_api_error_-9","mega","200","1","Varios","Nueva carpeta","HW - Hosanna","https://mega.nz/file/Xr4kzZIb#5Up4lhUsxmUow4yC0xQ4CsTNTL-vEsEmMFtpkif_574"
"not_accessible","mega_api_error_-9","mega","200","1","Varios","Nueva carpeta","AINDA QUE A FIGUEIRA","https://mega.nz/file/jjhAiDJb#1laeDNfX1WzmOzkR6jh3tb6CI8oYXTzA_3Cg1nSJ448"
"not_accessible","mega_api_error_-9","mega","200","1","Varios","Nueva carpeta","MultiTrack-Doxology-Hymns-G#","https://mega.nz/file/e2hUUZpY#Qz8LEboach2sTkdPzpSzg8qesJsmWFUBZDCVuBDp3rI"
"not_accessible","mega_api_error_-9","mega","200","1","Varios","Nueva carpeta","Campamento Celestial RCBV Project","https://mega.nz/file/f6wi1B6B#GMl4t_jVXGzm3VQ-8xCG0Uv5xFpOIBCDD16Lzt5WrVM"
"not_accessible","mega_api_error_-9","mega","200","1","Varios","Nueva carpeta","MultiTrack-Soy Tu Hijo-Adora a Jesús-C","https://mega.nz/file/qrhCXL7b#_lVnceNyaW9nVu2kTqLQnfnGqcv3I2lSX4BkUWyqVtA"
"not_accessible","mega_api_error_-9","mega","200","1","Varios","Nueva carpeta","Cindy Cruse - Estas Conmigo","https://mega.nz/file/vj5EEJDS#RObvesY7djtPqo00oDdlFtWQ-d06Gr37mYKl08yaREc"
"not_accessible","mega_api_error_-9","mega","200","1","Varios","Nueva carpeta","MultiTrack-Blazing Light-Abide-Em","https://mega.nz/file/GmhGFBKS#z29IfG16uM3vw16MzjlfyfyPpV9uhjjl8Bfli4AgYys"
"not_accessible","mega_api_error_-9","mega","200","1","Varios","Nueva carpeta","Anciano de dias 98 bpm Project","https://mega.nz/file/empkxBBK#5x50lARTTwbygGAIK-9jgJeTmi2R8n7KijiconnQHFs"
"not_accessible","mega_api_error_-9","mega","200","1","Varios","Nueva carpeta","Great I Am-You Hold It All-D - MultiTrack","https://mega.nz/file/rmoS3LaB#zw1G4zSQvO7IL3or0nq4787ENY27nws1RdNk4wVZosI"
"not_accessible","mega_api_error_-9","mega","200","1","Varios","Nueva carpeta","PARA SIEMPRE - EQUIPO +","https://mega.nz/file/LmoyHDYT#BjIwSHMrr7rwjfagYtqfjjmDOVyQ0tnIVPk5z7L4iqs"
"not_accessible","mega_api_error_-9","mega","200","1","Varios","Nueva carpeta","SHEMA - EQUIPO +","https://mega.nz/file/uvogATIQ#YoxWoMbep0dx3EyjT8maz4MSbuIQh5SsVoYobn6rnZk"
"not_accessible","mega_api_error_-9","mega","200","1","Varios","Nueva carpeta","ABBA PADRE - EQUIPO +","https://mega.nz/file/yjgEAL7I#Wr_TGO4A5d_79NIGIjc2JRkJTIfM9i2vkLQWDvzrwC8"
"not_accessible","mega_api_error_-9","mega","200","1","Varios","Nueva carpeta","Jeremy Camp - has the herald Angels sing - F","https://mega.nz/file/yn5CCJZI#p3eOtCHZg__hvKCNGjUGwJHjhou3b8X5HOKr6IwBDFI"
"not_accessible","mega_api_error_-9","mega","200","1","Varios","Nueva carpeta","Es Navidad_Completo Tercer Cielo","https://mega.nz/file/jmpQgDzA#KNS6k8ZPOltXizA5gH3xwDRfg177tMTy2HIyAoCqBfs"
"not_accessible","mega_api_error_-9","mega","200","1","Varios","Nueva carpeta","Nacio Jesus_Completo","https://mega.nz/file/WrgUBRDZ#AKaU3ZkEYq38lPINgbYH8QbAv9LMKditN9qWJoc48BE"
"not_accessible","mega_api_error_-9","mega","200","1","Varios","Nueva carpeta","Canten Al Rey - LifeWay Worship","https://mega.nz/file/CigyUDDC#Yii091wx_bjgNOtwVMzOrpxfME2WC9AroiVwsxwvNgA"
"not_accessible","mega_api_error_-9","mega","200","1","Varios","Nueva carpeta","Salvador - Go tell it on the mountain - B","https://mega.nz/file/7uhQjLiD#Rvi6v141Lip9w_9DBxdAjFQ4lXFRxlaPHqdUNsx_HJU"
"not_accessible","mega_api_error_-9","mega","200","1","Varios","Nueva carpeta","Jesús Nació-Llegó la Navidad-C","https://mega.nz/file/Gu52yJgY#MYfn1HQxQJW9FNxcp5-AJL30vMpIV_YASzfG_4_KvIY"
"not_accessible","mega_api_error_-9","mega","200","1","Varios","Nueva carpeta","Noel-The Peace Project-B","https://mega.nz/file/XvoESbDK#OzzAvTX7E0m4FsH2kmkdGFoiEXX7A2QjlU5zvyHbrws"
"not_accessible","mega_api_error_-9","mega","200","1","Varios","Nueva carpeta","Alabanzas al rey_Completo","https://mega.nz/file/uvpQWBCA#nbI7qMiPV7_6qc36Abz0aLvwv-QGsZ52_dK6s4MwF1Y"
"not_accessible","mega_api_error_-9","mega","200","1","Varios","Nueva carpeta","Bless Your Name-No One Higher-A","https://mega.nz/file/rr5AiJBL#XTsIpqEzSogpNQ10l9NCoPgeRmv2x_l45kPRuEmgzyU"
"not_accessible","mega_api_error_-9","mega","200","1","Varios","Nueva carpeta","MultiTrack-For Who You Are-Supernatural-E","https://mega.nz/file/H3wAzBIL#QhL27BxwOcpk75jl0XmN2PrUItyZi5rz_iikJ5MIEZU"
"not_accessible","mega_api_error_-9","mega","200","1","Varios","Nueva carpeta","MultiTrack-Hijos de Luz-Hijos de Luz - Single-G","https://mega.nz/file/jmh0GR5Z#dcMYUdrwS0LVvhvFenm8CtCfIQ8dH27xKLPTsGbpDsw"
"not_accessible","mega_api_error_-9","mega","200","1","Varios","Nueva carpeta","Tu Tienes Lo Mejor Para Mi Multi [FabianPulido']","https://mega.nz/file/W65AWbLR#Th3VyTxMyP-EM9LvGuFiF6MlNEFKjUjG_8_DyCC4AhI"
"not_accessible","mega_api_error_-9","mega","200","1","Varios","Nueva carpeta","Te Exaltaré-El Rey Vive-Ab","https://mega.nz/file/b2wGgbbI#s_Nk6-6iNLorKmtxfYHovFCxOecO7Vy4QGVhwt2H-Sw"
"not_accessible","mega_api_error_-9","mega","200","1","Varios","Nueva carpeta","Regalo celestial (feat. Coalo Zamorano)-Jesús Salva-A Tonalidad Original","https://mega.nz/file/i7gWATzJ#uZppw89GjtLk1Ddxs8Yo8CxP4CGh6pHNIFoie8RVhhM"
"not_accessible","mega_api_error_-9","mega","200","1","Varios","Nueva carpeta","Hambre-Hambre-E-125.00bpm","https://mega.nz/file/rvxkWB5C#P6XMsY0zub_q5k-I0lH7N9rB40L_rKaxrWxH4S7SMo0"
"not_accessible","mega_api_error_-9","mega","200","1","Varios","Nueva carpeta","Multitracks You Are Good - Eres Fiel (E)","https://mega.nz/file/SjoQhBDI#6WGWairfoO7PQmhSu3lTD24EhliDVaDMKoHKOIqBFO8"
"not_accessible","mega_api_error_-9","mega","200","1","Varios","Nueva carpeta","Amanece Project","https://mega.nz/file/znwkxBCR#0wYGgdma5VdpUZK2sPjd6A0kWIX14_CcGottUhK39Ac"
"not_accessible","mega_api_error_-9","mega","200","1","Varios","Nueva carpeta","se Quien eres TU","https://mega.nz/file/PngUEZDJ#GjMbCI35eEpOnZxqQqZjpqiEOql_KhQcTTBm1ByylrE"
"not_accessible","mega_api_error_-9","mega","200","1","Varios","Nueva carpeta","Hay Poder-Seamos Luz-B","https://mega.nz/file/PmhwmL4Q#FPfdy9ANg3ZZagNKPecibCNhc6jqIMsLwQG3O6ejcOk"
"not_accessible","mega_api_error_-9","mega","200","1","Varios","Nueva carpeta","La Cruz-Amor Palabra Poder-Eb","https://mega.nz/file/36xgQRZL#uYNGtk7z099wmEPB8-4muRU2KB3os3PuoARBZAFekn4"
"not_accessible","mega_api_error_-9","mega","200","1","Varios","Nueva carpeta","Multitracks-Dios de lo imposible - David Reyes & Yvonne Muñoz","https://mega.nz/file/6rhWwJoC#5QZmjz_UHg5ZWfSUXkh-BJIOEa0No9YBsHRFE8XqZDA"
"not_accessible","mega_api_error_-9","mega","200","1","Varios","Nueva carpeta","Abres Caminos-Esto Es Un Avivamiento-D","https://mega.nz/file/qzpykLLS#R9PVeQK2__nUcgEKExcquJyqyq-vnEkwtyKgDhevaaU"
"not_accessible","mega_api_error_-9","mega","200","1","Varios","Nueva carpeta","MultiTrack - Hands Toward Heaven - North Point InsideOut","https://mega.nz/file/zrpQAbyK#VBRqZzUq2QH0ZLM9VuImaluFz1T5W61C6pGQS0cDgLg"
"not_accessible","mega_api_error_-9","mega","200","1","Varios","Nueva carpeta","Forever - Kari Jobe - MultiTrack","https://mega.nz/file/zzxW0ZIC#-O_zJ_i8miTAF2XmJvBl1KTHRFjf4LwCy7UZ7yIz5IQ"
"not_accessible","mega_api_error_-9","mega","200","1","Varios","Nueva carpeta","GW - Higher Than The Sky","https://mega.nz/file/zygyDBhb#U39X4OtjItVIHja5nQYgxEQ5QZ7i7mMDtYOgi8bjJ3M"
"not_accessible","mega_api_error_-9","mega","200","1","Varios","Nueva carpeta","Eres Rey Evan","https://mega.nz/file/jn4CBBSS#55a7id4NnWHOetv8Tt7mv-QLWVeJ3LiczpuyrGSh_ag"
"not_accessible","mega_api_error_-9","mega","200","1","Varios","Nueva carpeta","Dios Poderoso Project","https://mega.nz/file/v24SzJaa#Uieqp5k2mC3guiq0kmqXMqMuGzwLblLR1H2XNfS-GJ4"
"not_accessible","mega_api_error_-9","mega","200","1","Varios","Nueva carpeta","Adoption-Costly-D","https://mega.nz/file/u3x2hRzS#p36a1PCANbYYdmdmmHL7JJwnjnA41Sq6c7U8B6XiXN0"
"not_accessible","mega_api_error_-9","mega","200","1","Varios","Nueva carpeta","Gracias Sublime by Alejandro García","https://mega.nz/file/q2h0DZSb#iq1HTBAN6kBUwdSh_hb5tJV5RVEanoybnmGJkgtdPfw"
"not_accessible","mega_api_error_-9","mega","200","1","Varios","Nueva carpeta","Hay Poder-Mas Fuerte Que Nunca-A","https://mega.nz/file/GqoAhRaR#Yw5ocT393RAH2fm_cDq43XsaQfkb0PH620beLhAI5HI"
"not_accessible","mega_api_error_-9","mega","200","1","Varios","Nueva carpeta","MultiTrack-Derrochar de Colores-Tu Voz-D","https://mega.nz/file/aigwiLab#g_50Id60SkOz3PyrfNavsz_kRq9rMD08n5RZy7PaLWc"
"not_accessible","mega_api_error_-9","mega","200","1","Varios","Nueva carpeta","AM - We Are Redeemed","https://mega.nz/file/HvhS0RYZ#y-Gng60mdNWRLU5en4JPpOTMqKbla0h2YgjctprIN9c"
"not_accessible","mega_api_error_-9","mega","200","1","Varios","Nueva carpeta","Vivo Estoy-Hay Mas-C-115.00bpm","https://mega.nz/file/O3oU0D6I#S9DjR4z0UOF2Ud14kwTXqeEKee2RCMV5lKrahJ1FZ3A"
"not_accessible","mega_api_error_-9","mega","200","1","Varios","Nueva carpeta","11. Praise Goes On - 118bpm(Eb)","https://mega.nz/file/KvwQiTpI#xO_5uXl7WF-JHXdkVZFpmEDx9M2Zp0Cl_zXEtcEMYTE"
"not_accessible","mega_api_error_-9","mega","200","1","Varios","Nueva carpeta","MultiTrack-Behold (Then Sings My Soul)-Let There Be Light-B","https://mega.nz/file/G24UXDDC#MX_RmB5lxS0N5yIpD9MiEMu35WaVjuJ8TcPAQfI-kM4"
"not_accessible","mega_api_error_-9","mega","200","1","Varios","Nueva carpeta","En Tu Presencia-Hay Más-A","https://mega.nz/file/DroUkTzL#ZiKBSK5nDzYuW-S4MVGZv6Ijg0oB_-Ij5FswHLYwTRA"
"not_accessible","mega_api_error_-9","mega","200","1","Varios","Nueva carpeta","Only Wanna Sing (Acoustic)-Youth Revival Acoustic-G","https://mega.nz/file/n3hU2L7I#fBCl3J81odAJeADUvCZW-oq3ZJ6Jr-Y38aEkiBIFmis"
"not_accessible","mega_api_error_-9","mega","200","1","Varios","Nueva carpeta","MultiTrack-Victory-No Other Name (DVD)-G","https://mega.nz/file/SmhAzDaL#E6p_JL56njGsmm3VY4DStCRhu12sNCLu8Wt1OEHGYKs"
"not_accessible","mega_api_error_-9","mega","200","1","Varios","Nueva carpeta","We Praise You-We Praise You-A","https://mega.nz/file/Gn5kBbKJ#5oG3BW97khCG-nI4FzY2K4T7tZehJ97QigVHdMGOzu8"
"not_accessible","mega_api_error_-9","mega","200","1","Varios","Nueva carpeta","Mi Testimonio (My Testimony)-Tumbas a Jardines-B","https://mega.nz/file/q7oCkTSA#wd5e_QKdL7_J8f6iOQmM6m18ROETAY73uizbQ5Kc4RM"
"not_accessible","mega_api_error_-9","mega","200","1","Varios","Nueva carpeta","Crowns-Let There Be Light-G","https://mega.nz/file/HqxSxByD#htYcLL-q4h8ZRoE6S5jbuPcF7P_qJG9dVafy-w3jrjk"
"not_accessible","mega_api_error_-9","mega","200","1","Varios","Nueva carpeta","MR - We are the free","https://mega.nz/file/y25URD6K#-1TyclKcHKRjmskxgzG1A7Zm5TjgIPptDkIN4mLCp0I"
"not_accessible","mega_api_error_-9","mega","200","1","Varios","Nueva carpeta","World Outside Your Window-World Outside Your Window - As I Am-A-137.00bpm","https://mega.nz/file/Pjxw0DgD#o4sAQslE7vMsWG73_PEz_4JXY3USITkKTY_OR-at0YM"
"not_accessible","mega_api_error_-9","mega","200","1","Varios","Nueva carpeta","11. Praise Goes On - 118bpm(C) [Original]","https://mega.nz/file/XjoSiRob#zzRLKSZcSBLY1Q-UCXB6yhG_YMJDx40pU4mZrQtbWQk"
"not_accessible","mega_api_error_-9","mega","200","1","Varios","Nueva carpeta","Lincoln Brewster - Majestic - 126BPM (D)","https://mega.nz/file/rzoWVTiI#zbYH9dtqFch4yNuzu38WNo0BVqBhWDxm3c7HVkmFK3I"
"not_accessible","mega_api_error_-9","mega","200","1","Varios","Nueva carpeta","Natalie Grant - The Prayer - 59BPM (F)","https://mega.nz/file/u2hUgb5D#ultDlRdBFB8o1x1EzzPzARXpbET6lvi4OMs5O7QuP4M"
"not_accessible","mega_api_error_-9","mega","200","1","Varios","Nueva carpeta","Profetizas-Profetizas-Bb","https://mega.nz/file/6mg0hZyB#yekhekbKIPAkX1wUS8BtUz1dU4udkE0QcMmjzsstc7M"
"not_accessible","mega_api_error_-9","mega","200","1","Varios","Nueva carpeta","In Your Eyes (Acoustic)-Youth Revival Acoustic-C","https://mega.nz/file/f7xSRBKT#DFleLdvZXgYmadhTOxJYUXYxkza7lLnjY_ch7wMfdjY"
"not_accessible","mega_api_error_-9","mega","200","1","Varios","Nueva carpeta","Anderson Freire - Canção do Céu","https://mega.nz/file/37wmFbAQ#-7rMpl8RrXqyrl9x-JqvJvswhT0j5EFYe87ElawTX7Y"
"not_accessible","mega_api_error_-9","mega","200","1","Varios","Nueva carpeta","IBI Hay Libertad Project","https://mega.nz/file/WvhChJyJ#4CtuXcVMS-TdHamE9NSskoAzvofL8Wh3btXJsstw1PE"
"not_accessible","mega_api_error_-9","mega","200","1","Varios","Nueva carpeta","Multitrack-J£sus-Amor Palabra Poder-Gb","https://mega.nz/file/ezoCwDhS#NJ9DjX7uZOdAarHu_5od-7FwEdAorDqwOlH2OpW6RX8"
"not_accessible","mega_api_error_-9","mega","200","1","Varios","Nueva carpeta","MultiTrack-Jesús Vengo A Ti (Jesus I Come) [feat. Evan Craft]-Lo Harás Otra Vez-D","https://mega.nz/file/6rp2jDja#1J3CG1AwZ2wN9uDdysO6s0E_A1-FvwAdWoUJCW5cOLk"
"not_accessible","mega_api_error_-9","mega","200","1","Varios","Nueva carpeta","Permaneces Tù-Volverà-A","https://mega.nz/file/unhW1TgR#DlLoXde1KKkvw_PQ_zoLg0HzHtvHTJS4-yJ2NMY2I5Y"
"not_accessible","mega_api_error_-9","mega","200","1","Varios","Nueva carpeta","Vivo Para Amarte","https://mega.nz/file/brhQ0bQD#14mkpASH1Nj-_g1Hr5Jq3E9Hg8rZWQE3jFsLSvyYYlM"
"not_accessible","mega_api_error_-9","mega","200","1","Varios","Nueva carpeta","MultiTrack-Quiero Alabarte-Tu Nos Salvarás-B","https://mega.nz/file/Xn4mRJAC#6JX1nEqG-Dci2o3tFKM3TDoX-wU5uMq6jnmoaOkT4nw"
"not_accessible","mega_api_error_-9","mega","200","1","Varios","Nueva carpeta","MultiTrack-Viens et ranime-Viens et ranime-Eb","https://mega.nz/file/3voyXTpC#tkS8vbTTjg4NDt8dEShCek7lcrqEzJXARdGESkAkrnU"
"not_accessible","mega_api_error_-9","mega","200","1","Varios","Nueva carpeta","Vivo Para Amarte-Sigues Siendo Dios-D - MultiTrack","https://mega.nz/file/Gv42kZ7B#zowjJ4gov-rNzkZipB5olRdTr4MiQCUNyaMrIAfB7Xo"
"not_accessible","mega_api_error_-9","mega","200","1","Varios","Nueva carpeta","The Anthem-Limitless-D","https://mega.nz/file/37xUWLiC#cKo47HFvWrNjySC6P76VxusVS2wPQgXX86j8e7p4Ii8"
"not_accessible","mega_api_error_-9","mega","200","1","Varios","Nueva carpeta","MultiTrack-Dios de Milagros-Amor Palabra Poder-MCDD-Bb","https://mega.nz/file/qm4iWLCZ#nfUwJgs7h0QUyN5ek6FQApqT5meDBDCXQ7_xvli5XJU"
"not_accessible","mega_api_error_-9","mega","200","1","Varios","Nueva carpeta","Impresionante-Impresionante-A","https://mega.nz/file/SipQkZKY#vuahgqHEOA7pLkamUUR6UxsUHVL3QQQBoGOZrL7bGto"
"not_accessible","mega_api_error_-9","mega","200","1","Varios","Nueva carpeta","Sublime Gracia Es-Unidos Por Cristo-A-98.00bpm","https://mega.nz/file/jnoQGZhD#pKd5OMGq17fLcesUInOBVuUJSoRpMDkwH-o_igfRgPc"
"not_accessible","mega_api_error_-9","mega","200","1","Varios","Nueva carpeta","Glorius Ruins Multitrack","https://mega.nz/file/W6hUULpY#dHrNvDZRmGRWCJ9RN59Z-hM5L7nFhWQDZ92MpdIYpIk"
"not_accessible","mega_api_error_-9","mega","200","1","Varios","Nueva carpeta","Just Jesus (Lark Remix)-III (Reimagined)-Db-113.00bpm","https://mega.nz/file/Pr5C3JZJ#aJe8XuxuC3DR4AMkouHdlovdqArv0_RkuU0QSc3vBh8"
"not_accessible","mega_api_error_-9","mega","200","1","Varios","Nueva carpeta","Entre Las Llamas-People en Español-C","https://mega.nz/file/HmgizJaB#HFVjMy5-3UwgdlGuIfFECGuaJ1AIvi--cUg3g8-Z28E"
"not_accessible","mega_api_error_-9","mega","200","1","Varios","Nueva carpeta","Leave Me Astounded-Outback Worship Sessions-C","https://mega.nz/file/juwCBZ5K#w6Z_7Noh597fSZFRSr8PMWwX8vkizrTJPGGfeTY_8Lo"
"not_accessible","mega_api_error_-9","mega","200","1","Varios","Nueva carpeta","MultiTrack-Forever (Live Version)-Majestic-Ab","https://mega.nz/file/iz42hZrQ#e3sqD0k-6PInqH0AooxIyxlguWByXhxxG43i4j0k-iY"
"not_accessible","mega_api_error_-9","mega","200","1","Varios","Nueva carpeta","Go Tell It On The Mountain-Hope Was Born-B","https://mega.nz/file/6rhAjLIS#l0ua9n7JFNuFeR8iMVszi7EhBD19eQsxBrGmB0NUBNI"
"not_accessible","mega_api_error_-9","mega","200","1","Varios","Nueva carpeta","MultiTrack-Beautiful Exchange-A Beautiful Exchange-D","https://mega.nz/file/WmwSVLgT#sZLh2NWB2h9zwzY9uNdfI_JbFfJu3hOcek0SU698s34"
"not_accessible","mega_api_error_-9","mega","200","1","Varios","Nueva carpeta","Wake - We Are Young & Free (Live)-G","https://mega.nz/file/i2giiJwQ#CbcmtYRffkpm0qISETJL0C6jGr2rpbhkAfO70KKf8Q8"
"not_accessible","mega_api_error_-9","mega","200","1","Varios","Nueva carpeta","Cuando pienso RCBV 155 bpm Project","https://mega.nz/file/TipwnRqK#7F84Ic2yZ5gNJnJIm1ddlwU0htu7FV6mu_R4tWWcry0"
"not_accessible","mega_api_error_-9","mega","200","1","Varios","Nueva carpeta","Available 80BPM 4.4 Gb","https://mega.nz/file/HjxiEJ7C#i9r7cCk8Z8yx9LLznyXbnd7cGe0v7GgSzQLjFIC_inY"
"not_accessible","mega_api_error_-9","mega","200","1","Varios","Nueva carpeta","Fall On Me-Fall On Me-Bb","https://mega.nz/file/iuhm0byI#6V2j7lFqv8YifhsmDFhmJcXTO1xFHpyMu0P1hyQMfok"
"not_accessible","mega_api_error_-9","mega","200","1","Varios","Nueva carpeta","Hermoso (feat. Coalo Zamorano)-Jesús Salva-G","https://mega.nz/file/SqhwVRob#S0481mAVBn08KtUc-Lp-FpvGR8-DeTKcAUdfJi92eb4"
"not_accessible","mega_api_error_-9","mega","200","1","Varios","Nueva carpeta","Chris Tomllin - Our God [B]","https://mega.nz/file/mypUVBrS#XpkYA7rg1Sk4SWLOjHc9M1y_BPAy8tFwxFKfP44AYvU"
"not_accessible","mega_api_error_-9","mega","200","1","Varios","Nueva carpeta","Running after you (G) - Wellspring Worship","https://mega.nz/file/bzwAXRiI#acVF_2OzFB4SX25fDhp88BuCW-C5PiocYvHamd7xAnw"
"not_accessible","mega_api_error_-9","mega","200","1","Varios","Nueva carpeta","Muestra Tu Gloria (feat. Melodie Malone)-Glorioso Dia-Eb","https://mega.nz/file/Dzoy0TrT#igxheRvXeQ9uLGVKRvro6L5_xualU98IcgGEtBbFkqI"
"not_accessible","mega_api_error_-9","mega","200","1","Varios","Nueva carpeta","Yo Me Acerco-Legado-D","https://mega.nz/file/v3wCFbxQ#EHOmX1p6QV9mcgJPxfavksOJZ0-tuNZRUcmYRo5kz4c"
"not_accessible","mega_api_error_-9","mega","200","1","Varios","Nueva carpeta","Sing It Again-This Is Our Time-Db","https://mega.nz/file/nyxSFJYJ#wYG9Topg-ZoYliUEZmQTWj0gZtE8mqWmgZDRdifJPoE"
"not_accessible","mega_api_error_-9","mega","200","1","Varios","Nueva carpeta","MultiTrack-Rooftops-Come Away (Live)-G","https://mega.nz/file/nugiQRLK#eKZ4jdx3JbBLr3HmQ0h9xRZQ0ZBvkUvW9f_fisnoSTQ"
"not_accessible","mega_api_error_-9","mega","200","1","Varios","Nueva carpeta","MultiTrack-Lagrimas de los Santos-Noise-B","https://mega.nz/file/O7gWyb7b#Ooo6Xw2pfvnwYpG1gpZPEzBRhQJjg28L0sdtBwB5BeI"
"not_accessible","mega_api_error_-9","mega","200","1","Varios","Nueva carpeta","MultiTrack-Alfa y Omega-Jesús Es Suficiente-F","https://mega.nz/file/nq4mTZBQ#TiKT0AJcGHGOXKfUjm4cfvqfDL7mg4TI3k4xWWbW268"
"not_accessible","mega_api_error_-9","mega","200","1","Varios","Nueva carpeta","EL DIOS QUE ADORAMOS LA IBI","https://mega.nz/file/KyoizTwS#lWiAlzoI09OiUcVciUcGRx9qWtOWJbklO0fb9hrnxns"
"not_accessible","mega_api_error_-9","mega","200","1","Varios","Nueva carpeta","Dios de Mi Vida-(Dios Me Ama)-F","https://mega.nz/file/6nwizbCK#u2vXrEXq_xe1N7kSEOvhr2H986dHL1sWPLyWmHmK8qs"
"not_accessible","mega_api_error_-9","mega","200","1","Varios","Nueva carpeta","MultiTrack-Grande y Fuerte (feat. Talles Roberto)-Tu Habitación-C","https://mega.nz/file/GzgCzT6I#MpAMWK6KBTsqL2l01kFjdKBJ0tzB_tscw29A2SP3QnY"
"not_accessible","mega_api_error_-9","mega","200","1","Varios","Nueva carpeta","All-Glory, Part 2-Bb","https://mega.nz/file/3y52nDAJ#OvwVd397jxVAEBOYElBZvmFQ-V9FoaBORSNkustS7l8"
"not_accessible","mega_api_error_-9","mega","200","1","Varios","Nueva carpeta","This Is Our Time-Outback Worship Sessions-C","https://mega.nz/file/KipQETiD#PVNKXMsy3XwMgTqD72cxb4oVvBhUcn2OFrregg0S_Q8"
"not_accessible","mega_api_error_-9","mega","200","1","Varios","Nueva carpeta","La Nube de tu Gloria-Seamos Luz-F","https://mega.nz/file/i65GXTqR#SIh__lcPsLMzjnzNPax1Ir8EOnpk9e1qKmkOmqhuMbM"
"not_accessible","mega_api_error_-9","mega","200","1","Varios","Nueva carpeta","MULTITRACKS RARIDADE-ANDERSON FREIRE -CLICK 134 - GUIA-PIANO-STRING","https://mega.nz/file/Cmg2XbBC#JsF60Xw73xqEWcWCiXyINjJwsK794Cu1pFAacLOnQa0"
"not_accessible","mega_api_error_-9","mega","200","1","Varios","Nueva carpeta","MultiTrack-Risen-Kingdom-E","https://mega.nz/file/Pzw0jBLT#pYaDKFtimerIgx2nJnFKnVSMPRjQvxpbK8mPstEJt9I"
"not_accessible","mega_api_error_-9","mega","200","1","Varios","Nueva carpeta","MultiTrack-Que Tu Espíritu Descienda (En Vivo)-Deseo Tu Gloria (Alabanza y Adoración en Vivo)-Am","https://mega.nz/file/rixCiZiC#Jk9oWFij14_Nq4iWQSbLpVfov1qJR886dyr1vjG6auw"
"not_accessible","mega_api_error_-9","mega","200","1","Varios","Nueva carpeta","MultiTrack-Come Right Now-Overflow-Ab","https://mega.nz/file/OyoyAbAK#dRStPuG55id73r2yzxZVXmd02WYP65kGr6FDwKYErHI"
"not_accessible","mega_api_error_-9","mega","200","1","Varios","Nueva carpeta","BRIGHTER (REMIX) - 11JUL2015","https://mega.nz/file/n7xSCbob#so7I2otLx9mx8iw8hGRKbRzGCY7le-0l2kNcyDIOPZI"
"not_accessible","mega_api_error_-9","mega","200","1","Varios","Nueva carpeta","No Other Name-Endless Praise -Db","https://mega.nz/file/q3w0mRgZ#jr7MseZKXKSyDPPhpKc11R5pynAEDSU8pkrCeSQEmM4"
"not_accessible","mega_api_error_-9","mega","200","1","Varios","Nueva carpeta","Milagros-Seamos Luz-Db","https://mega.nz/file/P34kwZLY#zUWn2iTHQWBAZeI9TjTr7N1rmQtfAyj6jNwVWJBF4GU"
"not_accessible","mega_api_error_-9","mega","200","1","Varios","Nueva carpeta","M.T - TE DOY GLORIA - MP3","https://mega.nz/file/a75ynLIQ#eAEqsQZzu7xLvX55pNcHGjsukGxM76BeO9dFmnPg6UU"
"not_accessible","mega_api_error_-9","mega","200","1","Varios","Nueva carpeta","Free Worship - Other Names Fade","https://mega.nz/file/m74w1bwC#q6JfmKm5rkzl8RuYLzUMTXNlZdRyXDKq3PzYqSNvqWI"
"not_accessible","mega_api_error_-9","mega","200","1","Varios","Nueva carpeta","Dios Conmigo Estás-Dios Conmigo Estás-D","https://mega.nz/file/7u5mGbjT#kVTwE_LbU2h1xB87lFfn6e2fDldfHl8NDJvLiE1Yadw"
"not_accessible","mega_api_error_-9","mega","200","1","Varios","Nueva carpeta","Break Every Chain-Awe and Wonder-G","https://mega.nz/file/froQnDwI#CqjJU6gVO3lF7DNDMGG_y8uWJ4MHU8GVgI_U7Dq06KU"
"not_accessible","mega_api_error_-9","mega","200","1","Varios","Nueva carpeta","How He Loves -Anthony Evans - MultiTrack","https://mega.nz/file/Xi5AmbqL#osOLiEyRvFOhsrVgRTl1Bxz7_UcIGAio1axhJyqSrpk"
"not_accessible","mega_api_error_-9","mega","200","1","Varios","Nueva carpeta","Endless Praise-Endless Praise-D","https://mega.nz/file/vuhA1TqJ#uyXbLkIOgStJGRqO99b0IbxTfdjsos4r51GyLpN76iQ"
"not_accessible","mega_api_error_-9","mega","200","1","Varios","Nueva carpeta","Aleluya ( Avivamiento)","https://mega.nz/file/CnogWZbC#DRfueSWLdNtCGmU1kt3EuxQouMvwNhqLNIZSUZutmjY"
"not_accessible","mega_api_error_-9","mega","200","1","Varios","Nueva carpeta","Marco B -Poderoso Dios Feat. David Reyes-C","https://mega.nz/file/SrpgCZJb#XwQ5x49saI6oG12kEDBOwofakuwLA-JPrEmLhfVv_Pg"
"not_accessible","mega_api_error_-9","mega","200","1","Varios","Nueva carpeta","The Digital Age - Glow","https://mega.nz/file/q3hAwZ7L#tdNaZltajf2FgtXCbCwN799Tv4v_y4N6XCzEp3e-tQs"
"not_accessible","mega_api_error_-9","mega","200","1","Varios","Nueva carpeta","MultiTrack-Grace So Glorious-Only King Forever-Db","https://mega.nz/file/7v5AVbgL#H4MBAlzoGzODDO3moCmaUIWCly39CJA-5OcCaQXnbkE"
"not_accessible","mega_api_error_-9","mega","200","1","Varios","Nueva carpeta","RehearsalMix","https://mega.nz/file/bzoGUZoZ#aAVgMWJDtm_g0Ugft3QAE_9omx80ZNNnFsl3k7S2D3c"
"not_accessible","mega_api_error_-9","mega","200","1","Varios","Nueva carpeta","Una Nueva Historia-Tu Nos Salvar_s-A","https://mega.nz/file/vuxyjJYR#9LivMIov0xKUu0MwHaEBheIAdZG4XpiwB8fPvMii0Zk"
"not_accessible","mega_api_error_-9","mega","200","1","Varios","Nueva carpeta","Por siempre ter alabaré - Planetshakers - MultiTrack","https://mega.nz/file/CzwEEBCY#2QYTncueVWAqYLNF61GirzH3HtTFMFO57BSuPWlALh4"
"not_accessible","mega_api_error_-9","mega","200","1","Varios","Nueva carpeta","04. Here Again - 68bpm(D) [Original]","https://mega.nz/file/3z5QQJZA#xU225i2C8tB_71--soL-R7Cv9eRzjE7FgqscBqvhIdA"
"not_accessible","mega_api_error_-9","mega","200","1","Varios","Nueva carpeta","SJ - Loved Me First","https://mega.nz/file/7vwyRbQa#Iy2IUkvDWfYRar4KmVswpoJpQoxnuWppvMSd5JzN5D4"
"not_accessible","mega_api_error_-9","mega","200","1","Varios","Nueva carpeta","JA - Nul Autre Nom","https://mega.nz/file/unh2XDSQ#xdC1eDZ1UBjdU4KM_ZnfpG6ijqhnfIAgFcYx8r0Rvtk"
"not_accessible","mega_api_error_-9","mega","200","1","Varios","Nueva carpeta","MultiTrack-Eternamente Amor-Fragmentos del Cielo-D","https://mega.nz/file/yypyXLQL#PK7Xa0ZxHBpVnmYAENgMl15BoFhUWsvvpFXY5snGG1A"
"not_accessible","mega_api_error_-9","mega","200","1","Varios","Nueva carpeta","Me libertó","https://mega.nz/file/7yxAwJZB#LCAzyE6T4ZlAXyFIWgyslBPd53BgPTOHiy8sUigdojs"
"not_accessible","mega_api_error_-9","mega","200","1","Varios","Nueva carpeta","Rey-Más Profundo-E","https://mega.nz/file/6q5WWbYR#xc5w-c_M2fSU9Q1hSPItsIKYpyUTX7HL_kHALGNuBQQ"
"not_accessible","mega_api_error_-9","mega","200","1","Varios","Nueva carpeta","Tal Como Soy-People en Español-D","https://mega.nz/file/uip2iLbD#I7lDniK54KeLuvl4Fxdn7rusq7X8Hu8ACHIJgGv-nkg"
"not_accessible","mega_api_error_-9","mega","200","1","Varios","Nueva carpeta","Mighty to Save","https://mega.nz/file/eyxyFDAL#TfHHzCd6hoBw8p45eT5mxXVF65Bv_IbRTKKDMEZPL00"
"not_accessible","mega_api_error_-9","mega","200","1","Varios","Nueva carpeta","MultiTrack-O Come to the Altar-Here As In Heaven-B","https://mega.nz/file/K3hUVDbY#CSC37PaewSgrndD-cObqFBQCJuDfwYAlMwAaRhb4xpw"
"not_accessible","mega_api_error_-9","mega","200","1","Varios","Nueva carpeta","Tu presencia es el cielo","https://mega.nz/file/3zg2nToZ#lHtrAOvoPJh242z4Fo72YVu4snRVX3UfJE9MG1g2rOk"
"not_accessible","mega_api_error_-9","mega","200","1","Varios","Nueva carpeta","Fuente de Vida","https://mega.nz/file/Xr4kyBqa#oEX0x0OGvf73NwiEiUK-qg7rJ6nAK7xeR-5ReAQicCg"
"not_accessible","mega_api_error_-9","mega","200","1","Varios","Nueva carpeta","Abba Padre (En Vivo)-Abba Padre (En Vivo)-G-57.00bpm","https://mega.nz/file/CnpQGRwC#KtaKGLaMrorqOwssAGdvjm7RW-oQ2ucwx3zhWhI4w-g"
"not_accessible","mega_api_error_-9","mega","200","1","Varios","Nueva carpeta","Great Is Thy Faithfulness-Great Is Thy Faithfulness-B-74.03bpm","https://mega.nz/file/q2hGkLRL#KNF1iaztIikFFkWkMUlIU8geSVP18hrn1W9i7cHNI_g"
"not_accessible","mega_api_error_-9","mega","200","1","Varios","Nueva carpeta","Calvary-No Other Name-A","https://mega.nz/file/3uwmwLpB#yksgacWvCFaUIBfMBpu2IG5cmLq43x7_ayUyMYCJVj4"
"not_accessible","mega_api_error_-9","mega","200","1","Varios","Nueva carpeta","Mi Vida Tuya Es - Cambiare mis Tristezas","https://mega.nz/file/yywyHTaB#550pdFHwBBzAuLKg7f5KHHjP9nyKuQeZ8ftQElC7Tdk"
"not_accessible","mega_api_error_-9","mega","200","1","Varios","Nueva carpeta","Plenitud-Plenitud-Bb-73.00bpm","https://mega.nz/file/izoABTRC#P8HY_re7PX1QKQshsK0cH4Bgdv3POF2mVHL79NT_nj4"
"not_accessible","mega_api_error_-9","mega","200","1","Varios","Nueva carpeta","MultiTrack-Tu Habitaci¢n-Tu Habitaci¢n-C","https://mega.nz/file/mvxCmBrT#27D7-ZVRVKVMfoquGdd4UC5rDKbxnT18A4bEaRVMg_M"
"not_accessible","mega_api_error_-9","mega","200","1","Varios","Nueva carpeta","MultiTrack-Glory To Glory-Have It All-D","https://mega.nz/file/mmg0DZja#aZjpZrYmXUxSXQj8FuRl4xFWU9WsJpEalTqgDV5h18E"
"not_accessible","mega_api_error_-9","mega","200","1","Varios","Nueva carpeta","DDT - Aleluia Maranata","https://mega.nz/file/rr4wSBjY#5w5tuYVTM-Y_0YkM-NKl1S1E33kVb1u9kYqGYGxqQPc"
"not_accessible","mega_api_error_-9","mega","200","1","Varios","Nueva carpeta","MultiTrack-Cielo y Tierra (En Vivo)-Abba Padre (En Vivo)-Bm","https://mega.nz/file/m6wEjLrD#Np3K5BCIIt47XPNdbztndKf07DBBzxdgqoBBUQbVC-U"
"not_accessible","mega_api_error_-9","mega","200","1","Varios","Nueva carpeta","El Rey Ya Viene (A Dios Sea la Gloria, Aleluya)-Origen-F-74.00bpm","https://mega.nz/file/nihWUDbI#9CHk2dOpJOnCCZnfNUZMiIwcbm-NMQ6K-hdj6AhIrOo"
"not_accessible","mega_api_error_-9","mega","200","1","Varios","Nueva carpeta","Hope Darst - Peace be Still - 71BPM (A)","https://mega.nz/file/n2gCRDzS#9bgNWxp1DVHA3ir6kTFaPmBQkFPBAJKbNXl185JkiXE"
"not_accessible","mega_api_error_-9","mega","200","1","Varios","Nueva carpeta","[MultiTracks] Mi Vida Tuya - Es Cambiare mis Tristezas","https://mega.nz/file/v35ElRID#pVecJazNyqOKmOcEoYI0VHwb46wJVeCIysvl96-Ew-Y"
"not_accessible","mega_api_error_-9","mega","200","1","Varios","Nueva carpeta","Nueva Canción-Más y Más-E","https://mega.nz/file/fywAUJSK#inP9JB2VoKU6qQHC4i_48NGHcQ7Q0YJyIhC11J3_Vwg"
"not_accessible","mega_api_error_-9","mega","200","1","Varios","Nueva carpeta","Yo se quien soy yo RCBV 132 bpm Project","https://mega.nz/file/y75igDxB#5mId6TxauA6fYMSDdTl1sU3QyN2OXxsU140UQ7St7xo"
"not_accessible","mega_api_error_-9","mega","200","1","Varios","Nueva carpeta","Multitrack-New Levels-PlanetBoom","https://mega.nz/file/vvxAFJJC#reeknmbrYWPEOt9weTtfCFYy_wn3htbEiBd8FGpQBs4"
"not_accessible","mega_api_error_-9","mega","200","1","Varios","Nueva carpeta","MultiTrack-Come Thou Fount (I Will Sing)-Never Lose Sight-D","https://mega.nz/file/my5kQTiB#zxhVwvCG3d42uiULPclnaPhcCoKlu_6YILXQd7-Lij4"
"not_accessible","mega_api_error_-9","mega","200","1","Varios","Nueva carpeta","Way Maker","https://mega.nz/file/LywCjDTY#csmXLCUuIvn4VrmPQ38pkxAyO-oawlO9vlBzkzAgMw4"
"not_accessible","mega_api_error_-9","mega","200","1","Varios","Nueva carpeta","MultiTrack-Drawing Closer-Legacy - Part 1_ Alive Again-D","https://mega.nz/file/KzwEgTDR#m_kDh9l06R9rs_AGoosilI25biEw_uwi2hizeDnPwpU"
"not_accessible","mega_api_error_-9","mega","200","1","Varios","Nueva carpeta","MultiTrack-Te Seguiré-Impulso-D","https://mega.nz/file/jnxSGLba#IV4VizbEyAALJr4Qd0CX7OOnyG1lsAEa_ZaBT9p2HMs"
"not_accessible","mega_api_error_-9","mega","200","1","Varios","Nueva carpeta","KKG - Living Waters","https://mega.nz/file/bq4GkLBJ#bdtQLjGwC2Xm8ielWEobCrWzsR03vo04mkEpQ1SxZPE"
"not_accessible","mega_api_error_-9","mega","200","1","Varios","Nueva carpeta","En Pos De Ti-Danza Entre Nosotros-C","https://mega.nz/file/jywCkDYa#Kajbbbv958lvtb-UJidCyoSPejJ9SPJVxU8-o26KaA0"
"not_accessible","mega_api_error_-9","mega","200","1","Varios","Nueva carpeta","(M) Abba Padre","https://mega.nz/file/zzxgxBJA#_XLLHd7-9ABfuTO7wXL9psHBxW-QzPaBiYsYW_6CpTo"
"not_accessible","mega_api_error_-9","mega","200","1","Varios","Nueva carpeta","Nuestro Salvador C 70bpm","https://mega.nz/file/PnxmmZjS#GKP6UYbkE8f2URn0z4AJCf7Dt0ltsS4oBNYydYov3Wk"
"not_accessible","mega_api_error_-9","mega","200","1","Varios","Nueva carpeta","Para Siempre Danzaremos","https://mega.nz/file/X75WQJaD#IsHRVyEKTEcyZvq5PlC9Ig2WOVhgOnPpwpkf5UlT4Vo"
"not_accessible","mega_api_error_-9","mega","200","1","Varios","Nueva carpeta","The belonging Co - Just Want You - 68BPM (A)","https://mega.nz/file/rugimDRA#K7aEHdqo72zaV0sSi-CaY_Bbw2s4nzjvVlHl4esn0bA"
"not_accessible","mega_api_error_-9","mega","200","1","Varios","Nueva carpeta","12 MultiTrack-Has Cambiado-Un Adorador-G","https://mega.nz/file/D35wWZzL#Oak8abSYwE6yLo1XiBK-j1n29BHQEOsX_rM-VE87wzE"
"not_accessible","mega_api_error_-9","mega","200","1","Varios","Nueva carpeta","MultiTrack-This Is Our God-This Is Our God-E","https://mega.nz/file/mmgAhByL#ScSvN2YvSX-m_MydlH-D1YvMFsU5m4bv-vMPz2hamPo"
"not_accessible","mega_api_error_-9","mega","200","1","Varios","Nueva carpeta","Luz Verdadera-Cielo en la Tierra-C-70.00bpm","https://mega.nz/file/m742zBIL#vJa0WI-NT4MoVSL83HamZDilQ0m4pAXj38zA-6ZMFrk"
"not_accessible","mega_api_error_-9","mega","200","1","Varios","Nueva carpeta","You Are Life-There Is More-C","https://mega.nz/file/b7pyFDgb#7d1YPWA-ED9tkW80ggG_VJ6v5oWLQW0nTcKY1Xxg_pw"
"not_accessible","mega_api_error_-9","mega","200","1","Varios","Nueva carpeta","Holy, Holy, Holy (Savior and King)","https://mega.nz/file/3mgCQZKD#48JkO4hkO9cwbw7_i13ZWr9IogLF1U41edOE1IWEZTk"
"not_accessible","mega_api_error_-9","mega","200","1","Varios","Nueva carpeta","Yo Te Seguiré-Yo Te Seguiré-A","https://mega.nz/file/r3oEDZBJ#KlARo8FmjOHsRT86udGxxx9pSlEKyNt8Fkcg8lgDU1o"
"not_accessible","mega_api_error_-9","mega","200","1","Varios","Nueva carpeta","MultiTrack-Covered-This Is Our Time-Bb","https://mega.nz/file/azgmFZyC#xj-fDS0A103UOQzyTeOmAkPhPXHRP0Y2IaezfxyDCZU"
"not_accessible","mega_api_error_-9","mega","200","1","Varios","Nueva carpeta","Born To Praise","https://mega.nz/file/vqw0lbxK#VSnnwZbquZXS7wfSdL4g0dJ3bQPJScQ0NQDAdW7KRNQ"
"not_accessible","mega_api_error_-9","mega","200","1","Varios","Nueva carpeta","Wonder (Compás 4-4, BPM 88.50, Tono B)","https://mega.nz/file/uv5WUJAI#jNM8BHSaBODCSewtWtyHr-nwX49s13g3-dA9tP3GBKI"
"not_accessible","mega_api_error_-9","mega","200","1","Varios","Nueva carpeta","MultiTrack-Vivo Para Amarte-Sigues Siendo Dios (En Vivo)-D","https://mega.nz/file/K3xSGRbD#86OJcTcRD2R12B1y99jN_UQklxem4uGtu22WT-m23AQ"
"not_accessible","mega_api_error_-9","mega","200","1","Varios","Nueva carpeta","MultiTrack-Estás Aquí-Preciosa Sangre-Em","https://mega.nz/file/uiwSlDxA#HtermSPMpd8Rzu5XeAUwwx4Z9gkOodogru_OpoS5MnU"
"not_accessible","mega_api_error_-9","mega","200","1","Varios","Nueva carpeta","Son Of God-All to You-D","https://mega.nz/file/fypgDTrC#DwQaL3zQUVSQoRkR8fUfGPg1134isZ5RBnmAhwmQFLw"
"not_accessible","mega_api_error_-9","mega","200","1","Varios","Nueva carpeta","MultiTrack-Toma toda mi vida (feat. Josué Del Cid)-Jesús Salva-C","https://mega.nz/file/WvhQ1JxI#CATDU2wG8bhTE3h5uqBmVWeGDIU4GfzOo1ky408Yz6g"
"not_accessible","mega_api_error_-9","mega","200","1","Varios","Nueva carpeta","Crossroads Music - Send Me - 117BPM (E)","https://mega.nz/file/37wS0BaY#I7L-eVRJLEmxYAuO6MDM9YzepXwWWgZ7NQXZCikuNfY"
"not_accessible","mega_api_error_-9","mega","200","1","Varios","Nueva carpeta","Algo Nuevo Empezó Ab 130,00 bpm","https://mega.nz/file/e6xC0ZDa#MhMp5CdyG9DxdLP8x1d8FDAC6TXRaKO4PVSlbR8Z-gc"
"not_accessible","mega_api_error_-9","mega","200","1","Varios","Nueva carpeta","It's Raining-Alive In South Africa (F)","https://mega.nz/file/CmgUHZ4T#Nta18-zrjw8p9aWmhc87okjKZQXRJnQhbdneTqabGuE"
"not_accessible","mega_api_error_-9","mega","200","1","Varios","Nueva carpeta","Hasta El Final-Esto Es Un Avivamiento-C","https://mega.nz/file/DzpgXRib#ioq6Ch26_msQbFfxYIf13s9ZyjmvAkSZNx3eemOXZmQ"
"not_accessible","mega_api_error_-9","mega","200","1","Varios","Nueva carpeta","Rend Collective - Every Giant Will Fall","https://mega.nz/file/ejgASBpD#u_WKvXxO7-9yACLzsuuTM-54DIq4-gQ1MAsZ5_3l8R4"
"not_accessible","mega_api_error_-9","mega","200","1","Varios","Nueva carpeta","No hay lugar mas alto ACUSTICO","https://mega.nz/file/Xm5QibKY#9F9LYGZCwy3waT4Tbu4Zk8z24fXJ14Xc-KcZkuqMen4"
"not_accessible","mega_api_error_-9","mega","200","1","Varios","Nueva carpeta","Asi peleo mis batalla bpm 68,50 Gbs","https://mega.nz/file/ergy1ZQI#tm_y4aW8U7vyYXxUqGiWyRg3fNnOqJCZulJHVa9kXSQ"
"not_accessible","mega_api_error_-9","mega","200","1","Varios","Nueva carpeta","MultiTrack-Tu és Bem-vindo-Conquista-F","https://mega.nz/file/PzowCDrK#wkTlPkbGyMl3yUMSyS3xgfBJBut4-Fw-RY6_uQo7l9Y"
"not_accessible","mega_api_error_-9","mega","200","1","Varios","Nueva carpeta","ME DISTE LIBERTAD","https://mega.nz/file/HzhSRBpB#QKBf07CwMVTvkv5cbltdyaW7qBWyjJlfPSG-c37IAbU"
"not_accessible","mega_api_error_-9","mega","200","1","Varios","Nueva carpeta","MultiTrack-Ici avec Toi-CIEUX OUVERTS - Fleuve de vie-C","https://mega.nz/file/Dq5U3ZYZ#gAcR1v2u3AilSB48T-VuM9gw3lmyzuHqiibwlGUzFQY"
"not_accessible","mega_api_error_-9","mega","200","1","Varios","Nueva carpeta","Quiero Conocer A Jesús-Quiero Conocer A Jesús-E-70.00bpm","https://mega.nz/file/Wn40QRpT#IGQMaNJA6JtxJ9dR-ThJLYGGZ0tLzRv-JLhcT9zOI0s"
"not_accessible","mega_api_error_-9","mega","200","1","Varios","Nueva carpeta","MultiTrack-Impulso (feat. Funky)-Impulso-A","https://mega.nz/file/Lm4w2BjR#qBMTy8r6N_aVaNv0hCvrfv7BUb6OB0Ewq9zmpijFObM"
"not_accessible","mega_api_error_-9","mega","200","1","Varios","Nueva carpeta","El Himno - The Anthem","https://mega.nz/file/2nhWVBZJ#DnWz7gmfmfkf-8ZvWVupAhgUZimUn49IygY8MeS-Mhw"
"not_accessible","mega_api_error_-9","mega","200","1","Varios","Nueva carpeta","Jesus En El Centro-Jesus En El Centro-A","https://mega.nz/file/7n5WSbIb#PiihEv767n7Svx0bM-TYyGGkQXhFSJf8a3sVsZtXeDA"
"not_accessible","mega_api_error_-9","mega","200","1","Varios","Nueva carpeta","Mi Libertador-Mi Libertador-A","https://mega.nz/file/zygAmTAL#FujjOb_WnlT19jTNToBatfof8ZSj50QNYROnSiBc334"
"not_accessible","mega_api_error_-9","mega","200","1","Varios","Nueva carpeta","Mi Cita del Cielo-Fragmentos del Cielo-Fm","https://mega.nz/file/Ojx2HbJK#ECh3siT_tX7ssJpiWhk62abskQGZ6FR5E4L9X-XFfoU"
"not_accessible","mega_api_error_-9","mega","200","1","Varios","Nueva carpeta","MultiTrack-Future + Hope-Future + Hope-F","https://mega.nz/file/OrwmBbpQ#upB6EbgD3j55cygOV26ZXdwhWVsw_1Te8znQxw0jnNs"
"not_accessible","mega_api_error_-9","mega","200","1","Varios","Nueva carpeta","Multitrack - Caia Fogo","https://mega.nz/file/iyhSXTxD#gdXREWmIGHWvxDMNy-wQsaHrJqrR9kGfF-kb_X8yu10"
"not_accessible","mega_api_error_-9","mega","200","1","Varios","Nueva carpeta","Smoke And Mirrors-Awe and Wonder-C","https://mega.nz/file/zv5AURZb#0LKrryoAVD4H8UudPLpVJ3tgzeln7YzKS2751RqFhvk"
"not_accessible","mega_api_error_-9","mega","200","1","Varios","Nueva carpeta","LB - Nao Há Outro Igual","https://mega.nz/file/e6oAzRBB#femFLx2QJ-E9_jR1gLmu6YHBanxT8EQSkgV9Ue5aImA"
"not_accessible","mega_api_error_-9","mega","200","1","Varios","Nueva carpeta","MultiTrack-Victor's Crown-Revealing Jesus-Bb 2","https://mega.nz/file/6mxiyRRT#lttMFvDD8RZztSNuIZon1eN7SjjW1KhPsucYAnaSzo4"
"not_accessible","mega_api_error_-9","mega","200","1","Varios","Nueva carpeta","Tu Presencia Es el Cielo-Jesus En El Centro-D","https://mega.nz/file/nz4wUTjA#CBwf8iIQvwyaSnOhJl5cOUcRa-0A4KpBJnqTDmsEgVo"
"not_accessible","mega_api_error_-9","mega","200","1","Varios","Nueva carpeta","SCC - One True God","https://mega.nz/file/PnxQBDaL#91jpeo0tuOtsqJ30_HsQRVxH5IQu8GFH6JyWGZ7FKbA"
"not_accessible","mega_api_error_-9","mega","200","1","Varios","Nueva carpeta","C3M - Blazing Light","https://mega.nz/file/fjxU3JwK#EeCc-bY00kdhFK6YiFy6Jq9nKRTFZUx0ykdNx1wffbE"
"not_accessible","mega_api_error_-9","mega","200","1","Varios","Nueva carpeta","Covered-Outback Worship Sessions-G","https://mega.nz/file/unpCxZrb#4eU0et_hOObWPYWStflQLsS5yinFP2lViB2NfLUdtR8"
"not_accessible","mega_api_error_-9","mega","200","1","Varios","Nueva carpeta","Dios no está muerto","https://mega.nz/file/Ou5WFDAS#h_-8yc9EUnDQFTbjLqAbDmJUlW5kdRub-5q70qLe0dI"
"not_accessible","mega_api_error_-9","mega","200","1","Varios","Nueva carpeta","My Reason Db-128bpm","https://mega.nz/file/a6xCiLqY#1Ux2YwdsvdGd0dAQw_QW3hQWBhIVoS7vxYdK6rAzo1c"
"not_accessible","mega_api_error_-9","mega","200","1","Varios","Nueva carpeta","UR - Wild Heart","https://mega.nz/file/Dn42SZ6Y#g_Ylf3dxWywsoUNrcJTfsjynCmkivRbx9cYH9XMkFnE"
"not_accessible","mega_api_error_-9","mega","200","1","Varios","Nueva carpeta","Al Que Esta Sentado","https://mega.nz/file/unwigZQT#DOn73K7g5BpA3XwRbleBFA9sxxJcL9sR9OPC3Z1P1FQ"
"not_accessible","mega_api_error_-9","mega","200","1","Varios","Nueva carpeta","Dios eres Mío (Samples)","https://mega.nz/file/zy4CQBTC#Sm2R2aenoNayUAso6tZKZkS0KeTpDmERfvL3yczgtd4"
"not_accessible","mega_api_error_-9","mega","200","1","Varios","Nueva carpeta","ICFW - Horizon","https://mega.nz/file/izwETbhD#BuUxglMDYhilXODLsr-fBsGqSb93dZCO3ONA0Ub6L-M"
"not_accessible","mega_api_error_-9","mega","200","1","Varios","Nueva carpeta","[MultiTracks] Not Ashamed-Forever Yours (Bb)","https://mega.nz/file/7qw2yLiZ#nD58toOdBMPC7j5xW0M7dAamIR473EQ01OWxFdPrqvs"
"not_accessible","mega_api_error_-9","mega","200","1","Varios","Nueva carpeta","MultiTrack-Manda El Fuego-Tu Nos Salvarás-D","https://mega.nz/file/rmo2nRgA#Fcid4_HSUAUqgtmnbrNXFYopd9zRGzl6ovoH_83fQmE"
"not_accessible","mega_api_error_-9","mega","200","1","Varios","Nueva carpeta","Other Names Fade-Already Done-C","https://mega.nz/file/vmgEwBhB#HVH83KVJqh_tzDQgHlsnM-A8tZ1iuGhX1cmrfJb1wLI"
"not_accessible","mega_api_error_-9","mega","200","1","Varios","Nueva carpeta","Todos a Danzar-Más y Más-Dm","https://mega.nz/file/jupS1L4I#Ij2q5p65KkPEoLBOQP3XZ3JsWYrhFqTqvRh_DFvq4YE"
"not_accessible","mega_api_error_-9","mega","200","1","Varios","Nueva carpeta","Digno-AlQueEstáSentadoEnElTrono","https://mega.nz/file/76hGlb4K#WbkhwJmLjZIRyceVq63OQnrpWYAj1MywGQXp03AA7Ko"
"not_accessible","mega_api_error_-9","mega","200","1","Varios","Nueva carpeta","Here As In Heaven-Here As In Heaven-D","https://mega.nz/file/CqoW1DbQ#ynlx84coPwV_NbB7sdvNAasgc3gvNAw7bp93OKCc7-A"
"not_accessible","mega_api_error_-9","mega","200","1","Varios","Nueva carpeta","MultiTrack-At The Cross (Love Ran Red)-Love Ran Red-G","https://mega.nz/file/e2oUTR6B#T-5h0G6SHHI5tTpEUvIaMdSZkc3VkZwGkMXE28nhLH4"
"not_accessible","mega_api_error_-9","mega","200","1","Varios","Nueva carpeta","Iré Contigo-Irè Contigo-Bm","https://mega.nz/file/Wz5iTZja#ZWukzVXVXDDV2Bkv_dbbH5sloNAcEorJnX-vWtabv7U"
"not_accessible","mega_api_error_-9","mega","200","1","Varios","Nueva carpeta","Llename_Elena y Harold Guerra","https://mega.nz/file/nn5m1Txa#hd5fJdVCBTeR0ed4AKodF26PXifhOJwsfBUw4u1rnOo"
"not_accessible","mega_api_error_-9","mega","200","1","Varios","Nueva carpeta","AE - How He Loves","https://mega.nz/file/CzhkEZjQ#sa9k3Oc2Bo0-pRjE1BBE-0WDVuAn6b_11QD-xek1BSc"
"not_accessible","mega_api_error_-9","mega","200","1","Varios","Nueva carpeta","Rain Your Glory Down-Rain-Db","https://mega.nz/file/m35iBbpb#wxE3EgkXmizR1k0zRFgU6sYZ_GUbK04MDAc8wPO1_N8"
"not_accessible","mega_api_error_-9","mega","200","1","Varios","Nueva carpeta","There's Nothing That Our God Can't Do-There's Nothing That Our God Can't Do-Ab","https://mega.nz/file/3rxgHbhL#ENwn_epceOotBAzG5B_VUbnPrsc03RIaqHHpkZAnldo"
"not_accessible","mega_api_error_-9","mega","200","1","Varios","Nueva carpeta","Rey de paz-Peace haz come Multitrack (G)","https://mega.nz/file/SuoQxTII#dm5A5xjj3Elt_VqPjxP17xJmsslEn5f6WDEqgfGwsyM"
"not_accessible","mega_api_error_-9","mega","200","1","Varios","Nueva carpeta","Padre en ti","https://mega.nz/file/ui5mWB4a#dDew_S-0vAJuAsweYs2ptjIowagN0m3LpBzSqzPJzYw"
"not_accessible","mega_api_error_-9","mega","200","1","Varios","Nueva carpeta","Revélame tu Majestad-Tu Nos Salvarás-A","https://mega.nz/file/f7hSmRbb#_Sq4ayjGWkkpVJQuKnHRCRovuuDY6WC8Ge6kKF5qJgU"
"not_accessible","mega_api_error_-9","mega","200","1","Varios","Nueva carpeta","With Us-God Is Able-D-149.01bpm","https://mega.nz/file/L6g0DTYA#NyVW2v5l3kQp50530IBrGE8CHWWXkDqcTvRUVgR6J60"
"not_accessible","mega_api_error_-9","mega","200","1","Varios","Nueva carpeta","Fiesta Milton valle","https://mega.nz/file/D6ogSTiK#4UzYpldZ_w303er_VSPKiy1K8_Ku0sNqhvs4ibQpybg"
"not_accessible","mega_api_error_-9","mega","200","1","Varios","Nueva carpeta","Alegre Muy Alegre","https://mega.nz/file/PupkBL5I#8VGqfJkEnVtn_4VKHnsXD3SfauBP6qclSidmJCbj5M8"
"not_accessible","mega_api_error_-9","mega","200","1","Varios","Nueva carpeta","Love is war","https://mega.nz/file/aigwzLJb#6IOLM4m3Ab8fOTJtOd-GHSaVe70obsRwNe7JFVxfZeE"
"not_accessible","mega_api_error_-9","mega","200","1","Varios","Nueva carpeta","Yo Elijo a Dios-Dios Me Ama-G","https://mega.nz/file/rjx0BTYY#YuZx6Rjn-EyVvc3qygL4xGICzZvpP85tdvIz8iWHUrA"
"not_accessible","mega_api_error_-9","mega","200","1","Varios","Nueva carpeta","Señor eres fiel","https://mega.nz/file/X7wEXTIZ#yRNmaPlboTOjt5PE4CMfvZlcApIIo55qt9Bb28lzlyA"
"not_accessible","mega_api_error_-9","mega","200","1","Varios","Nueva carpeta","EL - Majestueux","https://mega.nz/file/Du5UiTgQ#kCm-0P2VaodD2gRSyGe1SKUXH1Ek7KSrMpxxuV6dcKc"
"not_accessible","mega_api_error_-9","mega","200","1","Varios","Nueva carpeta","Escrita por el Dedo de Dios-Dios Me Ama-G","https://mega.nz/file/fihmGBbQ#mIg_BaAJ9ug2Fvk0iQkb3VsHy3Uo8EyLazSB-YU971k"
"not_accessible","mega_api_error_-9","mega","200","1","Varios","Nueva carpeta","SW - Great God","https://mega.nz/file/ynwWWDyA#5foQOzRxHhoypV8ewRkArudaIDL77Kp_TchV0KcQhVc"
"not_accessible","mega_api_error_-9","mega","200","1","Varios","Nueva carpeta","Mi Dios Es Refugio-La Carta Perfecta-C","https://mega.nz/file/y3wyABxI#jexnNdLiL1vCJbJF91Q8nxgkVKXolxzrh2eAMoqJCfo"
"not_accessible","mega_api_error_-9","mega","200","1","Varios","Nueva carpeta","You Make Me Brave-Come Alive-Eb x Efrain Yahuasi","https://mega.nz/file/u3wAwZaY#NwPzrLeD66qJi9Kl16Iyn_st_4oaFfK4o_JbXNwOLUY"
"not_accessible","mega_api_error_-9","mega","200","1","Varios","Nueva carpeta","MultiTrack-No Longer Slaves-Worship_The Remix Project-Bb","https://mega.nz/file/C6wUiBAJ#TO7szY6gV_oldUQa0wgQqKfEFAmMrKR4pg_DU45AkW4"
"not_accessible","mega_api_error_-9","mega","200","1","Varios","Nueva carpeta","Heart Like Heaven-Empires-Db","https://mega.nz/file/aqx2AL6b#NJpLWue4jaMZ71Ndd8ISzxQIW41_LEc_F_GCJSD33tk"
"not_accessible","mega_api_error_-9","mega","200","1","Varios","Nueva carpeta","Gracia Sublime Es","https://mega.nz/file/fr5AwJKZ#ZqR-vuxhgkkpivAaEW235ZCKPat7C407f2QAfQE9K80"
"not_accessible","mega_api_error_-9","mega","200","1","Varios","Nueva carpeta","02. No Vas a Parar - 133bpm(D) [Original]","https://mega.nz/file/HyxCFboT#duR1G_-C2CJSDnQmDdgImkPwpnbTCn1ljjJ5EIAZlRc"
"not_accessible","mega_api_error_-9","mega","200","1","Varios","Nueva carpeta","Real Love","https://mega.nz/file/Dy4CXJhB#CYrLANYy_igqwvta3GuQNYGOHjbMjrKiMZTvXm188jk"
"not_accessible","mega_api_error_-9","mega","200","1","Varios","Nueva carpeta","TDA - Oceans (Where Feet may Fail)","https://mega.nz/file/KixAjRbS#9qqQiNhs_5Hl9YkYiE-rl6Cu5iValnaxM9C9dDYSlMM"
"not_accessible","mega_api_error_-9","mega","200","1","Varios","Nueva carpeta","11. Praise Goes On - 118bpm(A)","https://mega.nz/file/mm52CbjD#9mVH0TWpqStbMy5yzp4LS_Ej9i-kB3Q5amiR27X4L74"
"not_accessible","mega_api_error_-9","mega","200","1","Varios","Nueva carpeta","MultiTrack-En Tu Majestad-Vive en Mí-B","https://mega.nz/file/rno2CTrJ#NMdkOVoDjnoQJxZsNJAW6ZBroIWtKo4oDt-tJG9jAOg"
"not_accessible","mega_api_error_-9","mega","200","1","Varios","Nueva carpeta","Hope Has a Name-Million Lifetimes-A","https://mega.nz/file/7ih0GRpb#ChIqcb7QnPkWgs11PPLpZkdqVivfvp5mYotckVWYVSw"
"not_accessible","mega_api_error_-9","mega","200","1","Varios","Nueva carpeta","MultiTrack-Sing Out-Unstoppable Love-D","https://mega.nz/file/XjgUGT7D#L6I9DnuPpZHfxZyIY94lhbuftEi5KYNweK4F57Lbwvo"
"not_accessible","mega_api_error_-9","mega","200","1","Varios","Nueva carpeta","Cuan Grande Es Dios","https://mega.nz/file/KqhGWRSI#iMUXKrUt_691WWyXt-VCKnRFCMF5EKlT3ne5Gko3y6I"
"not_accessible","mega_api_error_-9","mega","200","1","Varios","Nueva carpeta","Mi Dios no esta muerto Newsboys (Multitrack)","https://mega.nz/file/GzwARR6R#gOCLG3mhsZpZou3vd6MM6jlZlKTYW0eqOekebjtdGVY"
"not_accessible","mega_api_error_-9","mega","200","1","Varios","Nueva carpeta","ERES SANTO MW","https://mega.nz/file/HygCFJDZ#wcTV7lKdijkJeLYwD8RJdFJAuUm8eqAHZk4iFmGxiZQ"
"not_accessible","mega_api_error_-9","mega","200","1","Varios","Nueva carpeta","DDT - Tua Presença","https://mega.nz/file/62pAWZyZ#8Pg7UGZN-q2YTZNkWwo82xOVdi8EurjwjnW3B8rJtI8"
"not_accessible","mega_api_error_-9","mega","200","1","Varios","Nueva carpeta","This is Amazing Grace-For The Sake Of The World (Eb)","https://mega.nz/file/CmgwmBDZ#kxX41zDYm-cELkr7rOjXnlPT554aNkTfcI7Zf_HX1Hw"
"not_accessible","mega_api_error_-9","mega","200","1","Varios","Nueva carpeta","Awake My Soul - 107","https://mega.nz/file/iqhARb7R#a4aaAbqhTZ7oN_jACjmWnNjs6JTKPw4CrvqbHvy_QzA"
"not_accessible","mega_api_error_-9","mega","200","1","Varios","Nueva carpeta","TS - Romanos 8","https://mega.nz/file/X65UwTiB#2Z3-T13lxRUJBAMH5y1wdV7KXIBFwfuhLtsgGsFrovc"
"not_accessible","mega_api_error_-9","mega","200","1","Varios","Nueva carpeta","Dios de mi Salvacion","https://mega.nz/file/LmwWER5L#a7vKFXW-W5YEiSnfZ6MlN7mpFYONzZaHPoD3f4Fmyw0"
"not_accessible","mega_api_error_-9","mega","200","1","Varios","Nueva carpeta","MultiTrack-Dios Incomparable-Despierta Mi Corazón-B","https://mega.nz/file/KygWnTyb#jVZgxNL1FYvgNf4mu8AprzKMMB_Sjw4Zjwq4ToB2FKw"
"not_accessible","mega_api_error_-9","mega","200","1","Varios","Nueva carpeta","Tu Me haces tan Feliz","https://mega.nz/file/Cy5WyDxB#5kOEB1C50PAM9249c1CEg0hko1FKJozNQkt5kZN51Cs"
"not_accessible","mega_api_error_-9","mega","200","1","Varios","Nueva carpeta","Abre Hoy Los Cielos (feat. Evan Craft)-ñ","https://mega.nz/file/rmgUhZAD#tqgho4T6YHEwIF8AVT56DsCRdg3-GxG5dnZyi5gvtoQ"
"not_accessible","mega_api_error_-9","mega","200","1","Varios","Nueva carpeta","Tú Me Llamas (feat. Musiko)-Tú Me Llamas-D-96.00bpm","https://mega.nz/file/O3pgHJZR#VUDWYznSZYa17pEImCUkru_8s3M4ZMJ_mXR3vtiLh2U"
"not_accessible","mega_api_error_-9","mega","200","1","Varios","Nueva carpeta","Dios Ha Sido Fiel-25 Concierto Conmemorativo-D","https://mega.nz/file/GrxCEZSR#WgFfUn-FQcc0qSDWuYqLvIIeCJFBKTsFHszY_GgpM6A"
"not_accessible","mega_api_error_-9","mega","200","1","Varios","Nueva carpeta","MultiTrack-Open Up The Heavens-Live Worship From Vertical Church-D","https://mega.nz/file/Gn4mnDbK#CriiodLZeVgpk8cEWMFCtERS0OGmSbhfPH_vVAv3v9Q"
"not_accessible","mega_api_error_-9","mega","200","1","Varios","Nueva carpeta","ALL ABOUT YOU","https://mega.nz/file/f2pQhJRZ#bF-V5O3huvSPxeIABXJ2aeGZhhW9VgVdQupdUD5GNF0"
"not_accessible","mega_api_error_-9","mega","200","1","Varios","Nueva carpeta","MultiTrack-En Su Amor-Es El Tiempo-B","https://mega.nz/file/fm4URB4D#kmbKEKJpit1f9ZB8dPuWQ7hRiRT2SETBtszAIkGGtEU"
"not_accessible","mega_api_error_-9","mega","200","1","Varios","Nueva carpeta","CONTAGIUS Project","https://mega.nz/file/y7pGkD7B#lHsJuhbk6XrhoKCmU5FBHCX5GOIT65EqtRXXSl3uA7o"
"not_accessible","mega_api_error_-9","mega","200","1","Varios","Nueva carpeta","Eres Mi Bendicion - Funky ft Alex Zurdo - Multitrack","https://mega.nz/file/zvxkQLoa#LqPs5-TWtVvOZRvSmNv4NX_IDG37F5HiuIj-opzAup8"
"not_accessible","mega_api_error_-9","mega","200","1","Varios","Nueva carpeta","MultiTrack-Se Me Va La Vida-Altavoz-F","https://mega.nz/file/uuomRZyY#DHNyJpEHchZld8V4DF3zrCMnukj1taS6HgNoXH1UV5k"
"not_accessible","mega_api_error_-9","mega","200","1","Varios","Nueva carpeta","With Everything-This Is Our God-B","https://mega.nz/file/v752WD7Z#XjbgJGB4-zacZKO7ELOL7We9UfcKcd5yiipEJYnNaUk"
"not_accessible","mega_api_error_-9","mega","200","1","Varios","Nueva carpeta","This Is Living (Acoustic)-This Is Living-Bb","https://mega.nz/file/Ln5GUBKR#1AI_6mjAvzm1c1bAoRYHvvpucBwosV538hnVIGUL9KI"
"not_accessible","mega_api_error_-9","mega","200","1","Varios","Nueva carpeta","WM - Sube, sube","https://mega.nz/file/C7xkEDRK#QtsYQx-RHhX7uRG72mwku83_-kXVTGL50pnoHID8HlE"
"not_accessible","mega_api_error_-9","mega","200","1","Varios","Nueva carpeta","God Of Revival-God of Revival-Db-72.00bpm","https://mega.nz/file/TvhW0DTB#ZgCNBred9XDjO_AglfxkQV_0BIAKKweTi-MwPhBTREw"
"not_accessible","mega_api_error_-9","mega","200","1","Varios","Nueva carpeta","No Longer Strangers -  Vineyard UK","https://mega.nz/file/HzxkDbiK#LcdNOIKQXeU5mlC1gHLosWa7b80FkOfm4BM3_b0hv6c"
"not_accessible","mega_api_error_-9","mega","200","1","Varios","Nueva carpeta","Our God Reigns-Live From New York-C","https://mega.nz/file/C3hgnbpZ#odgP26UVfDhlnqlG5VX4SvoABan5PewPmRh4Ee8XHPA"
"not_accessible","mega_api_error_-9","mega","200","1","Varios","Nueva carpeta","MultiTrack-Más Fuerte Que Nunca-Más Fuerte Que Nunca-D","https://mega.nz/file/KqhUTDAJ#QKLww1DMFnI1JLERv-e73p4u98XHgsSoIpqG0kBtz5c"
"not_accessible","mega_api_error_-9","mega","200","1","Varios","Nueva carpeta","Plenitud - 71.50bpm(C) [Original]","https://mega.nz/file/v6pgBRbJ#BY8UqKkkSRgEj6SOOhjyrNDXaksNLNJdfAoacoQ-1Wc"
"not_accessible","mega_api_error_-9","mega","200","1","Varios","Nueva carpeta","NO BASTA","https://mega.nz/file/XrhwxDTB#j7WE04JKdAG-GP03KykWSTps-wbDWX0mpyaw_ztaUA8"
"not_accessible","mega_api_error_-9","mega","200","1","Varios","Nueva carpeta","Cristo Amante de Mi Alma","https://mega.nz/file/buwWhTCQ#WfrmxR33MdbhCvfy94-CPYlz1gtkahSs9v0MAa65WDY"
"not_accessible","mega_api_error_-9","mega","200","1","Varios","Nueva carpeta","Corazón Rendido (feat. Kristian Stanfill)-Glorioso Dia-B","https://mega.nz/file/KnpCiBxA#LceTRbCa8ypNHpCw9OtIrUy5i9av4EM4PVUw4A6NO3s"
"not_accessible","mega_api_error_-9","mega","200","1","Varios","Nueva carpeta","PRAISEOURGOD_132_B_MT","https://mega.nz/file/S3xC0JZR#ZgFvvwEQ2-xADVyUKXyaxTX29RVfmnwGCldPgaQpv5U"
"not_accessible","mega_api_error_-9","mega","200","1","Varios","Nueva carpeta","[MultiTracks] Children Of The Light-Cornerstone (Live) (A)","https://mega.nz/file/Gu40jRjK#fQdhO91rLm2ghgFmQ78ie7B8b2yslUZx2b438yj7CAc"
"not_accessible","mega_api_error_-9","mega","200","1","Varios","Nueva carpeta","Gracia sublime es (This is Amazing Grace)-For The Sake Of The World-C","https://mega.nz/file/23hUzZjS#EN8nL_9zoLh5x9-YpT4gaKSmTcvXtQYkIszl-DFp-Wo"
"not_accessible","mega_api_error_-9","mega","200","1","Varios","Nueva carpeta","The Power of Your Love-Lifeway Worship Project-G","https://mega.nz/file/e7xEDByb#VhGbO3ed8ag3_zO5HCxCQ0BU7f5FkGWSu5YN4Bav8Sw"
"not_accessible","mega_api_error_-9","mega","200","1","Varios","Nueva carpeta","Limitless Tracks","https://mega.nz/file/yv4CRDaZ#ADUrR7HcvNhTh7JVGvxDEj1udGZEh1qUPKdXYoCsZDI"
"not_accessible","mega_api_error_-9","mega","200","1","Varios","Nueva carpeta","11. Praise Goes On - 118bpm(D)","https://mega.nz/file/Gv5khZ5a#UnGPc_PplHN7vNY22tS3HQki71m3D1U0SvC2kBO_dSM"
"not_accessible","mega_api_error_-9","mega","200","1","Varios","Nueva carpeta","Twice - Tengo un Fuego - 130BPM (F)","https://mega.nz/file/r6x0yZKB#r2G-jXXF9QpL04EhyGT6yR2caPGLNGvqmHgi-g-iqDc"
"not_accessible","mega_api_error_-9","mega","200","1","Varios","Nueva carpeta","Vasos de barro","https://mega.nz/file/yqpgSLbL#9jqhaFfdg4YlN_6qVLVwXeJXQKz48FXsM4lqFSC2SjY"
"not_accessible","mega_api_error_-9","mega","200","1","Varios","Nueva carpeta","EC-PYF-SEC122BPM","https://mega.nz/file/Gm5wDT7a#C1eM3szTIznt8rwHyYw7imuJmAOLUPVgBE-cW1NRISw"
"not_accessible","mega_api_error_-9","mega","200","1","Varios","Nueva carpeta","MCC - La Creación Hoy Canta (Revelation Song)","https://mega.nz/file/6mpQBJQJ#Vtf6aicbX5gSQEJb0LG8A6m-Ev19RrTjRWjqSI8_GRM"
"not_accessible","mega_api_error_-9","mega","200","1","Varios","Nueva carpeta","HERE WE STAND NEWSBOYS","https://mega.nz/file/XrxSjZBI#lyst3fIYfOsnhvvLa9Im4Ab3K5cGJQhqH4JYrc9RjzY"
"not_accessible","mega_api_error_-9","mega","200","1","Varios","Nueva carpeta","Tu Eres Mi Todo - Job Gonzales - MultiTrack","https://mega.nz/file/ym4wwRAR#ln_w1U9Ni5scQfU3tx5FJAVqWPUaitzZReVGgNe-KPU"
"not_accessible","mega_api_error_-9","mega","200","1","Varios","Nueva carpeta","Tomame en Tus Brazos","https://mega.nz/file/W7xEXD6I#8tkLgOUYJo_xcQVicoh7L22ZYlU1x8tAkOuxc13vZb0"
"not_accessible","mega_api_error_-9","mega","200","1","Varios","Nueva carpeta","Whole Heart (Hold Me Now) E - 81.00 bpm","https://mega.nz/file/GmoUCBqR#IprvWMpCNITdP7RVK-VQpR8Q9JdgalaYw6PC8XqUczo"
"not_accessible","mega_api_error_-9","mega","200","1","Varios","Nueva carpeta","Reckless Love-Whole Heart-C","https://mega.nz/file/u2g2jL7Z#pNd8-FpAejO9T8iYFRlN9ZXzxUZyV-QSSV6l0U66fds"
"not_accessible","mega_api_error_-9","mega","200","1","Varios","Nueva carpeta","Me Alcanzaras-Amor Inagotable-C","https://mega.nz/file/i74kELrT#QiQUKP-0RpPh-8izKemHO33AKfAFfDx92ZEHPPbvyyo"
"not_accessible","mega_api_error_-9","mega","200","1","Varios","Nueva carpeta","Again I Say Rejoice-Live From Another Level-E","https://mega.nz/file/mz5WzRwC#LhfxxUg5WBkeCkZegL8haoy6appJ4qgvPa-XhKnLtGA"
"not_accessible","mega_api_error_-9","mega","200","1","Varios","Nueva carpeta","MultiTrack-Santo-Más Fuerte Que Nunca-D","https://mega.nz/file/bvxGXTJb#6UwDiv9gZXTiDm4Jru-e_TMnDvQ0pYoLWqfUwcZSNag"
"not_accessible","mega_api_error_-9","mega","200","1","Varios","Nueva carpeta","TU ERES MI TODO - JOB GONZALEZ - MULTITRACK ORIGINAL - MP3","https://mega.nz/file/L24WlZjC#xmhi1rsytLnajJXUyzXNeX9u8H38VJ67OGM5v_3P-qE"
"not_accessible","mega_api_error_-9","mega","200","1","Varios","Nueva carpeta","Hay Libertad Project","https://mega.nz/file/qrp0BT6a#4CtuXcVMS-TdHamE9NSskoAzvofL8Wh3btXJsstw1PE"
"not_accessible","mega_api_error_-9","mega","200","1","Varios","Nueva carpeta","Magnifico - Multitrack","https://mega.nz/file/TmoGEB7A#SgHocYq0SjEGIgLHlCI3rxrRqCHRGp_UGXpqA51aUcM"
"not_accessible","mega_api_error_-9","mega","200","1","Varios","Nueva carpeta","God Of Revival-Revival's in The Air-Db","https://mega.nz/file/H75iRRgQ#TwQXfjzNqkgukRt_y1dmt51RnzlK6Llcsf8Lx4cZrzA"
"not_accessible","mega_api_error_-9","mega","200","1","Varios","Nueva carpeta","Ataque A Los Titanes - Capitulo 06","https://mega.nz/file/zjwSSJra#yPtEoHR_36WYDmpInFcAwZhaTOfteMcpULD0zZpZ5mo"
"not_accessible","mega_api_error_-9","mega","200","1","Varios","Nueva carpeta","Cerquita-Burning Flame-G","https://mega.nz/file/Ouhy3JRS#ec2meLp66WVAsFMEh-fW57NkI23P_2HLN1M0uI-t9AQ"
"not_accessible","mega_api_error_-9","mega","200","1","Varios","Nueva carpeta","Santo Santo-Emanuel-D","https://mega.nz/file/nqxikZZb#PuhvLYWHLPwDKmcILO8XuBLNi8x8BTkhc7RNEhCIJYY"
"not_accessible","mega_api_error_-9","mega","200","1","Varios","Nueva carpeta","Libertad - Julissa -G","https://mega.nz/file/HjoGkJyS#a2JYVc6jHZ_hVV6DCXLMey4XpSJLNvBEBLwmCTLGh44"
"not_accessible","mega_api_error_-9","mega","200","1","Varios","Nueva carpeta","Christy Nockels - The Wondrous Cross 63BPM (G)","https://mega.nz/file/jyogBJSC#UHcv-yV8uTkbpDxe9icx452WoEandRUedlKpJ8fe2PI"
"not_accessible","mega_api_error_-9","mega","200","1","Varios","Nueva carpeta","MultiTrack-Tu Nombre-Tu Habitación-D","https://mega.nz/file/6vxEQZKL#XxRS7wXIsHtgfOnTbbkiU6GDnJzDlwyBokyUm9ar4GY"
"not_accessible","mega_api_error_-9","mega","200","1","Varios","Nueva carpeta","MultiTrack-Me Deleito en Ti (feat. Lucas Consile)-Diálogo íntimo 2-A","https://mega.nz/file/a3pUgZbC#7on9Vv8g0dMyEzsHWfH7SYH-k0-C5gX5fzrBGjHTlIs"
"not_accessible","mega_api_error_-9","mega","200","1","Varios","Nueva carpeta","11. Praise Goes On - 118bpm(Bb)","https://mega.nz/file/fjw2nb4D#Fs0dty7CYfmmZRk4LJBW0JtbF_-3rv3Qhhg25F8C_9o"
"not_accessible","mega_api_error_-9","mega","200","1","Varios","Nueva carpeta","Hosanna (Be Lifted Higher)-Love God. Love People.-G","https://mega.nz/file/bjhCHJZT#pxeToK_evvkZo9maisyX4WLrEhHZKC44OvTZnrpuT0s"
"not_accessible","mega_api_error_-9","mega","200","1","Varios","Nueva carpeta","Hossana version Wesley RCBV Project","https://mega.nz/file/OjhkFDAD#rE6Ldl8X4WmjWOWz4SOWYeJSJacA4F4PSOgsZXRoYZQ"
"not_accessible","mega_api_error_-9","mega","200","1","Varios","Nueva carpeta","Quien Dices Que Soy (Compás 4-4, BPM 86, Tono Gb)","https://mega.nz/file/eqgWARaa#nTgNvA3NjGh7XD2tcUCDDcsjlPjdEchIhr8NueLsYrs"
"not_accessible","mega_api_error_-9","mega","200","1","Varios","Nueva carpeta","Fiel-Aleluya (En La Tierra)-E-66.50bpm","https://mega.nz/file/OngU0J5K#4GcFz77mSTIu2aWnIz1MFcPQ_MtPlpKibD5jxUI2cf0"
"not_accessible","mega_api_error_-9","mega","200","1","Varios","Nueva carpeta","Aliento-feat Edward Rivera-Preciosa Sangre-A","https://mega.nz/file/7vhkCbLQ#JEYi0quMfNMmdLSPaSHEKqP57T4M54-EaXwOq4USzKU"
"not_accessible","mega_api_error_-9","mega","200","1","Varios","Nueva carpeta","Amanece","https://mega.nz/file/XzwSkbjQ#hFeeS-20BMIE1HEZ_V0Iz5j0ZP3J1tQMjfY51Rwl278"
"not_accessible","mega_api_error_-9","mega","200","1","Varios","Nueva carpeta","MultiTrack-This Is Amazing Grace-The Ascension-Bb","https://mega.nz/file/66xWiBgD#cdmH3uVzToVPHUlxGLNnTPe1h4Htjk-2zQF6MK4su2Y"
"not_accessible","mega_api_error_-9","mega","200","1","Varios","Nueva carpeta","En Tempestad-Legado-Eb","https://mega.nz/file/3jxCzLBA#3u0aYTJpbS6BwICXmczRf-uQqN7a-NjM-4Ma-I8-Jiw"
"not_accessible","mega_api_error_-9","mega","200","1","Varios","Nueva carpeta","Ya No Soy Esclavo (feat Julio Melgar)-Emanuel-Bb","https://mega.nz/file/3ng2RDAL#4LC2NgnKOnENsXVb2bm0UCjniJgqTH1Kxh1bxYIZgUg"
"not_accessible","mega_api_error_-9","mega","200","1","Varios","Nueva carpeta","Egypt-Egypt-Ab-75.00bpm","https://mega.nz/file/WnhkTJTB#SlB9x4tApx_OQtTcYu4WUb_c9Hrb0du8aSdkD3YEBNg"
"not_accessible","mega_api_error_-9","mega","200","1","Varios","Nueva carpeta","Pursue","https://mega.nz/file/f7hU2JCQ#PsCgd07JLiEldLp3K_UqskCCd95JEwJ7lFM1z6-15X0"
"not_accessible","mega_api_error_-9","mega","200","1","Varios","Nueva carpeta","Aclama a Dios","https://mega.nz/file/C74mkJwY#tAU56w_1DdCEC4tbvo662DRcOppNT6w_S_5P0eqf_cE"
"not_accessible","mega_api_error_-9","mega","200","1","Varios","Nueva carpeta","Feel The Waters-Easy Never Needed You-G","https://mega.nz/file/ezx2HDIQ#ouHbHdCXBKqszyE5IzaUEEeOTbM55GzbBDnCJ4PAxyQ"
"not_accessible","mega_api_error_-9","mega","200","1","Varios","Nueva carpeta","Crazy Love-Breakthrough-D","https://mega.nz/file/LihG0ZgJ#SMLE1G1VbAt8YVi2QfZqt-78V4AKCfoHKuB8F7tAvH0"
"not_accessible","mega_api_error_-9","mega","200","1","Varios","Nueva carpeta","Eu Te Louvarei - Fred Arrais","https://mega.nz/file/LvpgXBqb#_lvdFp867lhF2RRLw5RHOdxPCHQsq7BP9MqZeavA8ts"
"not_accessible","mega_api_error_-9","mega","200","1","Varios","Nueva carpeta","MultiTrack-Sing Sing Sing-Hello Love-E","https://mega.nz/file/Szgy0JhK#_I6EB05V_gPpH2XoF9O34R40-Or1YD68lZSuw0ulm9s"
"not_accessible","mega_api_error_-9","mega","200","1","Varios","Nueva carpeta","IR - Libre Soy","https://mega.nz/file/2zoCxRBb#pGta0rpFlvfs_KsP7SGhl1QzFQm03fSOCnaqpgQYeCY"
"not_accessible","mega_api_error_-9","mega","200","1","Varios","Nueva carpeta","08. Hay Una Nube - 86bpm(D) [Original]","https://mega.nz/file/KyxQ3DTD#8vHLWJ5IOPJzCtYhfiri0C4eY-hwFA_jqcJR8MqLvxA"
"not_accessible","mega_api_error_-9","mega","200","1","Varios","Nueva carpeta","CA - Canção dos Redimidos","https://mega.nz/file/KzpEWBLI#aB-HJ_D4wpY30iS8t82IGvbjfAIEcJiD9cuSi7gg0Do"
"not_accessible","mega_api_error_-9","mega","200","1","Varios","Nueva carpeta","Creador de Vida-Piedras Vivas-F","https://mega.nz/file/yzhmUJIR#-v0s2z7hWLbiP0VkI6AI-g3uiTU2Zh790qTQz2NNnaU"
"not_accessible","mega_api_error_-9","mega","200","1","Varios","Nueva carpeta","RCBV Levantate señor 90, 145 y 155 bpm Project","https://mega.nz/file/y2xEAJxJ#EZelEBgRKSksTDJpGz1o1HtmLqvW8fQh1JeZgL8J1IA"
"not_accessible","mega_api_error_-9","mega","200","1","Varios","Nueva carpeta","MultiTrack-Hola Mi Nombre Es-Intimidad 911-B","https://mega.nz/file/7nh0FZDY#67GSYphaFlhg8KxPqSH4_9rCw0_8A8c7HZ3nY8vHS5E"
"not_accessible","mega_api_error_-9","mega","200","1","Varios","Nueva carpeta","Your name high","https://mega.nz/file/n34ymBDC#RtBVIR_-YT8AYF3sj1_yL5nZxyRIn8NJpi5iVDZD9H8"
"not_accessible","mega_api_error_-9","mega","200","1","Varios","Nueva carpeta","SH - Levantos mis manos","https://mega.nz/file/bjxkkBqY#0pJP6x6y-ppfjDsle4Xpeji4qAoBWil88va98O3a0I4"
"not_accessible","mega_api_error_-9","mega","200","1","Varios","Nueva carpeta","MultiTrack-Gracias Cristo-No Hay Otro Nombre-A","https://mega.nz/file/3ipGBLiI#b-94PxPGyeB-Vr7DN2sONT01Fq0S4zwdu8TKJ3i-EyI"
"not_accessible","mega_api_error_-9","mega","200","1","Varios","Nueva carpeta","Por Su Gracia-People en Español-A","https://mega.nz/file/2qx0SRKC#Hg6_nh5m7xj1kEO877pZj-ewdAc5Ji4QsqFK9d7NDRE"
"not_accessible","mega_api_error_-9","mega","200","1","Varios","Nueva carpeta","Our generation - Luke Hellebronth","https://mega.nz/file/Sno0yByZ#Pcimm1Gy8xboTG16to0o5oWvo0ydDixY9Hi5M6ehJ6o"
"not_accessible","mega_api_error_-9","mega","200","1","Varios","Nueva carpeta","Vivo estas_LIVE - D - 132 - Oct2013","https://mega.nz/file/rmh0nBbD#60t7IipBUIgSEaSLfs-Kp821HaKt6MCieLCj7ycAIwM"
"not_accessible","mega_api_error_-9","mega","200","1","Varios","Nueva carpeta","Espiritu Santo (feat. Misael Valera)-Uno En Cristo-B","https://mega.nz/file/Wvo0gJZD#C8ZERktiJWf-YcqX2W1v9otppwH71EpBFs7q4Phns4Q"
"not_accessible","mega_api_error_-9","mega","200","1","Varios","Nueva carpeta","Let Go","https://mega.nz/file/j3hgjTbA#BFvvmXbeJdIqN4pIqLzZWonswFwAqvuoYwAWpy44lLg"
"not_accessible","mega_api_error_-9","mega","200","1","Varios","Nueva carpeta","Eres Libre-Eres Libre-G","https://mega.nz/file/OjowFbjT#d3btqBa64xnYsU1PW9ztC9W3X6pNl34XvYzaJF5BSTk"
"not_accessible","mega_api_error_-9","mega","200","1","Varios","Nueva carpeta","MultiTrack-Manda Tu Lluvia-Tu Nos Salvarás-F","https://mega.nz/file/a2xCRLhL#v4eoNoVqKF7hllzFsOLIvkz1V4j4K_Mf0lZdyZ5aHpM"
"not_accessible","mega_api_error_-9","mega","200","1","Varios","Nueva carpeta","Sigo Mirando Tus Ojos-Diálogo íntimo 2-G","https://mega.nz/file/y3xGEbJQ#UVBWtLzaYhhoOemANQh0OmEnNa_l5T1OO51ysivhE9Y"
"not_accessible","mega_api_error_-9","mega","200","1","Varios","Nueva carpeta","Tu Eres El Gozo","https://mega.nz/file/HvgUTBDB#6zGn48dJksw09cIdD2mLJdcWo14odp8E_eeLgJwbjks"
"not_accessible","mega_api_error_-9","mega","200","1","Varios","Nueva carpeta","El es el Rey Project","https://mega.nz/file/TjggzDrR#CDloSPttIIfkCuQg7KBRV1Lw03NG4JpNBItsA8Csml0"
"not_accessible","mega_api_error_-9","mega","200","1","Varios","Nueva carpeta","FW - Iré","https://mega.nz/file/3nxWxbZY#SMlGy34X6EFl1asUYEdcthlVYdm5gpUBocOkReTsFU8"
"not_accessible","mega_api_error_-9","mega","200","1","Varios","Nueva carpeta","Come Alive-Awake-C","https://mega.nz/file/Gzo2xBqL#tcVpkqGMuxYRyU7sT7a3zcn8wGNOAZcwnYD4Cj-4bHk"
"not_accessible","mega_api_error_-9","mega","200","1","Varios","Nueva carpeta","God is able - B - 79","https://mega.nz/file/nr40CLrI#roOmv-cZ8FkD6j44nbfJ0hGTbIf_c298mOVi7DcQ7Ts"
"not_accessible","mega_api_error_-9","mega","200","1","Varios","Nueva carpeta","CustomMix-FE-2623916","https://mega.nz/file/2240lLDJ#-nw3c0OulFEIHFMuK72nXpkJmK1AlriuKIwTuDRdcgc"
"not_accessible","mega_api_error_-9","mega","200","1","Varios","Nueva carpeta","Mi Ancla-En Lo Profundo-F","https://mega.nz/file/Lig0RDqS#RoWU2zZOKLvBe-Dbc_ENabCBmwFrD58ZpNMnfvczO9Q"
"not_accessible","mega_api_error_-9","mega","200","1","Varios","Nueva carpeta","Alabemos - 134BPM (A)","https://mega.nz/file/GixQGRIY#S2Sh1ry8vNCgP0ZraatEUVIAUhHw9Fu2YL2Dcz3jSE8"
"not_accessible","mega_api_error_-9","mega","200","1","Varios","Nueva carpeta","MultiTrack-Love On the Line-OPEN HEAVEN - River Wild-Eb","https://mega.nz/file/H24CQDqL#N55JoDSowKYzt6ectb7AfBPaBRdVs7wqsvrs4iw0_w0"
"not_accessible","mega_api_error_-9","mega","200","1","Varios","Nueva carpeta","Yo Creo-Tu Habitación-C","https://mega.nz/file/G2pmCDSL#-XPr4Q518l6WmUci2GtbNqXznAYHu5F7u-GBShfr2oM"
"not_accessible","mega_api_error_-9","mega","200","1","Varios","Nueva carpeta","Dios me Ama","https://mega.nz/file/PmgWnZ6b#qbqP4EakSIVqkF6htSLb_1cLJtZV8XSnG2XsYKJ-p5w"
"not_accessible","mega_api_error_-9","mega","200","1","Varios","Nueva carpeta","MultiTrack - Job Gonzales - Tu Amor – D","https://mega.nz/file/OupUyRAb#4IfggyO7-HIv3iWMVvtZfXh4eZmsZWHgcRqgroArgog"
"not_accessible","mega_api_error_-9","mega","200","1","Varios","Nueva carpeta","TobyMac - Everything - 112.5BPM (D)","https://mega.nz/file/Ky5GhJxL#TP17M3UsxNJ2XUN5oPaA9Rb4LuOSZEkCSEKWZsJVvsA"
"not_accessible","mega_api_error_-9","mega","200","1","Varios","Nueva carpeta","MultiTrack-Just Jesus-III-Db(1)","https://mega.nz/file/L3pWDBia#b5-9DqSLOOiCyVNup1tBLv21WjhuUXAtY-UBKdJSreY"
"not_accessible","mega_api_error_-9","mega","200","1","Varios","Nueva carpeta","Vino Nuevo-Hay Más-Bb","https://mega.nz/file/Oq5ElDKb#Z5gQp3uLonhmX6D29sICM_SmoYoG0MD4P-VQgiAB14o"
"not_accessible","mega_api_error_-9","mega","200","1","Varios","Nueva carpeta","He is Jesus","https://mega.nz/file/bmwAkJyZ#M_2tuahSaPQxj71tT4vZvCSjuMhn-J-s2Cmljw-vakY"
"not_accessible","mega_api_error_-9","mega","200","1","Varios","Nueva carpeta","Heaven's Symphony-Oh the Power-Db","https://mega.nz/file/OngEHTgA#xVLMa32SuFe-vob890xVxBc0ZIpbBwxC2MZDJxP44LA"
"not_accessible","mega_api_error_-9","mega","200","1","Varios","Nueva carpeta","God not Dead - News Boys -MultiTrack","https://mega.nz/file/u7wyzJaY#r50yKZf9O8w47axIrLeL1nCAvsM1-_hfYXTwmDYmWMs"
"not_accessible","mega_api_error_-9","mega","200","1","Varios","Nueva carpeta","La Cruz","https://mega.nz/file/WixGCRCb#cIpsKyTmadkoc-XatO_obLGguN1JFx4r4OC0aV5W3m8"
"not_accessible","mega_api_error_-9","mega","200","1","Varios","Nueva carpeta","MultiTrack-Renuevame-25 Concierto Conmemorativo-D","https://mega.nz/file/HuxkARKC#JE_yrLSJrGIsu7ccl3dnD6WKXU4mt6y8TWlLoEckovI"
"not_accessible","mega_api_error_-9","mega","200","1","Varios","Nueva carpeta","Deus do recomeço","https://mega.nz/file/Wu4WQbzB#EMEn3E3TeHZoRx8GSJnQ2AtI2bxLZ-UMQAim7LW6TJk"
"not_accessible","mega_api_error_-9","mega","200","1","Varios","Nueva carpeta","MultiTrack-Came to My Rescue-Lifeway Worship Project-Bb","https://mega.nz/file/uuxCDTpT#z3gpKEmDNBC5-5I2heEz99a38xQ5-SL0Xct4KSPS1jw"
"not_accessible","mega_api_error_-9","mega","200","1","Varios","Nueva carpeta","Tu Reinas - Amor Mercy (A)","https://mega.nz/file/zzpEWLgC#5cnz-_TrZYU_KcI6SYYmU0ma7jYMw__HqwtZMoJZvQQ"
"not_accessible","mega_api_error_-9","mega","200","1","Varios","Nueva carpeta","Lead me to the croos","https://mega.nz/file/ur5k1BRQ#bYPGC2i8xRcdR6b4wyuOjKHpsqWZrCzjZyK9A67I84A"
"not_accessible","mega_api_error_-9","mega","200","1","Varios","Nueva carpeta","no a nosotros 80bpm jesus Project","https://mega.nz/file/6rh0XbJC#Lj5n_kofbzPI37w_pc6HRassFD1LRPrkv-tJAcPD4do"
"not_accessible","mega_api_error_-9","mega","200","1","Varios","Nueva carpeta","Todo Lo Haces Nuevo-E-75.00bpm","https://mega.nz/file/f6hiCLaB#Ib2TdGUsiNez6-XfbQIriFzsOrzOWCYEbXx1z8fAVqQ"
"not_accessible","mega_api_error_-9","mega","200","1","Varios","Nueva carpeta","AM - Rei da Glória","https://mega.nz/file/jjoEDBwT#UK2KGwjY6uMvwKcc72aQRB25NtD2cxGG9xgcpPVs3I4"
"not_accessible","mega_api_error_-9","mega","200","1","Varios","Nueva carpeta","Grande (A Dios El Padre)-Más Que Suficiente-A","https://mega.nz/file/nnoQmTiY#CfwsjlDzQUnhyf9tpAwx84_qNNqeES_XPH_2GLVQY2c"
"not_accessible","mega_api_error_-9","mega","200","1","Varios","Nueva carpeta","MultiTrack-Winter Snow-Gospel Vol. 1_ Born is the King-D","https://mega.nz/file/W7pEkJgB#rafR87sVbbjYRd6ND6PEAi5vILs54H7HwRILsowsm8w"
"not_accessible","mega_api_error_-9","mega","200","1","Varios","Nueva carpeta","Por siempre cantaré","https://mega.nz/file/zj521JgT#yjFlKW-3_1fVhuE1seaxvappYDzTi49TD13N3WVXHTQ"
"not_accessible","mega_api_error_-9","mega","200","1","Varios","Nueva carpeta","SAY THE WORD_F_124","https://mega.nz/file/HzwWjBiJ#-4_o_SQdMbS4OPWovSkxtCa4MAzjtFskPXUYBHiaFXs"
"not_accessible","mega_api_error_-9","mega","200","1","Varios","Nueva carpeta","Somos-Sigues Siendo Dios (En Vivo)-G- MultiTrack","https://mega.nz/file/mjhE3LaL#v2Pv51wVrl3_d-uorTeDArh3dTMuQtbxxC2Yl6fRTD0"
"not_accessible","mega_api_error_-9","mega","200","1","Varios","Nueva carpeta","Entrego Todo (feat. Lowsan Melgar)-Entrego Todo (feat. Lowsan Melgar)-G","https://mega.nz/file/mrpyxBZD#jUH9xMhac-mgJ0g3jWuPNwl3YZ5B8GG0ELh4JW57EWE"
"not_accessible","mega_api_error_-9","mega","200","1","Varios","Nueva carpeta","05. Echo - 104bpm(Db)","https://mega.nz/file/bqgSiTrQ#T7jGfHFyVBxq3Wpl4qN1uop-KpiHevm-3qWZkHOI-dI"
"not_accessible","mega_api_error_-9","mega","200","1","Varios","Nueva carpeta","[MultiTracks] Wake - We Are Young & Free (Live)-G","https://mega.nz/file/Cno0SZoA#CbcmtYRffkpm0qISETJL0C6jGr2rpbhkAfO70KKf8Q8"
"not_accessible","mega_api_error_-9","mega","200","1","Varios","Nueva carpeta","Reckless Love-Gospel Vol. 3_Yes and Amen-B","https://mega.nz/file/Pv5SkTZT#4k0FdRST9gWLbWsOLQ52YVTXW3jtk75ceZhvLYy-g2o"
"not_accessible","mega_api_error_-9","mega","200","1","Varios","Nueva carpeta","Carta De Amor (Compás 6-8, BPM 73, Tono C)","https://mega.nz/file/ezhwRRob#Jg2X_ANyFDWjDrZHY7WCBpCuebt0FhyS2-WCxW4CxCg"
"not_accessible","mega_api_error_-9","mega","200","1","Varios","Nueva carpeta","MultiTrack-Tu Amor-Eres Mi Todo-D","https://mega.nz/file/Pq5EQTQR#4IfggyO7-HIv3iWMVvtZfXh4eZmsZWHgcRqgroArgog"
"not_accessible","mega_api_error_-9","mega","200","1","Varios","Nueva carpeta","MultiTrack-Relentless-Zion-D","https://mega.nz/file/eiw2iJZb#4cAxseQDqMPGNfLhFd3YNhEFgP7J5EGSr3Dg6gbtPKQ"
"not_accessible","mega_api_error_-9","mega","200","1","Varios","Nueva carpeta","FIESTA","https://mega.nz/file/3yhC1DIA#lkRu2PIF0GV2QEDnRtvHEJ_8e7lbmwZgnEUkcSCF8n4"
"not_accessible","mega_api_error_-9","mega","200","1","Varios","Nueva carpeta","Para Siempre-Esto Es Un Avivamiento-Db","https://mega.nz/file/u7oQkZxB#Xjf-hT6pFTW9CmbGOB1nr8lGycyaZodU-2_VqrDCW50"
"not_accessible","mega_api_error_-9","mega","200","1","Varios","Nueva carpeta","MultiTrack - Newsboys - We Believe - Restart - D","https://mega.nz/file/eu4AhZ4Z#D-6hC42yniDVS2kr52pfqM6zAIbdsgbCGXZ6gq39Jcg"
"not_accessible","mega_api_error_-9","mega","200","1","Varios","Nueva carpeta","Rojo - Eres Todo Poderoso","https://mega.nz/file/7joiTJBY#2t5HtFQK2treUyjKiMe00GLPhdRDGcWwVtlcipfXfQc"
"not_accessible","mega_api_error_-9","mega","200","1","Varios","Nueva carpeta","Fall-Already Done-B-71.00bpm","https://mega.nz/file/TuhiUbJJ#rzrL_-ioMyWva_uJe__dDOI3Okv_B9qtkWHsEgr9op0"
"not_accessible","mega_api_error_-9","mega","200","1","Varios","Nueva carpeta","New Boys Your Love Never Fails - 115bpm (Bb)","https://mega.nz/file/bngw3TYJ#al23UNyaAOM0pZSE6lVJQ2ToHKQ7a0eiNb1NOaeOZo4"
"not_accessible","mega_api_error_-9","mega","200","1","Varios","Nueva carpeta","Where the Spirit","https://mega.nz/file/Hi4wQb5L#ZyhStFIhtvrNL_j6H0Ab-w7DqtBh-RSo3SNqY0qJoII"
"not_accessible","mega_api_error_-9","mega","200","1","Varios","Nueva carpeta","MultiTrack-Una Nueva Historia-Tu Nos Salvarás-A","https://mega.nz/file/O2oWgZTK#gKfnNEmPeri65dpr7fiFaQbAfjY-IDqTLLZxertZodg"
"not_accessible","mega_api_error_-9","mega","200","1","Varios","Nueva carpeta","World Outside Your Window (Studio)-World Outside Your Window_As I Am-A","https://mega.nz/file/D3ggBD4D#sFDLZG9C3jjdg2iS1cbsASktZI69E-pOlE5l5vRyOjM"
"not_accessible","mega_api_error_-9","mega","200","1","Varios","Nueva carpeta","05. Echo - 104bpm(D) [Original]","https://mega.nz/file/Hjo2TBoD#Lc0qnHpIHDC4NnVrCv6UiznqADLmMlW0jvNs_3GX5zY"
"not_accessible","mega_api_error_-9","mega","200","1","Varios","Nueva carpeta","Amado Meu-Alfa E Omega- Marine Friesen - E [MultiTracks] -","https://mega.nz/file/WqwmkJBS#zCOJeuJfbtKzHKWOEiDX2U0BMvgmIU8rAsFGLyfSYvI"
"not_accessible","mega_api_error_-9","mega","200","1","Varios","Nueva carpeta","QueremosFuego","https://mega.nz/file/jz4kxDBT#ABA_xjoXXiqOG06elSIPsUNl48xE5e3K2Iup4mSwkdc"
"not_accessible","mega_api_error_-9","mega","200","1","Varios","Nueva carpeta","Frutos-Cielo en la Tierra-D-68.00bpm","https://mega.nz/file/Hu5GEDza#g0wTP9hHldc0i509ur_DRlcI6fUtUTKPbngkAW3cN5Q"
"not_accessible","mega_api_error_-9","mega","200","1","Varios","Nueva carpeta","Psalm 34 (Taste And See)-Psalms Vol. 2-D-57.00bpm","https://mega.nz/file/nm5i3JIb#lvab1dvSNg_WPCPL7wLSJZSuEnuoGlzi7GvsKirYdbw"
"not_accessible","mega_api_error_-9","mega","200","1","Varios","Nueva carpeta","MultiTrack-This Is Amazing Grace-Come Alive-Eb","https://mega.nz/file/6ipUHDqJ#fwSG7OFPlntWRzJOI1yQPGqm7_FWUVSJyWhrVYDSCHw"
"not_accessible","mega_api_error_-9","mega","200","1","Varios","Nueva carpeta","MultiTrack-Mi Padre-Ancla de mi Fe-A","https://mega.nz/file/en5yVRoZ#I4kkiJNtB3WvuCoXCE6sZ0Ucu-M99wihIm6GyWDR-CM"
"not_accessible","mega_api_error_-9","mega","200","1","Varios","Nueva carpeta","Happy Day (C) 139 BPM","https://mega.nz/file/Dvgk1BaL#D0NR7qS9BvaPdI3u3Cg1_mvK79MRY9uB7AjJjetCJuY"
"not_accessible","mega_api_error_-9","mega","200","1","Varios","Nueva carpeta","MultiTrack-Heaven Pouring Out-Lion of Judah-A","https://mega.nz/file/324yxTYZ#fllcM2Rcfe_HKaaaI2k_a-M-ZykPVXGhjvspdBQbfUo"
"not_accessible","mega_api_error_-9","mega","200","1","Varios","Nueva carpeta","He Caminado Sobre el Mar-Vive en Mí-C","https://mega.nz/file/WnoASR5S#zmESHZyZ4w86oMEhcQuSHKVMPcrahbLlKdqaecK8EY8"
"not_accessible","mega_api_error_-9","mega","200","1","Varios","Nueva carpeta","MultiTrack-Solo T£-Jes£s Es Suficiente-G","https://mega.nz/file/DioGjbpJ#jE6xX0mfd8ur5h3x49LRM_yQITGfJUa3PRztHg1E9o4"
"not_accessible","mega_api_error_-9","mega","200","1","Varios","Nueva carpeta","I Remember-Glory, Part 1-Eb","https://mega.nz/file/OnhCnBrJ#EcKCkUA7msPGcMT-SnPJ4OctNs3b_3_NcQTjR916c3I"
"not_accessible","mega_api_error_-9","mega","200","1","Varios","Nueva carpeta","MultiTrack-I Can Only Imagine-Almost There-E","https://mega.nz/file/Kmg2DbAJ#ngrU7rYqmStUAHwuGxllyeujh13g0k3P2hATk_pVWnM"
"not_accessible","mega_api_error_-9","mega","200","1","Varios","Nueva carpeta","Living Waters Keith and Kristyn Getty Facing a Task Unfinished C","https://mega.nz/file/b25wXDpA#m9-02sSG_Kt4kFsS1RTDIDRB0_hN2WbxaBZD1HsQFhQ"
"not_accessible","mega_api_error_-9","mega","200","1","Varios","Nueva carpeta","Rain-Limitless - D","https://mega.nz/file/njgWED5J#RCxijiZaliaFFwQ1_XNamBmNlN5z950I77ibRM5NVNE"
"not_accessible","mega_api_error_-9","mega","200","1","Varios","Nueva carpeta","As It Is (In Heaven)-Let There Be Light-E","https://mega.nz/file/yvxWABaY#wkW9rjj0ctyUpHi13dXqF9nePbzYR2kL3g1xQalPhgU"
"not_accessible","mega_api_error_-9","mega","200","1","Varios","Nueva carpeta","el cielo y la tierra 135 bpm Project","https://mega.nz/file/yn5kTR7B#vtZk-yf1MzcSobeGcHVV8qBMD-wcKyYXe7zLGsDLjyo"
"not_accessible","mega_api_error_-9","mega","200","1","Varios","Nueva carpeta","Tu Perdón-Burning Flame-Am-97.00bpm","https://mega.nz/file/224EmTzR#B461UBFd513doLc8prLwAbJ3AjRIN-r_F2HrZPIij5I"
"not_accessible","mega_api_error_-9","mega","200","1","Varios","Nueva carpeta","BIENVENIDO ESPIRITU SANTO","https://mega.nz/file/Djx23byL#TOv4A1dItTtH2eXgObP-Bg7XA0YYPwr8vipUm7N88Og"
"not_accessible","mega_api_error_-9","mega","200","1","Varios","Nueva carpeta","MultiTrack-Royal Blood-My Pursuit-Bb","https://mega.nz/file/vmgWDbJD#ZiBfnXKr2AQD0r3BZ92NIh1NYm8ovU41jukqm8WKB8M"
"not_accessible","mega_api_error_-9","mega","200","1","Varios","Nueva carpeta","See The Light-Awake-A-116.00bpm","https://mega.nz/file/vy4S1RyB#TEDUsAXrPOfe246utY4ahHLY6RP_2cZZ2DE4Cw3KdWE"
"not_accessible","mega_api_error_-9","mega","200","1","Varios","Nueva carpeta","Movimiento de Gloria SEQ ( Mono )","https://mega.nz/file/W7xQ0JxB#hOT9O68P7Q6OKzGUufAJaSSj-pSbPdpnz_ydg61Rjvo"
"not_accessible","mega_api_error_-9","mega","200","1","Varios","Nueva carpeta","Sun and Shield","https://mega.nz/file/3750wLpZ#tlPf4_-5LX7az2BH_rtkk0-yzX0yXIOUk0U3KAsr2yU"
"not_accessible","mega_api_error_-9","mega","200","1","Varios","Nueva carpeta","MultiTrack-So Will I (100 Billion X)-Wonder-A","https://mega.nz/file/rj4mTDKC#WepYnu4tpPwfi2x2J7w_yC0eYRsLSWWuWiXXlHlUaNU"
"not_accessible","mega_api_error_-9","mega","200","1","Varios","Nueva carpeta","MultiTrack-Majestad-Antes del Universo-F","https://mega.nz/file/qipGHTTJ#urSjg4VoJwZ1Mg4Ndiw2cP416y8MeuiEqKCV_Qq_GGU"
"not_accessible","mega_api_error_-9","mega","200","1","Varios","Nueva carpeta","El Dios de Israel es Poderoso - Medley-El Dios de Israel es Poderoso - Medley-Dm-140.00bpm","https://mega.nz/file/fj5iCDAa#xMJPD48c9sQlyKIPDJyMe9XIJb2oev0Ddp9H4fFuMwQ"
"not_accessible","mega_api_error_-9","mega","200","1","Varios","Nueva carpeta","Resplandeció!-Piedras Vivas-B- MultiTrack","https://mega.nz/file/q7x0DDzT#gVCkg4TSC03K_OHXMdgpzVGHo9NdtLFDLAukOfVzLik"
"not_accessible","mega_api_error_-9","mega","200","1","Varios","Nueva carpeta","MultiTrack-Nada Me Faltará-Jesus En El Centro-D","https://mega.nz/file/TmxUAJoI#a-sPkmbMhUFxA-FJbc-aeHI9wo2mgdluE-_gQaCVcEM"
"not_accessible","mega_api_error_-9","mega","200","1","Varios","Nueva carpeta","ES - Tu Has Sido Fiel (En Vivo)","https://mega.nz/file/nz4gDLIY#dvw7dE2EYPHmolExsE5OY8UQ6RFk44y4Ix-XPYcmdII"
"not_accessible","mega_api_error_-9","mega","200","1","Varios","Nueva carpeta","Where You Are (Live)","https://mega.nz/file/3zgkgBRa#5VCsdEOY2izerRMvMT_Uk4TNrwkRzPb7zb8DZSotbdI"
"not_accessible","mega_api_error_-9","mega","200","1","Varios","Nueva carpeta","In Jesus Name-Revealing Jesus-D","https://mega.nz/file/XigEGL5B#cozpXL_4iLFccMKxnOMj2gbdne0UTdStUwf2vLgG7iw"
"not_accessible","mega_api_error_-9","mega","200","1","Varios","Nueva carpeta","Why Should I Be Afraid-Desert Rain-Bb","https://mega.nz/file/Wyo2TDpQ#m_OsvyIWGhxjdOvUrt-ussGWqrK8T80aA3-h3bWHRjQ"
"not_accessible","mega_api_error_-9","mega","200","1","Varios","Nueva carpeta","Entrelazados (En Vivo) - Lucas Conslie - 130 - 4.4 - G","https://mega.nz/file/Wm4QlJTb#aFvJxQIDrZcJJGQeCbMqUKeLHv0zzhnWeEobxba8bKc"
"not_accessible","mega_api_error_-9","mega","200","1","Varios","Nueva carpeta","Forever Reign C- 83 bpm","https://mega.nz/file/v7gUQbgS#L7pcC_pk3npNDiB_SEP5reRxJITPtwsz_vPerGu9liU"
"not_accessible","mega_api_error_-9","mega","200","1","Varios","Nueva carpeta","No Hay Palabras-Jesús En El Centro-E","https://mega.nz/file/T6oEkLCL#eap34_IWkQLNsMl-R6QaM1Qz-BpOf7kGbQwAD_WN4RI"
"not_accessible","mega_api_error_-9","mega","200","1","Varios","Nueva carpeta","MultiTrack-A Ti Jesús-En Lo Profundo-E","https://mega.nz/file/TvpE0Tha#C_f1dC7rdSb7zgrWMuPpoT6aVIO9HVpzljg4TAgn3Mw"
"not_accessible","mega_api_error_-9","mega","200","1","Varios","Nueva carpeta","Te Doy Gloria Multitrack","https://mega.nz/file/ijxE1BpL#aIOesvd-aFZzwOkNSEuLsL6vgMMhI5ZBeNUwnJUwrCg"
"not_accessible","mega_api_error_-9","mega","200","1","Varios","Nueva carpeta","Ya Intente Comprender-Dios Me Ama-E","https://mega.nz/file/WygSzTYJ#_5CfBCttnHc-14s7bttP-mXdaqmgARbr9Kv3tImi1WY"
"not_accessible","mega_api_error_-9","mega","200","1","Varios","Nueva carpeta","You Are Good-Be Lifted High-A","https://mega.nz/file/Pu4EHBpQ#M8oCUqNR8bzRayGA8u5Km_LGo-5mjbISkFmA4MQteng"
"not_accessible","mega_api_error_-9","mega","200","1","Varios","Nueva carpeta","La gloria de Dios","https://mega.nz/file/G2gQFZxD#jHyoCzoRkgPaJ-OMbrOKe3aGFbHPejoNs_asvvfI9Go"
"not_accessible","mega_api_error_-9","mega","200","1","Varios","Nueva carpeta","Surrounded (Fight My Battles) - UPPERROOM - To The One - 68.5 - 4.4 - Gb","https://mega.nz/file/W2oknRDZ#xX0NawqzTa7p7LU7swTIbZAT-VNSNE4INunGneNskd0"
"not_accessible","mega_api_error_-9","mega","200","1","Varios","Nueva carpeta","Gravedad-Gravedad-F","https://mega.nz/file/HrgmHRDD#AWHghoCIvDpXlVkUec5Z08VgrkJpF43-vcSdO8gb6OM"
"not_accessible","mega_api_error_-9","mega","200","1","Varios","Nueva carpeta","No Hay Lugar-Ambientes de Adoración-A-60.00bpm","https://mega.nz/file/K7oATRZY#wz8r7pZGJFEBszGdhUMlGjMYmk0ORYW6J14WCALl3Dw"
"not_accessible","mega_api_error_-9","mega","200","1","Varios","Nueva carpeta","No Me Moverè-No Me Moverè-E","https://mega.nz/file/zz4CBboD#Bg3OoTqFesvd36a83LdfSjvc7FUp9lyx0w_027-LNl8"
"not_accessible","mega_api_error_-9","mega","200","1","Varios","Nueva carpeta","God´s great dance floor","https://mega.nz/file/S342ETrQ#c6P0eziS7SIonwYsXVZeC3L-9hQIaw9b7vVARGIzbPw"
"not_accessible","mega_api_error_-9","mega","200","1","Varios","Nueva carpeta","Sé Que Hay Un Amor-Legado-A","https://mega.nz/file/aioUEJQA#aC8yEf6q4UaCTr7ZT3YUaZPrfF6n6AnMc8moUXsYDbs"
"not_accessible","mega_api_error_-9","mega","200","1","Varios","Nueva carpeta","Walls 128BPM 4.4 - Bb","https://mega.nz/file/KqpGRbJJ#LdO4hvBD2Kfh-0zgOod7Krd_G3zt-_H8-fmHqHhTEPE"
"not_accessible","mega_api_error_-9","mega","200","1","Varios","Nueva carpeta","Mayor es él-Sigues Siendo Dios (En Vivo)-C","https://mega.nz/file/browXZAT#K8PAio0fkHrs1-n6QUGEYxm5G0mMZby2B1Pg_3xLjSY"
"not_accessible","mega_api_error_-9","mega","200","1","Varios","Nueva carpeta","Yo Quiero Alabarte (En Vivo) [feat. Raul Sanchez]-Lenguaje del Cielo-Fm","https://mega.nz/file/CuxmSLyC#5qDTylb6wl6c7KmCDfzL0uT2lFHKaKcKxL8Tmid3mXw"
"not_accessible","mega_api_error_-9","mega","200","1","Varios","Nueva carpeta","MultiTrack-Every Beat-Nothing Ordinary, Pt. 2 (Live)-D","https://mega.nz/file/ruwgHDwA#W08aqNKG1DRhLjV5i2tYtrQCPS7nWVCTEqy314ddIL4"
"not_accessible","mega_api_error_-9","mega","200","1","Varios","Nueva carpeta","I Lift My Eyes-Greater-Bb","https://mega.nz/file/zm5GDJCJ#DF4CpX2IQRcLMbbuJv-o6EIa3KHRStlg8NrKW06e8-Y"
"not_accessible","mega_api_error_-9","mega","200","1","Varios","Nueva carpeta","MultiTrack-Gracia Sublime Es (En Vivo)-Deseo Tu Gloria (Alabanza y Adoración en Vivo)-A (1)","https://mega.nz/file/mz5gAZQY#OD-DrtIj_iXQCq_GMB4IKva__U3-T1XfhGb9-LgISZU"
"not_accessible","mega_api_error_-9","mega","200","1","Varios","Nueva carpeta","Persigues mi Corazon MT","https://mega.nz/file/zm4GkboL#yvvXOVYxccv-wQFr3yJv5P8Yj9EUhmadVw-LEvRmvqk"
"not_accessible","mega_api_error_-9","mega","200","1","Varios","Nueva carpeta","VP - Je m'attends","https://mega.nz/file/66xC2BTZ#ky0l8SAa-x_9LxhagC_ygFtYJGW5pdUpqkJggh22Rsg"
"not_accessible","mega_api_error_-9","mega","200","1","Varios","Nueva carpeta","Princesas Mágicas JAR- Multitrack","https://mega.nz/file/uvxGRR6L#IDaPSaVeOX4VXhW6MSRzXUXUUOKR2g0qDPQNkUL0bxw"
"not_accessible","mega_api_error_-9","mega","200","1","Varios","Nueva carpeta","MultiTrack-Un Toque-Tu Luz Brilla-E","https://mega.nz/file/bugwGLgR#GYMZ1V4U4obhXANKdLANYvcjzr8usgnFve2P7qPNnBY"
"not_accessible","mega_api_error_-9","mega","200","1","Varios","Nueva carpeta","Bautízame-Seamos Luz-C","https://mega.nz/file/izpAmbzA#SwCgodgcapN4r9WJ62PGctzPaGoj_YPRSns-L5iT6Wc"
"not_accessible","mega_api_error_-9","mega","200","1","Varios","Nueva carpeta","Multitrack-Eres Mi Amigo Fiel","https://mega.nz/file/zihQFBpJ#5R3TQNoc2m5nuOxIZv_AM7gZRzQWgm8-bRYwvf4WFCw"
"not_accessible","mega_api_error_-9","mega","200","1","Varios","Nueva carpeta","Surrounded (Fight My Battles)-To The One-Gb-68.50bpm","https://mega.nz/file/ur4g3Tra#gkZfgvfqK1AfFKPg1LcDJmJwGGiykii9atCz1-u5zyY"
"not_accessible","mega_api_error_-9","mega","200","1","Varios","Nueva carpeta","MultiTrack-Digno (feat. Damaris Calviño)-Adora a Jesús-A","https://mega.nz/file/P2hiDTjb#hJJs4mFs_EOfdbwAHOAZJcSrUG6eGTo09lnBhpskGFQ"
"not_accessible","mega_api_error_-9","mega","200","1","Varios","Nueva carpeta","MultiTrack- Ardiendo En Mi Interior-Deseo Tu Gloria (Alabanza y Adoración en Vivo)-Am","https://mega.nz/file/6r4GEZDC#plRZZ_DH-OV0NrLiu4AmcjycAidkam6Ae1nRt5O8UKM"
"not_accessible","mega_api_error_-9","mega","200","1","Varios","Nueva carpeta","Loco Amor-Loco Amor-Gb-70.00bpm","https://mega.nz/file/2vh0EJDa#zaXOw4aqWQ1v1l43PRSpT8z7NdLb1pVJVfeu9rsR37s"
"not_accessible","mega_api_error_-9","mega","200","1","Varios","Nueva carpeta","OH - God You Reign","https://mega.nz/file/GqgSzBiC#31eAarQ8fJfZUpkmCfNcBX__DuFxMweMto04NbQ6kSk"
"not_accessible","mega_api_error_-9","mega","200","1","Varios","Nueva carpeta","Eres mi Escudo y Yo Venceré 155 RCBV Project","https://mega.nz/file/ruxgzTQA#e6Yl_efKklhCo2PQz5IjtZe0kmMIAZo9AfeKRVejRUE"
"not_accessible","mega_api_error_-9","mega","200","1","Varios","Nueva carpeta","Dios Ha Sido Bueno (Multitrack) Praise Multitracks","https://mega.nz/file/jjwWCTyZ#axXguGZwK6hzqrNlNF1xX2sCJsc2d12fyfp_y_6i05A"
"not_accessible","mega_api_error_-9","mega","200","1","Varios","Nueva carpeta","Todo Va A Estar Bien-Todo Va A Estar Bien-C","https://mega.nz/file/j2gilDxJ#_GFrnq8M2y13WDAYFZd75mO3m02n1l4i8nawPv9sOl4"
"not_accessible","mega_api_error_-9","mega","200","1","Varios","Nueva carpeta","MultiTrack-Ta grâce est sans fin-Scriptura-Eb","https://mega.nz/file/bnxQHBiY#_cDrnZEvLSVMbXfstKMPH7rBXTglMSpywqkjHFbmZ48"
"not_accessible","mega_api_error_-9","mega","200","1","Varios","Nueva carpeta","Aquí-Aquí-Db","https://mega.nz/file/azoCyT5Y#XIcLVCH__4bite0F3LPV5BjovUEmjYzev75yE6HRA4c"
"not_accessible","mega_api_error_-9","mega","200","1","Varios","Nueva carpeta","Mira No Mas","https://mega.nz/file/W2hkDbSR#vaJjk4ENJU8thbikanxsQPtuBAFnHhOvJEr9u6pUr6c"
"not_accessible","mega_api_error_-9","mega","200","1","Varios","Nueva carpeta","Cuán Grande Es Tu Amor (feat. Jeff Johnson)-Glorioso Dia-C","https://mega.nz/file/H6520RDI#M-mbzV5rX6uw_PNBsnBS7GlFGfKYU6k_gRrJg-hDMA4"
"not_accessible","mega_api_error_-9","mega","200","1","Varios","Nueva carpeta","From Whom All Blessings Flow (Doxology)-Awake-C-72.50bpm","https://mega.nz/file/fm4i3LYJ#KjUh8LU74zKiVo-SgRFxOg7lQVdjzR0c89clOkgY9ns"
"not_accessible","mega_api_error_-9","mega","200","1","Varios","Nueva carpeta","MT Tú Dariann Gonzalez (YouTube, Music Multitracks Luis Sicajá)","https://mega.nz/file/GjwwyDqA#H7nWXDzxcUaWEgHpUFxtV4Wk2dFM-AhKV7mowCJYX_k"
"not_accessible","mega_api_error_-9","mega","200","1","Varios","Nueva carpeta","GW-Let The Heavens open","https://mega.nz/file/WuwQAbjS#nLgiXB0sTtEmQuqkDJRbbm9M8AM1W-ABFResglKe-3k"
"not_accessible","mega_api_error_-9","mega","200","1","Varios","Nueva carpeta","MultiTrack-En adoration-Majestueux-G","https://mega.nz/file/KjxwWbAQ#T6E01vfnyjQNg474oAca__4bP4itMQLhnnF8aXFh4Bk"
"not_accessible","mega_api_error_-9","mega","200","1","Varios","Nueva carpeta","Preto no Branco - Os Anjos te Louvam - 106BPM (E)","https://mega.nz/file/jrxijBhD#0yPNNMeQ_G3MPyUSLTYvADgKFtKo6LjcuEk9djVDUQI"
"not_accessible","mega_api_error_-9","mega","200","1","Varios","Nueva carpeta","ER - Vivo Por Ti","https://mega.nz/file/7rx0XDiY#cSMdp7Ld0GojGV2801TaYwIX-0mhk0BVufGjfq-dvpc"
"not_accessible","mega_api_error_-9","mega","200","1","Varios","Nueva carpeta","Love Won't Let Me Down-Love Won't Let Me Down-G","https://mega.nz/file/unomSbjb#-Yrmq_BUfHvRfT9abRDTnLRZoj1tYYfWjZLEcWLv8io"
"not_accessible","mega_api_error_-9","mega","200","1","Varios","Nueva carpeta","Overflow-Overflow-Cm","https://mega.nz/file/Cmo0SDRR#9vI_DQGj4BZpy2c7ws9AiXz92X_A4jQ81nyN_MUf0Ug"
"not_accessible","mega_api_error_-9","mega","200","1","Varios","Nueva carpeta","Tasha Cobbs - Your Spirit - 73BPM (A)","https://mega.nz/file/CroSABaI#IiEsDbTX4CjfksV3U7KvppXYhReQuT1vArl5X7pNEaY"
"not_accessible","mega_api_error_-9","mega","200","1","Varios","Nueva carpeta","MultiTrack-Esto es lo Mejor-Música en el Desierto-D","https://mega.nz/file/z2gWmDLL#Krqo0zblD7G-ptbtUDCpxEg5Fbn-ZmGzXOU2Z5EAMDQ"
"not_accessible","mega_api_error_-9","mega","200","1","Varios","Nueva carpeta","Dios Incomparable","https://mega.nz/file/Cy5SQbhb#oeAmnXNQZxyoRjEWVP7opzTbbUoaNAk4SCKZWWCKFHk"
"not_accessible","mega_api_error_-9","mega","200","1","Varios","Nueva carpeta","Dios esta aqui mp3 RCBV","https://mega.nz/file/yn4WgTpJ#HgbrByAETaNfI0NgZPFXfEqZrb9BaFHZdBbrWd3flIQ"
"not_accessible","mega_api_error_-9","mega","200","1","Varios","Nueva carpeta","AMS 127 BPM 4.4 -F","https://mega.nz/file/i2p2gJ6I#3EdK1ZZ-v6NFLY8H66xwWlPtOjiWO7lGmizi0FJRXZs"
"not_accessible","mega_api_error_-9","mega","200","1","Varios","Nueva carpeta","MultiTrack- Me Apasionas & Avívanos-Mientras Viva (En Vivo Desde Sudamerica) B","https://mega.nz/file/Dj5kSbIa#ffksbFW6o2ESSAEdVLUNA9B99hMK3JZazeYX0bcaN6g"
"not_accessible","mega_api_error_-9","mega","200","1","Varios","Nueva carpeta","Guiame-Incontenible-E","https://mega.nz/file/7vpkHZBT#Wf_A8Hx6s1hkI4WhKBoIQIBlmctwDIF-tluLBGOrNBA"
"not_accessible","mega_api_error_-9","mega","200","1","Varios","Nueva carpeta","No Other Name-No Other Name-G","https://mega.nz/file/f24QDBBJ#AuviSjemwZ6dbqSAKiOSj5vpQVbIuiKzJ771uLyY9DQ"
"not_accessible","mega_api_error_-9","mega","200","1","Varios","Nueva carpeta","Lo Unico Que Quiero-Amanece-Gb","https://mega.nz/file/735WEbiT#n1j8s6-e6VOOeFJIxbRPJd9uAiI6X13m_exGhcKyfws"
"not_accessible","mega_api_error_-9","mega","200","1","Varios","Nueva carpeta","Preto no Branco - Eu te Agradeço - 100BPM (E)","https://mega.nz/file/Dr5w3R6J#ezAX8TJ3I2wwP3DKH5inh8b6QN9pgYs0_WH040iPdq0"
"not_accessible","mega_api_error_-9","mega","200","1","Varios","Nueva carpeta","Glorioso Seth Condrey","https://mega.nz/file/bip0gBjI#BbPnj9FQqo-_NTGCnRPf3Eoqbe17YPtfsfj9YQFNsYE"
"not_accessible","mega_api_error_-9","mega","200","1","Varios","Nueva carpeta","Tremble-Without Words_Genesis-C","https://mega.nz/file/G3p2VBoT#hDlSMoD7JoNs6BAVG4TYUyWuZwYsd_R818UYblxJ-uw"
"not_accessible","mega_api_error_-9","mega","200","1","Varios","Nueva carpeta","AN - Sempre Por Perto","https://mega.nz/file/6qxAXLwT#xFPnW0coI6onXFxs-kQOBIgWbZOF7sFJZXcvLEPky0o"
"not_accessible","mega_api_error_-9","mega","200","1","Varios","Nueva carpeta","04. Here Again - 68bpm(Db)","https://mega.nz/file/PrhSSRIK#coKm9Es6kJQaNi2W-o02Mm63o-ydE51rjfAxMxA1ZPg"
"not_accessible","mega_api_error_-9","mega","200","1","Varios","Nueva carpeta","You and You Alone-To The One-C","https://mega.nz/file/7jwmyLIR#BzZwzRumYgqlEqHA9LP8zfIpmSutcdtV6lduISqNa5M"
"not_accessible","mega_api_error_-9","mega","200","1","Varios","Nueva carpeta","Jesus Te Amamos (feat. Edward Rivera)-Jesus Te Amamos (feat. Edward Rivera)-C","https://mega.nz/file/D7wyDTqD#svzU2dGGxxOzmpg5H2s9BovOt6rVcQT-YmWc5qkOSF0"
"not_accessible","mega_api_error_-9","mega","200","1","Varios","Nueva carpeta","Victorious","https://mega.nz/file/b24UmLTS#jOAWXxBTOAxwOFrXL8uC4b6JNA56rCCcYTbqwswipHs"
"not_accessible","mega_api_error_-9","mega","200","1","Varios","Nueva carpeta","Gone-At Midnight-Bb-82.00bpm","https://mega.nz/file/DmokjB7D#9hNnQQMvEsfhcIIOVfpS66enBXrQcXnwZHWJSxRA1TQ"
"not_accessible","mega_api_error_-9","mega","200","1","Varios","Nueva carpeta","MultiTrack-Cielos Abiertos (En Vivo)-Pronto Auxilio (En Vivo)-G","https://mega.nz/file/zrggEbIK#uFsZjk6JTvX-r3Lu0moSiA3TA4ozEq_6DUq_8aW4Nw0"
"not_accessible","mega_api_error_-9","mega","200","1","Varios","Nueva carpeta","Vive Tu Alegria","https://mega.nz/file/6mpUVJKA#hkCQy6Nj-G4Zw10LS9QEKXHeOMvLsOYg3A727P1qOzs"
"not_accessible","mega_api_error_-9","mega","200","1","Varios","Nueva carpeta","How he love you","https://mega.nz/file/Du5iRRDT#UXdhk2H-j6tBrd1U2dPMe7gxutBPe2TKR4AM6ad3R9c"
"not_accessible","mega_api_error_-9","mega","200","1","Varios","Nueva carpeta","[MultiTracks] Dios Me Ama - Talles Robert(F)","https://mega.nz/file/jixAULpJ#PbGCPXpkv8wRhCLTHk3pBmc3Bn7_uaR50AiSwgu6WS8"
"not_accessible","mega_api_error_-9","mega","200","1","Varios","Nueva carpeta","11. Praise Goes On - 118bpm(Db)","https://mega.nz/file/jqogQZgT#vygyQ2Hf3fn-DOiinBo084PW8-TiPV92sik9PJzyKvs"
"not_accessible","mega_api_error_-9","mega","200","1","Varios","Nueva carpeta","Tu Habitación-C","https://mega.nz/file/nmogVZLB#27D7-ZVRVKVMfoquGdd4UC5rDKbxnT18A4bEaRVMg_M"
"not_accessible","mega_api_error_-9","mega","200","1","Varios","Nueva carpeta","Worship_Pads_Vol.3_Manuel_Arancibia","https://mega.nz/file/2vpUEBhZ#f6m9MhsIWyX0fBIEn6SuQ3WY-ymce0O5OS4LOy-ZpTg"
"not_accessible","mega_api_error_-9","mega","200","1","Varios","Nueva carpeta","Livres - Alegria do Senhor (Multitrack)--mp3-320","https://mega.nz/file/HqhyTJja#cQi-kGp4nwqejgU-yRVK1ReqUcdgKaUTdAG8mNWQM6c"
"not_accessible","mega_api_error_-9","mega","200","1","Varios","Nueva carpeta","MultiTrack-Praise Goes On-Here As In Heaven-C","https://mega.nz/file/arwWiBBD#-bhM2rqdLZHrq02MDQqQSoAWV276HGq5CfDnqAGEnz4"
"not_accessible","mega_api_error_-9","mega","200","1","Varios","Nueva carpeta","Grateful-There Is A Cloud-A-92.50bpm","https://mega.nz/file/vy4UARpJ#Megz-xXXFoA2T74Y7Cr8bFY1t5ABESMYimgCDiVp7qw"
"not_accessible","mega_api_error_-9","mega","200","1","Varios","Nueva carpeta","SALMO 91-SALMO 91-Db","https://mega.nz/file/3y5g1J7a#lL2OvW7ECVN9l7Q8aIdAUjRb35GSohKMM-1ttEHRmFU"
"not_accessible","mega_api_error_-9","mega","200","1","Varios","Nueva carpeta","Greater-Welcome To The New-D","https://mega.nz/file/S6g2UJ5I#JvwqutgHFLFBJsz-R7Z8sAjbLBh0cxjCYAwYYIG3O0c"
"not_accessible","mega_api_error_-9","mega","200","1","Varios","Nueva carpeta","ZYXW - Creo Más","https://mega.nz/file/T24GULwC#Ia5izdZ-2XkakfXGXDKx_RS_jEOzcrfuZFUlkiuSWjk"
"not_accessible","mega_api_error_-9","mega","200","1","Varios","Nueva carpeta","Oceans (Where Feet May Fail)","https://mega.nz/file/OupwzRKT#x26PGSV1ps54P1lOiXms1buJbHVQQwRCWdGhIKsqR4U"
"not_accessible","mega_api_error_-9","mega","200","1","Varios","Nueva carpeta","Vino celestial por RCBV 155 bpm Project","https://mega.nz/file/7r5WVJTK#GC-MDR7cxtzGzMlOFISI7KFO2lb7rOdd3lCpubejU5g"
"not_accessible","mega_api_error_-9","mega","200","1","Varios","Nueva carpeta","Not Ashamed-Forever Yours (Bb)","https://mega.nz/file/rmpimRrD#nD58toOdBMPC7j5xW0M7dAamIR473EQ01OWxFdPrqvs"
"not_accessible","mega_api_error_-9","mega","200","1","Varios","Nueva carpeta","MultiTrack-Obsession-Consumed (Live)-Am","https://mega.nz/file/ivpGTJQZ#xCtJ0y6KwFopQZzK0BppL4o2HHDn5xhdCRnHraxh0J8"
"not_accessible","mega_api_error_-9","mega","200","1","Varios","Nueva carpeta","HAS CAMBIADO","https://mega.nz/file/D7pgADzA#PFwHOnRBaIXac6kHLZuzcdg5ksiMcZl6o953qiPIPdY"
"not_accessible","mega_api_error_-9","mega","200","1","Varios","Nueva carpeta","MultiTrack-Dulce Espíritu-Tu Nos Salvarás-G","https://mega.nz/file/6r40ERJC#FYSIlmO4UKEehhhhqBTHWalt6lnCNoy8bFZUHWZPdK0"
"not_accessible","mega_api_error_-9","mega","200","1","Varios","Nueva carpeta","RK - Anciano de dias","https://mega.nz/file/avogAJwJ#3k2g-oDKl4MaAZJ3daG2sv-G7tRIOROCLlH6KNfPRlo"
"not_accessible","mega_api_error_-9","mega","200","1","Varios","Nueva carpeta","Perfect Love-LETSGO-Ab","https://mega.nz/file/jnxGEZ5Z#4x8ohhRb49980IHDSWWHWtX98NBntgxILkwUtFJAHXg"
"not_accessible","mega_api_error_-9","mega","200","1","Varios","Nueva carpeta","Famous For (I Believe) (feat. Jenn Johnson)-Famous For (I Believe)-Bb-86.00bpm","https://mega.nz/file/a65m2bIT#S-WeK2KKnBBqLP72j_a3RgtxQCCvUXA4ltG8pvXAUpw"
"not_accessible","mega_api_error_-9","mega","200","1","Varios","Nueva carpeta","Multitrack - Es Por Amor - Álvaro López & ResQ Band","https://mega.nz/file/z7hkDZoJ#y9cc_zlk-XmRqWRNbGcGnTYTQeSFzKxNgfLVI16aA8U"
"not_accessible","mega_api_error_-9","mega","200","1","Varios","Nueva carpeta","NL -62BPM - 6.8 - B","https://mega.nz/file/ir5SWJ5B#Dg7EKRQjIIDFhAAgTpwjMOG1UY9FhFZNXlrytPCGcmE"
"not_accessible","mega_api_error_-9","mega","200","1","Varios","Nueva carpeta","Only Takes a Moment-Reckless Love-B","https://mega.nz/file/fvwEVZJa#SOiLDjVcKjT5VbfcOHmTFBMgG3C4JgF-l2SSu2g9PLk"
"not_accessible","mega_api_error_-9","mega","200","1","Varios","Nueva carpeta","VENHA O TEU REINO - TOM ORIGINAL","https://mega.nz/file/OzoCzDrS#kKzQtEXYN9lUn9p5n_wu-UwNStuAxGGbi9KgkC9UoWU"
"not_accessible","mega_api_error_-9","mega","200","1","Varios","Nueva carpeta","Won't Stop Now-Living Room Sessions, Vol. 6-A","https://mega.nz/file/SngwgRSb#f49WBBQjdhW-4IDCZF4pLz82bKigO4W2TyvCpRmGriA"
"not_accessible","mega_api_error_-9","mega","200","1","Varios","Nueva carpeta","Soy sano Multitrack By Jahmai Cortes","https://mega.nz/file/G65WlbhS#E_C-2esBJDkdHo3JA9UgzMGxMdtHUSVV-0rPMqMa-XQ"
"not_accessible","mega_api_error_-9","mega","200","1","Varios","Nueva carpeta","King of Glory (Live)-Roar-Bb-172.00bpm","https://mega.nz/file/3zwAVJCa#JtEt1yEjMrUBBYRPanyauwfltvk_IT942uCiEpFpZ9g"
"not_accessible","mega_api_error_-9","mega","200","1","Varios","Nueva carpeta","Alive-We Are Young & Free (Live)-E","https://mega.nz/file/Cugm3Doa#V_w_Fel5NtJT1De9dTy_t9qNObxrb6PDjx6vp8rSmJg"
"not_accessible","mega_api_error_-9","mega","200","1","Varios","Nueva carpeta","MultiTrack-Casa do Oleiro-Molda-nos-D","https://mega.nz/file/n74kGLYB#Wd6hfckMbAlNxMJYuab5J16TheuGCbR1X9NTYzN_LoY"
"not_accessible","mega_api_error_-9","mega","200","1","Varios","Nueva carpeta","Por siempre ter alabaré Endless Praise-D","https://mega.nz/file/7m5GkL4A#4rzykK_VaG64RStJLTCnxDNrJAK-odqyA6RZ7SOFfhk"
"not_accessible","mega_api_error_-9","mega","200","1","Varios","Nueva carpeta","BC - Esperança","https://mega.nz/file/a6giTTxT#b-enadi66YOOsjGMhndDXjgBY6YJhbVKdqeYxUsqCBI"
"not_accessible","mega_api_error_-9","mega","200","1","Varios","Nueva carpeta","El Gran Yo Soy-Llueve-G","https://mega.nz/file/n3wiVBwR#hDk4ujQM5MgtP_bkCfSOPorfjJocySsIfwe5QKd-AI4"
"not_accessible","mega_api_error_-9","mega","200","1","Varios","Nueva carpeta","Santa la noche-Santa La Noche-C-84.00bpm","https://mega.nz/file/vvoE1BpS#qL_RNbNFEmhK6A_Y_zkPYN8OsJqjjWgi1126KsoxDDQ"
"not_accessible","mega_api_error_-9","mega","200","1","Varios","Nueva carpeta","Jesús El Mismo-Jesús En El Centro-E","https://mega.nz/file/fz52ADbR#D_NQTg3G_QQbofSHkyjE-HmRWKT93Nob7dl_aLQELpY"
"not_accessible","mega_api_error_-9","mega","200","1","Varios","Nueva carpeta","Matt Redman - The same Jesus - 157.5BPM (A)","https://mega.nz/file/mjoQxLyJ#jLSruVCscpkw8kLHO9goQEeAS14ljwW2SjxpiLfgdGk"
"not_accessible","mega_api_error_-9","mega","200","1","Varios","Nueva carpeta","TL - Pra sempre","https://mega.nz/file/DixmjBzT#mtOCH9a0TKvE05jHzI8aT3k6YLwg7N_FqZEpYfw7OEs"
"not_accessible","mega_api_error_-9","mega","200","1","Varios","Nueva carpeta","Con Todo el Gozo","https://mega.nz/file/DmokTRhI#bR3PeDsFuv4mjLC-Zw9dMgM76h73j4GnbdgT8Fos-hU"
"not_accessible","mega_api_error_-9","mega","200","1","Varios","Nueva carpeta","Limitless - Multitrack - WAV - No hay imposibles","https://mega.nz/file/m64wETLZ#n2BbSM-kLEEKqTIFcfHjygXyze7IzpPn8osT99vyf3U"
"not_accessible","mega_api_error_-9","mega","200","1","Varios","Nueva carpeta","Poder De tu Victoria B Multitrack","https://mega.nz/file/mr4AnT6I#AZI7LACLPhLbqnP33ZU7l1y30NnucCEm9jnUO83HKg0"
"not_accessible","mega_api_error_-9","mega","200","1","Varios","Nueva carpeta","MultiTrack-From the Inside Out-Lifeway Worship Project-A","https://mega.nz/file/Tmo0RTQS#PNuppPm5MXXL0OTMWyB_4r65xOUOm4MQHyLQsxMkUdU"
"not_accessible","mega_api_error_-9","mega","200","1","Varios","Nueva carpeta","MultiTrack-Eu Irei-Eu Irei-E","https://mega.nz/file/r3omBLiJ#hfJD-JfUiZzBdawnWOR2u1K9CVhvmMCpHJEPeg3mjnw"
"not_accessible","mega_api_error_-9","mega","200","1","Varios","Nueva carpeta","See A Victory-See A Victory - MultiTracks.com Session-A-77.50bpm","https://mega.nz/file/qjpSDZpY#Mve8k-JZSVXvXmtVyLVdGRuv_m-dKlYy4iNlvwXXz14"
"not_accessible","mega_api_error_-9","mega","200","1","Varios","Nueva carpeta","No Puedo Callar","https://mega.nz/file/bv5AQDjK#_F5vZfDl8UCbMoMrPT3cRzmQ_Tv7dEI7MIrmdTqA7cg"
"not_accessible","mega_api_error_-9","mega","200","1","Varios","Nueva carpeta","Your Love Never Fails - News Boys 115bpm (Bb)","https://mega.nz/file/eqxWCLxL#al23UNyaAOM0pZSE6lVJQ2ToHKQ7a0eiNb1NOaeOZo4"
"not_accessible","mega_api_error_-9","mega","200","1","Varios","Nueva carpeta","Canto danzo salto y yo vencere por RCBV Project","https://mega.nz/file/DjpGiJ4R#UyMFOKEiEAHiPkxqGrLmbvjc-DS_IX-hJ26jDJGmnsw"
"not_accessible","mega_api_error_-9","mega","200","1","Varios","Nueva carpeta","Rey de Reyes-Amanece-D","https://mega.nz/file/zv4mCD5B#qjyXWlBufDzJhrEaD4Kn-I21nMLa68iKyrP9PyP0jrY"
"not_accessible","mega_api_error_-9","mega","200","1","Varios","Nueva carpeta","Kamsahamnida - 78BPM - (G#m)","https://mega.nz/file/rj4ExL4L#jEIe8KtQk_iHAWZwkdeG_-2JqlJVFXi684zdPdTjRl4"
"not_accessible","mega_api_error_-9","mega","200","1","Varios","Nueva carpeta","MultiTrack-O Praise the Name (Anástasis)-OPEN HEAVEN - River Wild-C","https://mega.nz/file/OmxCGDpb#ufZS24BlAvm9DTgCKSDZkdos92-Mb7n2NxT9UtTI56w"
"not_accessible","mega_api_error_-9","mega","200","1","Varios","Nueva carpeta","Gods great dance floor","https://mega.nz/file/aqhQVTTI#k5KMXKM6NY5dACgkztzTqA15iJsAK5B52tqKv8n_lMY"
"not_accessible","mega_api_error_-9","mega","200","1","Varios","Nueva carpeta","Jesucristo Basta Multitracks","https://mega.nz/file/3ygGHZhQ#NWek2k3fhm_Tr2eRXipUn55H176ztFesT-okNM-WKR8"
"not_accessible","mega_api_error_-9","mega","200","1","Varios","Nueva carpeta","MultiTrack-Savior's Love-Altars-B","https://mega.nz/file/f6oiVboQ#XWQQ_1_Agr07zWidSBkrCuoL-UFtwNdIdsI2me2BK0w"
"not_accessible","mega_api_error_-9","mega","200","1","Varios","Nueva carpeta","Vengan (feat. Evan Craft)","https://mega.nz/file/LmhUiDDC#qsOMUSK-ZXIecAnVswB6z28LF2InVuYsD4lZcS_iaQ0"
"not_accessible","mega_api_error_-9","mega","200","1","Varios","Nueva carpeta","Only Your Love-Majestic (D)","https://mega.nz/file/brwwzB7K#I65TaP4raEilrofYxa32G-jBvJaOlb1FeVD02_gZx5c"
"not_accessible","mega_api_error_-9","mega","200","1","Varios","Nueva carpeta","Nothing Is Impossible-Momentum-C","https://mega.nz/file/m3xkTTSS#KidNFRqGOCZMsYtLAwN-3giD0ak9JrB8iegoBWLbesc"
"not_accessible","mega_api_error_-9","mega","200","1","Varios","Nueva carpeta","sube sube sube multitrack","https://mega.nz/file/SiggQJiR#hdbH0j54-vgDy9hmr04d6ilUC5UaMtPWZugg111eQlo"
"not_accessible","mega_api_error_-9","mega","200","1","Varios","Nueva carpeta","MultiTrack-Llename-Soy Redimido-D","https://mega.nz/file/emhUwTRC#R4xGb5zVkxfcjJQgJ8ntat52EOJdXyIVwfo7EzynV2A"
"not_accessible","mega_api_error_-9","mega","200","1","Varios","Nueva carpeta","MultiTrack-Still Standing-Alive In South Africa-E","https://mega.nz/file/jjwSlLDL#e3hZOWpcpsf7QKx5nGZg2yazO-LRoxRo6-7rVSpqRuU"
"not_accessible","mega_api_error_-9","mega","200","1","Varios","Nueva carpeta","Put Your Hands Up-Limitless-Db","https://mega.nz/file/TugQmB5b#uSKX5Riov1egdLXrNXNrD-WQypL42fBPbjLgQEtmrbc"
"not_accessible","mega_api_error_-9","mega","200","1","Varios","Nueva carpeta","Hosanna-Saviour King-E","https://mega.nz/file/eupmlL4Y#qEDE11JiLF1ETjEm4s_RV8bZjX2DNlrnNL6Z73965fI"
"not_accessible","mega_api_error_-9","mega","200","1","Varios","Nueva carpeta","RR - Mas","https://mega.nz/file/3jhG1ZgT#DdZQ7R8G7rJExF21m-8z-yDP_m8oqH29X-LSXcWLxFU"
"not_accessible","mega_api_error_-9","mega","200","1","Varios","Nueva carpeta","MultiTrack-Waiting Here For You-Live From New York-C (1)","https://mega.nz/file/Lr40XZSS#w32oLcDHBgovfz0dfdcrP7RTXV5cwdnYACz_kZSePG8"
"not_accessible","mega_api_error_-9","mega","200","1","Varios","Nueva carpeta","Quieto Estaré-Quieto Estaré-D-70.00bpm","https://mega.nz/file/DnowFRzI#-pYIfr0c_xE-sVGqw2doV_MijtOnLoh_tv8dprF42JQ"
"not_accessible","mega_api_error_-9","mega","200","1","Varios","Nueva carpeta","Profetizare-Shekinah (Live)-D","https://mega.nz/file/rvoWBZDD#NPXQ4gE7es2-jJW3O7WbqJS3ykrJvE7gzc-_zgo9tZ0"
"not_accessible","mega_api_error_-9","mega","200","1","Varios","Nueva carpeta","Come Right Now - PlanetShakers - MultiTrack","https://mega.nz/file/Sj4ySBza#-rs69Se3JMxwPhZV4ZaNCZiezqgDcSkrc3QsgHo7W2Q"
"not_accessible","mega_api_error_-9","mega","200","1","Varios","Nueva carpeta","Libre-Libre-C","https://mega.nz/file/W7oEnLZQ#l0_eCXvhPWaCDKLelIN6UyuIOUwjg5JG87Wx2r025HI"
"not_accessible","mega_api_error_-9","mega","200","1","Varios","Nueva carpeta","Haz llover Multitrack Jose luis Reyes","https://mega.nz/file/H64k1TJQ#kKS_L909GQ7WAWxt-BASJSV58SHy99grcNe3tFSd3gs"
"not_accessible","mega_api_error_-9","mega","200","1","Varios","Nueva carpeta","Mas Que Nunca-Mas Que Nunca-G-67.00bpm","https://mega.nz/file/Tu4WSRQS#d22EZl6wRKgIrzR73GYoeFj-kyo8lQgIKwpu7i0OK8U"
"not_accessible","mega_api_error_-9","mega","200","1","Varios","Nueva carpeta","Tu Espíritu-Burning Flame-D-104.00bpm","https://mega.nz/file/b6xCQLrS#TS0I_ntVHhejX-cpxeL-_rJ1i7U6KJWuOr1ZX1O-FD4"
"not_accessible","mega_api_error_-9","mega","200","1","Varios","Nueva carpeta","You Are Good-(Spanish Release)-New Season-E","https://mega.nz/file/LywElDgY#vgDkqzFc22FbPMQA_yU07pjxA4Wv5VVbLBY9vizl8zM"
"not_accessible","mega_api_error_-9","mega","200","1","Varios","Nueva carpeta","Hazme Vivir-Dios Me Ama-F","https://mega.nz/file/P3wU3ZRb#6Bk8bwVvVdDJTosjR7oS6BTcYZ9rOyjHBVp4u8vIyPY"
"not_accessible","mega_api_error_-9","mega","200","1","Varios","Nueva carpeta","Los Muros RCBV 152 bpm Project","https://mega.nz/file/Dmpg1DxA#Xq2eb1wmXVDzWnuH9x_MwnWioIu5fQsJjmnYC4Sj7O4"
"not_accessible","mega_api_error_-9","mega","200","1","Varios","Nueva carpeta","Erick Porta_No puedo parar de alabarte","https://mega.nz/file/LvgCHRQT#HGAxwU2Ppf-g6QMHockBHULmhbrTMgy4yXCINrivkhQ"
"not_accessible","mega_api_error_-9","mega","200","1","Varios","Nueva carpeta","Vivo Estás","https://mega.nz/file/zzhmQLZK#Ft_qsUQrpHK0JFFnuFpEBfE3DgCPr5mk1OXfMvL1f_E"
"not_accessible","mega_api_error_-9","mega","200","1","Varios","Nueva carpeta","11. Praise Goes On - 118bpm(B)","https://mega.nz/file/niw0CbjQ#2OJDHYVwH95o6X8w6nO8HFDV3iTynK53_tWadJZ8smY"
"not_accessible","mega_api_error_-9","mega","200","1","Varios","Nueva carpeta","Me Sostendr†-Me Sostendr†-Db","https://mega.nz/file/Tj40TZwY#w0L9Fn2miqcdvGSgYdm8-taAopJta1QZyr30l8T2bO0"
"not_accessible","mega_api_error_-9","mega","200","1","Varios","Nueva carpeta","MultiTrack-Sea La Luz-Uno En Cristo-E","https://mega.nz/file/f2xAQBxT#AtbRQdNVLzoy7EVpWXq-Y-kjMrRyfSdVPomVVbMDuOM"
"not_accessible","mega_api_error_-9","mega","200","1","Varios","Nueva carpeta","Nuestra Cancion-Todo Es Alabanza-Cm-144.00bpm","https://mega.nz/file/3vxGEZBS#prtzp5KJGMTPexTs0D3AuOA2Q1gPL6TO7yLxiqKeu5U"
"not_accessible","mega_api_error_-9","mega","200","1","Varios","Nueva carpeta","RC - Joyful Joyful We Adore Thee (Rejoice Rejoice)","https://mega.nz/file/nzh0mLoT#doYOG2dNbBrWus-_YQQxUGb0poGBv46d50bqLdOjDow"
"not_accessible","mega_api_error_-9","mega","200","1","Varios","Nueva carpeta","Amor Inagotable-Amor Inagotable-Ab","https://mega.nz/file/Ty5iGDhK#fbo1Y09QLqmQ2an-jTrX7kkq5_8r2E5G5YaxW7OhnZo"
"not_accessible","mega_api_error_-9","mega","200","1","Varios","Nueva carpeta","Proveedor (feat David Reyes)-Siempre Fiel-B-87.00bpm","https://mega.nz/file/KiowSBBZ#74DUOrfNbPo0IfgLMIQ_ZjK8J-DmYNkOzJZR_FqU4ug"
"not_accessible","mega_api_error_-9","mega","200","1","Varios","Nueva carpeta","Te doy Gloria RCBV 140 bpm Project","https://mega.nz/file/Lrp0UZhZ#EJvorzCuaE627j8oXa2zznNQse1vtN2udp4vhobQjOQ"
"not_accessible","mega_api_error_-9","mega","200","1","Varios","Nueva carpeta","03. Do It Again - 86bpm (Bb) [Original]","https://mega.nz/file/62xWlTZA#IQrKHEqoCl1HCrXLG1kdMXTZWVsR_nYD4ToFd4PS0-A"
"not_accessible","mega_api_error_-9","mega","200","1","Varios","Nueva carpeta","Only Your Love - Kari Jobe - Multitrack","https://mega.nz/file/Ozw0iTwb#iQK4suI8EekIWc3x_YijStrZaMezWqOYoyPEhHh4jrE"
"not_accessible","mega_api_error_-9","mega","200","1","Varios","Nueva carpeta","ERES MI AMIGO FIEL 128 E","https://mega.nz/file/m3gmVboS#AQXdhkB6a18dRW-sVl5n6Hpc_rFCLP0pswAss7uHtgg"
"not_accessible","mega_api_error_-9","mega","200","1","Varios","Nueva carpeta","Rattle-umbas a Jardines-Eb","https://mega.nz/file/fqxEERJb#XndCtsukOjCN_l5PK3VOPIWm6mkciwCP2kQtt-1ng4I"
"not_accessible","mega_api_error_-9","mega","200","1","Varios","Nueva carpeta","MultiTrack-Your Words-Lead Us Back_ Songs Of Worship-C","https://mega.nz/file/Dz4AjL6D#HKiLJ-NSvjqMBA83WHIqWafcAC-ShFwpWzY-NTJsJXw"
"not_accessible","mega_api_error_-9","mega","200","1","Varios","Nueva carpeta","MultiTrack-Vem Incendiar Meu Coração-Nossa Declaração-A","https://mega.nz/file/3v42AZBa#hTnUQu5Oai9mEuuquHUZMAlC5Oqu-qfk3MBaDvBWEVw"
"not_accessible","mega_api_error_-9","mega","200","1","Varios","Nueva carpeta","Great Things-Living Hope-B-102.00bpm","https://mega.nz/file/r35SERTA#saGF25qChGwypf-IQLubb-vb1EYRBoFKrzuhYwdkGfo"
"not_accessible","mega_api_error_-9","mega","200","1","Varios","Nueva carpeta","FA - Eu Te Louvarei","https://mega.nz/file/qzxkHZxR#GzaJ4la05VtS45hyz9JhrL_Ilyro9ENo4vuf6az1LUU"
"not_accessible","mega_api_error_-9","mega","200","1","Varios","Nueva carpeta","MultiTrack-Tout mon espoir-Émerveillé-A","https://mega.nz/file/Krh2FDxI#7b0jaLkweGjxloHkDPH1GI_wNQUX7hLaK2vs-YYNjF4"
"not_accessible","mega_api_error_-9","mega","200","1","Varios","Nueva carpeta","THIS IS LIVING_128BPM_E_[MultiTracks]","https://mega.nz/file/rn4kHbBL#ACVBVEssiECi8vreMEVUKLstzmUJH1xeyVrr-gKKXfU"
"not_accessible","mega_api_error_-9","mega","200","1","Varios","Nueva carpeta","07. Plenitud - 71.50bpm(C) [Original]","https://mega.nz/file/rrwmjB4Q#mJG4zhpEft3xmjuANnU5UiHpRtgneEvtZeYKHtDJzQQ"
"not_accessible","mega_api_error_-9","mega","200","1","Varios","Nueva carpeta","Lleno del Espirítu Santo-Dios Me Ama-A","https://mega.nz/file/zjhQRDgT#4aSIMGLvYcATs46OlxICs3_CJbPRyNam9IiaerBt0VM"
"not_accessible","mega_api_error_-9","mega","200","1","Varios","Nueva carpeta","JM - Creo en ti","https://mega.nz/file/3vxgTDgJ#eNoQoLtA6WAy1-MCTMTBNAe9H3xB9hBQs1VwlrOjd48"
"not_accessible","mega_api_error_-9","mega","200","1","Varios","Nueva carpeta","DESDE MI INTERIOR","https://mega.nz/file/b34SiDAS#chenFv85NzZREsknPEOa5ouzGpB6jwBssKuid2OQfB4"
"not_accessible","mega_api_error_-9","mega","200","1","Varios","Nueva carpeta","En Espiritu y Verdad - Rojo fue tu Amor - 72BPM (G)","https://mega.nz/file/zv4wWJiT#rS9LNlW7cAAaa5KWN7w1xaC467cBF8-WW4QZ4Dr6_1g"
"not_accessible","mega_api_error_-9","mega","200","1","Varios","Nueva carpeta","MultiTrack-En Lo Secreto (En Vivo) {Feat. Daniel Calveti}-Deseo Tu Gloria (Alabanza y Adoración en Vivo)-C Tonalidad Original","https://mega.nz/file/nupEBBxA#mhR9RU888Z---5gswsdF1SeDnihTVGL_eFvGu4OUkkQ"
"not_accessible","mega_api_error_-9","mega","200","1","Varios","Nueva carpeta","MultiTrack-Hosanna (Nació el Salvador)-Hosanna (Nació el Salvador)-Bb","https://mega.nz/file/TixynbrB#LpJjuJNJMiLlErkILKQIdps2FcE9Ht-TJnEtpWxH-Wg"
"not_accessible","mega_api_error_-9","mega","200","1","Varios","Nueva carpeta","MultiTracks_vasos de barro","https://mega.nz/file/GqgWCJaI#9jqhaFfdg4YlN_6qVLVwXeJXQKz48FXsM4lqFSC2SjY"
"not_accessible","mega_api_error_-9","mega","200","1","Varios","Nueva carpeta","Poder de tu victoria","https://mega.nz/file/Kvg0nZga#QF1UG0lHHkmU0nfroziHX8pyPQzuGANXXmEuKXZwdlY"
"not_accessible","mega_api_error_-9","mega","200","1","Varios","Nueva carpeta","Multitrak - Alive Inside (live) - LIFE Worship","https://mega.nz/file/v3w2QJDR#BctTFOC8mVujp7ZgRw2mLVtG3T-5kk5Yq7E8CeQya18"
"not_accessible","mega_api_error_-9","mega","200","1","Varios","Nueva carpeta","Let Praise Awaken-Limitless-F","https://mega.nz/file/e24QFbYZ#sggNdwjm6m7Ct0gPB0CSpgXPFIc0uSMI2v3GUpMTJqE"
"not_accessible","mega_api_error_-9","mega","200","1","Varios","Nueva carpeta","Mas Ricardo Rodríguez Eb","https://mega.nz/file/3zhwxBaY#7HPOtAl-e2OHjQGafaWDP4Ksvme-irX7HWl75w0xAhM"
"not_accessible","mega_api_error_-9","mega","200","1","Varios","Nueva carpeta","IM - En Su Amor","https://mega.nz/file/y75yUJRR#rbfyceVtQYAH3r5erA3ccyPNHlI2RSgu0O0CuwN11co"
"not_accessible","mega_api_error_-9","mega","200","1","Varios","Nueva carpeta","[MultiTracks] Al Que Esta Sentado","https://mega.nz/file/LrwSmbbB#DOn73K7g5BpA3XwRbleBFA9sxxJcL9sR9OPC3Z1P1FQ"
"not_accessible","mega_api_error_-9","mega","200","1","Varios","Nueva carpeta","Digno-Digno-E-65.00bpm","https://mega.nz/file/rqwQwLTL#N4dAl4cKusqsL4lDgSt88mf7kbfVf5KXL3ck3WMqRX4"
"not_accessible","mega_api_error_-9","mega","200","1","Varios","Nueva carpeta","Ya No Soy Esclavo (feat. Julio Melgar & Yvonne Mu§oz)-Ya No Soy Esclavo","https://mega.nz/file/X2g0mDgY#KDqQYIlkx6mRUbZ5ZDXuTIuQcaXMXg3e7mQ28WZMHSU"
"not_accessible","mega_api_error_-9","mega","200","1","Varios","Nueva carpeta","How He Loves - 74.5","https://mega.nz/file/zzpmSD4Q#nYeD5WAZj5y5RoB7LE2XR2lLUKlLpGlkhOxNHuKfxk4"
"not_accessible","mega_api_error_-9","mega","200","1","Varios","Nueva carpeta","MultiTrack-Cielo y Tierra-Amanece-Ab","https://mega.nz/file/n6gSBBTZ#k5xtu7qQhnwLjzDIeLhaitAcSTIxPUanHiJY_tHzvGU"
"not_accessible","mega_api_error_-9","mega","200","1","Varios","Nueva carpeta","Back To Life-We Are Young & Free (Live)-Eb","https://mega.nz/file/zmwA1BaR#AXmQD1EtzmBlpbSoP9DGdNpx4SVHP_4hv1Ua67nLYjM"
"not_accessible","mega_api_error_-9","mega","200","1","Varios","Nueva carpeta","MultiTrack-Alive Inside-Dance Again-A","https://mega.nz/file/rjxGiDAZ#BctTFOC8mVujp7ZgRw2mLVtG3T-5kk5Yq7E8CeQya18"
"not_accessible","mega_api_error_-9","mega","200","1","Varios","Nueva carpeta","Te llamo Cristo A","https://mega.nz/file/CjhQTT4R#cHHMUXSB4Rn5ktUZff1Ypc7MkbF6ZmGQ7jwQ1DcDzkE"
"not_accessible","mega_api_error_-9","mega","200","1","Varios","Nueva carpeta","Que tu espiritu decienda - Emir","https://mega.nz/file/TzowzbSK#Gf7-qVEcxjbLDPogJ4D1Dg45ruKgpwT0lv_-VKRLYN8"
"not_accessible","mega_api_error_-9","mega","200","1","Varios","Nueva carpeta","Dios Me Ama-Dios Me Ama-A","https://mega.nz/file/m75m1BLS#cN7KqiGkTRlROsyP_bFW940zeyZmY7320uz68lZJze0"
"not_accessible","mega_api_error_-9","mega","200","1","Varios","Nueva carpeta","Tu mereces gloria 120","https://mega.nz/file/DioC1B7D#HAfvd2suruyJfUdpzljy2N9LNkSmQJC18MhdTDBmh0c"
"not_accessible","mega_api_error_-9","mega","200","1","Varios","Nueva carpeta","Aqui Estoy (Available)-Tumbas a Jardines-Gb","https://mega.nz/file/L35gBBQZ#hxR9SX7pPhfjcGEaiDLdVfBC03qd63wRjQJLjXVWNow"
"not_accessible","mega_api_error_-9","mega","200","1","Varios","Nueva carpeta","Eres Rey de Los Cielos_Multitrack_90bpm","https://mega.nz/file/Hqp0TZSb#_nmmDQFrJIxPP2khz-ofyRi4lcbGWs18PZNvEC1ent0"
"not_accessible","mega_api_error_-9","mega","200","1","Varios","Nueva carpeta","Tremble de Mosaic en (C)","https://mega.nz/file/KrhGybLR#dewY2jCc2oyheF-gZUcb4_-0qJIVloM95Z4IN1ekiyc"
"not_accessible","mega_api_error_-9","mega","200","1","Varios","Nueva carpeta","Mi Esperanza-Mi Esperanza-F-70.00bpm","https://mega.nz/file/WywmETBB#wEaXJ56Sme6Hl9lSu2t7lGI1fNDX4xD2MxGWpU-gY_g"
"not_accessible","mega_api_error_-9","mega","200","1","Varios","Nueva carpeta","Cuán Grande Amor-En Lo Profundo-F-82,50bpm","https://mega.nz/file/vnwG3DzS#Wh678i0g0I7xiNwYbn590ztNTSICy95gBRic8pKFf2k"
"not_accessible","mega_api_error_-9","mega","200","1","Varios","Nueva carpeta","Oh the Cross-Land of the Living-G-76.00bpm","https://mega.nz/file/mrxyCJgL#lznky_13eOo5sueXneMJl47eQ_KBXgyU58c1UKtYAyM"
"not_accessible","mega_api_error_-9","mega","200","1","Varios","Nueva carpeta","Nada es imposible","https://mega.nz/file/Cm4E0ZxL#e6s2jUPcnZ7Klt1B6Y65CWgy0UeoXm5_P_GNwifGs68"
"not_accessible","mega_api_error_-9","mega","200","1","Varios","Nueva carpeta","Solo en Ti","https://mega.nz/file/Kq4EgJxR#owXvX0gYz5prwr3RCPg14tttBpBtC17--S1nxMSNLus"
"not_accessible","mega_api_error_-9","mega","200","1","Varios","Nueva carpeta","Eres Mas Grande-Eres Mas Grande-B","https://mega.nz/file/GrwgFJzY#jejnaHxWcUa8Nl6Sn5xpsAj4RLx-PdsucQ6iDtIgGRI"
"not_accessible","mega_api_error_-9","mega","200","1","Varios","Nueva carpeta","Honor-Volverá-A-132.00bpm","https://mega.nz/file/D2pETTiB#4h_WVW8UqMoJY7x3gvSEvBgfOStwVmLo6An4Uvy6AtE"
"not_accessible","mega_api_error_-9","mega","200","1","Varios","Nueva carpeta","Dios de Mi Vida-(Dios Me Ama)-D","https://mega.nz/file/OjxGlZwQ#7HFq3rUxgwopcBzdmsElL0EV8WB1WqbjKv6NE_PWwNg"
"not_accessible","mega_api_error_-9","mega","200","1","Varios","Nueva carpeta","MS - Doxology","https://mega.nz/file/OypynBQA#qWkXDF4dlPqqcW2ssSiImfUmKyWjhjWXrBY1IsU6hDg"
"not_accessible","mega_api_error_-9","mega","200","1","Varios","Nueva carpeta","TR- Dios me ama","https://mega.nz/file/D3xEQTTK#K7zIx6azTA0ijcqBadHMW9fPKtwTXwZV4NnEizuGe_c"
"not_accessible","mega_api_error_-9","mega","200","1","Varios","Nueva carpeta","Lugar Secreto (Español)-Lugar Secreto (Español)-C","https://mega.nz/file/3ngG0T7K#vo_LyvlmSlT7MiB0OU5LM_W8OP3BQoCwHURn2QoD9vE"
"not_accessible","mega_api_error_-9","mega","200","1","Varios","Nueva carpeta","Your Name is Great-New Season (C)","https://mega.nz/file/ejhAUBSR#yAp_mih42-ikZMYu9oYIzCOa_30Ds01WvaTfc0EYjNQ"
"not_accessible","mega_api_error_-9","mega","200","1","Varios","Nueva carpeta","RESURRECTING_74_C_MT (1)","https://mega.nz/file/m64m2ZYa#L9xlBUwFlsHWTrWep4to4FQ9aa0E_mCePdmB3xdtc6A"
"not_accessible","mega_api_error_-9","mega","200","1","Varios","Nueva carpeta","Tu Hijo Soy-Identidad-Bb","https://mega.nz/file/auhAXLDJ#8SMKJEX0Hg856ZzQIGbHXzF7FBptnsWdvKLLNawJgmQ"
"not_accessible","mega_api_error_-9","mega","200","1","Varios","Nueva carpeta","MF - Amado Meu","https://mega.nz/file/XmwSFTKL#WpGpv6ByYqJxPQqLt6L8PabacR808HK74kHin6u0TXw"
"not_accessible","mega_api_error_-9","mega","200","1","Varios","Nueva carpeta","05. Ven Ante Su Trono - 74bpm(Eb) [Original]","https://mega.nz/file/OqgmALyS#E4MlGSmSrrQdYxcRISi3sYxuriBat3ohx68WvaOIu3o"
"not_accessible","mega_api_error_-9","mega","200","1","Varios","Nueva carpeta","MultiTrack-No Longer Slaves-Worship_The Remix Project-Gb","https://mega.nz/file/Lqpy0LYY#G1YoiunReFjrIKdG4tZwGCOYBHq-huuwNRZXaxv0b20"
"not_accessible","mega_api_error_-9","mega","200","1","Varios","Nueva carpeta","Spirit Move-Bb","https://mega.nz/file/Hy5AmLJI#Cp3ywGuRMzfyM0REjUZihuUiiQRZx8QAFcA9RMLvpMg"
"not_accessible","mega_api_error_-9","mega","200","1","Varios","Nueva carpeta","Cuerdas de Amor RCBV","https://mega.nz/file/S7oUCTCI#BfNKIWj31uoxJyYmfO0R4DmpZLHsehTvEPjU9AURWxs"
"not_accessible","mega_api_error_-9","mega","200","1","Varios","Nueva carpeta","Indescribable-All Of My Best Friends-F-105.00bpm","https://mega.nz/file/zn4WHRiD#0uUMxPsBhSjl7PYsQDysVHmkp5gfbnUJkYL9YJykM-U"
"not_accessible","mega_api_error_-9","mega","200","1","Varios","Nueva carpeta","MultiTrack – Cantamos A El – JC","https://mega.nz/file/iuxQULjb#GOZ8aLDMeWb-rMlp5Z8h21IjZ7TC96RxVDtIDFB-WTk"
"not_accessible","mega_api_error_-9","mega","200","1","Varios","Nueva carpeta","MultiTrack-Mi Primer Amor-Seamos Luz-G","https://mega.nz/file/jvgGlDSI#SDFTyIXlee0gO6nvHvN6RWmzOdRGltFxNZJl24SF-uQ"
"not_accessible","mega_api_error_-9","mega","200","1","Varios","Nueva carpeta","MultiTrack-Do It Again-Bb","https://mega.nz/file/Wux0TJ6Z#qN2jzoXc5j_lH277EFuL4UwXZyCIKeGbKnXZRZvJsE8"
"not_accessible","mega_api_error_-9","mega","200","1","Varios","Nueva carpeta","MultiTrack-Vivo Estoy-No Puedo Callar-B","https://mega.nz/file/Li5CmbhC#Z2skbi4E1VFGAtT5eAQ8IBF0BLeVAHd24o4pEEnk5d8"
"not_accessible","mega_api_error_-9","mega","200","1","Varios","Nueva carpeta","Great, Great God","https://mega.nz/file/z64ywLrY#c5I40FxdBTypHF3DT07DNRcJ1ZqJtUwVB582ROXyNXE"
"not_accessible","mega_api_error_-9","mega","200","1","Varios","Nueva carpeta","Medley Adorando en casa","https://mega.nz/file/nyx2Xb6S#jmclqVPaLuEG4y5Uaa4bOLCMweVGOf4ZMWfpUFl_COs"
"not_accessible","mega_api_error_-9","mega","200","1","Varios","Nueva carpeta","Majo y Dan - Te amo Señor - 72BPM (gb)","https://mega.nz/file/7jhSwJYL#oCAEywO-k-17ZO_noALx_P1AfrUH57dhjI9NKiutIkc"
"not_accessible","mega_api_error_-9","mega","200","1","Varios","Nueva carpeta","The Blessing-Living Room Sessions, Vol. 2-B","https://mega.nz/file/m3xGTZJD#ES2p6E6CTX8FN3XdLcfHElCoxyKtTAJS0sFgzG3TBMo"
"not_accessible","mega_api_error_-9","mega","200","1","Jaime Murrel","Singles / Otros","Oh moradora de Sion - Jaime Murrel - MultiTrack","https://mega.nz/file/3uhS1ZRR#iIVQn6H28ZUiX_FdStheEhSFIC0juTlLBqZcPbc-Arc"
"not_accessible","mega_api_error_-9","mega","200","1","Jaime Murrel","Singles / Otros","Cantos de Jubilo - Jaime Murrell - MultiTrack","https://mega.nz/file/6rxElLaY#vABsslIrWytMH6zGSQt62fiI6Inxo9I9ygBx8-nRrWY"
"not_accessible","mega_api_error_-9","mega","200","1","Abba Padre Secuencia","Singles / Otros","(M) Abba Padre","https://mega.nz/file/jnhGUTia#_XLLHd7-9ABfuTO7wXL9psHBxW-QzPaBiYsYW_6CpTo"
"not_accessible","mega_api_error_-9","mega","200","1","gateway","Singles / Otros","Abre Los Cielos - Gateway - MT","https://mega.nz/file/arpylJKC#QSGVQvqBAYR7BQptt_f0pHkkTW380TfcJGrkDwZGaQs"
"not_accessible","mega_api_error_-9","mega","200","1","gateway","Singles / Otros","Abre Los Cielos - Gateway feat Julissa - MT","https://mega.nz/file/KugGlZQQ#-PNz2keKLEUHORsYy_xVofTZlbGQCk0Jc-nvdrRCHko"
"not_accessible","mega_api_error_-9","mega","200","1","gateway","Singles / Otros","Mas grande - Gateway - MT","https://mega.nz/file/rrxQlRIJ#yh-EQweZzAbLtYBtCeFGGb8J0bkPBBQnfbOyqHbfu2Q"
"not_accessible","mega_api_error_-9","mega","200","1","gateway","Singles / Otros","Gateway Worship - Walls 100.00 BPM (MURALHAS André Valadão)","https://mega.nz/file/qmxURBZC#CcSKvPhPHrqaPIpotmuYspXpwN005BA69zBy_UJWexE"
"not_accessible","mega_api_error_-9","mega","200","1","gateway","Singles / Otros","Dios esta aqui - Gateway Worship - MultiTrack","https://mega.nz/file/CnowBZQI#hNQVR3z-RlPYG8srGpxBjM3mliQcoTuN2Aggqc2TtvY"
"not_accessible","mega_api_error_-9","mega","200","1","gateway","Singles / Otros","Walls (C) - Gateway Worship","https://mega.nz/file/z74SDBiJ#OUhVcO6UF3ZLBFATfbgnn5AdN3oQqeNmUvuLkG-siEg"
"not_accessible","mega_api_error_-9","mega","200","1","gateway","Singles / Otros","Gateway Worship - Dios esta aqui 154BPM (A)","https://mega.nz/file/Kz4gkTwT#BJhpG3f4TgZmyou0ZO7fP5vbE-dT_h1Kk3hcvu05u6U"
"not_accessible","mega_api_error_-9","mega","200","1","gateway","Singles / Otros","Forever Yours-GatewayWorship-C","https://mega.nz/file/X2xSVLJY#nF0BA6Lix7v_gbzu4UtdQIlNms1IetOaPs_A5A9TqIQ"
"not_accessible","mega_api_error_-9","mega","200","1","gateway","Singles / Otros","GatewaycWorship_ Higher Than The Sky","https://mega.nz/file/ezhmkRCB#U39X4OtjItVIHja5nQYgxEQ5QZ7i7mMDtYOgi8bjJ3M"
"not_accessible","mega_api_error_-9","mega","200","1","gateway","Singles / Otros","Gateway Worship_Not Ashamed(Bb)","https://mega.nz/file/r75UlR4K#nD58toOdBMPC7j5xW0M7dAamIR473EQ01OWxFdPrqvs"
"not_accessible","mega_api_error_-9","mega","200","1","gateway","Singles / Otros","Gateway Worship_Stay Amazed","https://mega.nz/file/LrxgyZAS#1i65rTE7GXsXFy0anI7ueKAHoD5_SWPQuplGIGi-j8U"
"not_accessible","mega_api_error_-9","mega","200","1","gateway","Singles / Otros","Gateway Worship_Walls-E","https://mega.nz/file/SvgCnRzR#6UreVSAFEtif4JHPDikYdhI8HKhtAHpUHD5kxqBSHUc"
"not_accessible","mega_api_error_-9","mega","200","1","gateway","Singles / Otros","Gateway Worship - Everyday I Live","https://mega.nz/file/32hGiZ7J#-qHtarAK4LOSlUQLAVp4EuIS4FgxKM9hgQ-By4-bRl8"
"not_accessible","mega_api_error_-9","mega","200","1","gateway","MultiTrack - Great, great God - GATEWAY","Great, Great God","https://mega.nz/file/vqpgkRIR#c5I40FxdBTypHF3DT07DNRcJ1ZqJtUwVB582ROXyNXE"
"not_accessible","mega_api_error_-9","mega","200","1","gateway","MultiTrack - Sun and shield - GATEWAY","Sun and Shield","https://mega.nz/file/y7gAEJqR#tlPf4_-5LX7az2BH_rtkk0-yzX0yXIOUk0U3KAsr2yU"
"not_accessible","mega_api_error_-9","mega","200","1","gateway","MultiTrack - Holy, Holy, Holy - GATEWAY","Holy, Holy, Holy (Savior and King)","https://mega.nz/file/bqoSUDBL#48JkO4hkO9cwbw7_i13ZWr9IogLF1U41edOE1IWEZTk"
"not_accessible","mega_api_error_-9","mega","200","1","gateway","Gateway Worship","MultiTrack-Su Amor Lo Ha Hecho (feat. Marco Barrientos)-Por Siempre Tuyo-MCDD-Db","https://mega.nz/file/rqwCjTLI#roXmN5pfcSR3t1nBmpbzSaBcgbzzoiXnUJfiKdwMahk"
"not_accessible","mega_api_error_-9","mega","200","1","gateway","Gateway Worship","MultiTrack-Su Amor Lo Ha Hecho (feat. Marco Barrientos)-Por Siempre Tuyo-MCDD-Eb","https://mega.nz/file/imxABRjD#0lMUUyde92KLFlS-P71QBcCv_IbdyH2ZftgadcMUcbA"
"not_accessible","mega_api_error_-9","mega","200","1","gateway","Gateway Worship","MultiTrack-Su Amor Lo Ha Hecho (feat. Marco Barrientos)-Por Siempre Tuyo-MCDD-Bb","https://mega.nz/file/u24kXbZD#EEoMklUZTdv28QTJy9DqhjSi1YWkf4blMIDq5Q03ECE"
"not_accessible","mega_api_error_-9","mega","200","1","gateway","Gateway Worship","MultiTrack-Su Amor Lo Ha Hecho (feat. Marco Barrientos)-Por Siempre Tuyo-MCDD-D","https://mega.nz/file/P2oATLza#n5ncH9prrmrF5IM9yNhTx_0spsOoNPC7lPQP3lEbapk"
"not_accessible","mega_api_error_-9","mega","200","1","gateway","Gateway Worship","MultiTrack-Su Amor Lo Ha Hecho (feat. Marco Barrientos)-Por Siempre Tuyo-MCDD-Ab","https://mega.nz/file/zuxw0LBS#_iRyoU2Uz-YfMrIUSlZkfVE66A86rf8z7WJWnMft9Z0"
"not_accessible","mega_api_error_-9","mega","200","1","gateway","Gateway Worship","MultiTrack-Su Amor Lo Ha Hecho (feat. Marco Barrientos)-Por Siempre Tuyo-MCDD-B","https://mega.nz/file/7zpinbaC#howixSgtPZ-fyodBhX5VO9htLTLVG1gIIpHNpf4fuTE"
"not_accessible","mega_api_error_-9","mega","200","1","gateway","Gateway Worship","MultiTrack-Su Amor Lo Ha Hecho (feat. Marco Barrientos)-Por Siempre Tuyo-MCDD-C-Tonalida Original","https://mega.nz/file/eioE1R4D#VH_pyn6abrMk4v-X71WTmO0nHI7QjCyrlinyXEeMOuw"
"not_accessible","mega_api_error_-9","mega","200","1","gateway","Gateway Worship","MultiTrack-Su Amor Lo Ha Hecho (feat. Marco Barrientos)-Por Siempre Tuyo-MCDD-A","https://mega.nz/file/P7gwkDLS#GyJpXvNUVHeBfY0MiTfy_zyY2K8nrHptvNHZUD8FUpU"
"not_accessible","mega_api_error_-9","mega","200","1","gateway","Gateway Worship","Higher Than The Sky","https://mega.nz/file/mmgGRJBb#U39X4OtjItVIHja5nQYgxEQ5QZ7i7mMDtYOgi8bjJ3M"
"not_accessible","mega_api_error_-9","mega","200","1","gateway","Gateway - Love Has Found Us","MultiTrack-Love Has Found Us-Walls-D","https://mega.nz/file/Pjg2xZ6T#r6sl_BCfJ422QN7c9NiEFKgymll9c_5C1G6ALuuQEPY"
"not_accessible","mega_api_error_-9","mega","200","1","gateway","Gateway - Love Has Found Us","MultiTrack-Love Has Found Us-Walls-Ab","https://mega.nz/file/yq4GFJwT#Sh5GGRhzMLZiA8xWYPncwUFEUsEOF2a6UfdlgUAnyLQ"
"not_accessible","mega_api_error_-9","mega","200","1","gateway","Gateway - Love Has Found Us","MultiTrack-Love Has Found Us-Walls-Eb","https://mega.nz/file/b25gCJ5L#V_LDv3QM93POeMOvcxZzMMb2gqea1fNi7nVbl_IuWDs"
"not_accessible","mega_api_error_-9","mega","200","1","gateway","Gateway - Love Has Found Us","MultiTrack-Love Has Found Us-Walls-B","https://mega.nz/file/zixClLIa#-cXLJsiTl7BwIi-SIBhmjAUsn2YD7CefUNl4gzPlY-Q"
"not_accessible","mega_api_error_-9","mega","200","1","gateway","Gateway - Love Has Found Us","MultiTrack-Love Has Found Us-Walls-A","https://mega.nz/file/LywgiZIB#2cR0i0aejIH9JMRWA1GKXPnKB12s8i-c36RsaX1v2GA"
"not_accessible","mega_api_error_-9","mega","200","1","gateway","Gateway - Love Has Found Us","MultiTrack-Love Has Found Us-Walls-C","https://mega.nz/file/q64CzLYS#MVjPOwtLkv_IDbqk6GLnx2jZqPxj5BAJEmnBBaSGGUw"
"not_accessible","mega_api_error_-9","mega","200","1","gateway","Gateway - Love Has Found Us","MultiTrack-Love Has Found Us-Walls-Db","https://mega.nz/file/2n5gCTrJ#Dr70lGyOiVcQxUf9k9dBORLDb1-LkvW1VV4z6ePdio0"
"not_accessible","mega_api_error_-9","mega","200","1","gateway","Gateway - Love Has Found Us","MultiTrack-Love Has Found Us-Walls-Bb","https://mega.nz/file/7mpQ0bya#TDFiVLFzhSnFEU5fWAdXakg4lXM57UXlRE3WOHb67ZY"
"not_accessible","mega_api_error_-9","mega","200","1","gateway","MultiTrack - Victorious - GATEWAY","Victorious","https://mega.nz/file/2v4iAL5Z#jOAWXxBTOAxwOFrXL8uC4b6JNA56rCCcYTbqwswipHs"
"not_accessible","mega_api_error_-9","mega","200","1","Bani Muñoz","Singles / Otros","Se Mi Todo (En Vivo) {Feat. Marcela Gandara}-Vuelve Otra Vez (Live)-B","https://mega.nz/file/G7wg3BbD#_cn1Y6kc3CLKFiivLWtipGE4I51mxWc_ehtfJ7X9ot0"
"not_accessible","mega_api_error_-9","mega","200","1","Bani Muñoz","Singles / Otros","MultiTrack-A Ti Veré (En Vivo)-Vuelve Otra Vez (Live)-Ab","https://mega.nz/file/365CWBbY#EFQSP3zZa_547o9xv-NJ7BrHR8XmDPKDSvF4PdtgFX4"
"not_accessible","mega_api_error_-9","mega","200","1","Bani Muñoz","Singles / Otros","MultiTrack-A Ti Veré (En Vivo)-Vuelve Otra Vez (Live)-B","https://mega.nz/file/jjpEXRIZ#O0rooIZrHD9NcAGRyfG6qkOPIoxa6UxjWaWFinQ_oJM"
"not_accessible","mega_api_error_-9","mega","200","1","Bani Muñoz","Singles / Otros","Te adoro cover Multitrack - Bani Muñoz","https://mega.nz/file/7qxQWLJK#Kya-bLHygPdI2g4nZNWpBwth-tYxjigbHbAKXpMTmpw"
"not_accessible","mega_api_error_-9","mega","200","1","Bani Muñoz","Singles / Otros","CIUDAD DE COLORES_ALBUM (SECUENCIAS)","https://mega.nz/file/TyoEzLBS#5a_XPyOxahsXxpbtpBBMxr9UsSIDHNgOhvZiwb0o5Nk"
"not_accessible","mega_api_error_-9","mega","200","1","Bani Muñoz","Singles / Otros","Vivo Danzando (En Vivo)-Vuelve Otra Vez (Live)-D","https://mega.nz/file/C75mTDiJ#cHpJDlCKMshnpMAiS8iaMXnSbTHEcDKsV19a6BwyBfs"
"not_accessible","mega_api_error_-9","mega","200","1","Bani Muñoz","Singles / Otros","Te Adoramos (En Vivo)","https://mega.nz/file/f3w0QRoR#vtaJsxM39GeNbgMEvYMiFgyUCmjZd7OIAihfkdEyKRs"
"not_accessible","mega_api_error_-9","mega","200","1","Bani Muñoz","Singles / Otros","MultiTrack-Te Adoramos (En Vivo)-Vuelve Otra Vez (Live)-F","https://mega.nz/file/q6pimDAb#P6VLZRFtybF4A5imvV5vO-L2dS6APJ46iznvTOdtpg4"
"not_accessible","mega_api_error_-9","mega","200","1","Bani Muñoz","Singles / Otros","MultiTrack-A Ti Veré (En Vivo)-Vuelve Otra Vez (Live)-Gb","https://mega.nz/file/CixgHRjC#WfUJSOvTeuZsLTLrXUIbMacrK-O2CsqetStJzclR43Y"
"not_accessible","mega_api_error_-9","mega","200","1","Bani Muñoz","Singles / Otros","MultiTrack-A Ti Veré (En Vivo)-Vuelve Otra Vez (Live)-Bb","https://mega.nz/file/3rxCTb6C#gXGsJkqQXVmDX9qvV6LMiq1n1XkU2_21-Io_b3iB1_Q"
"not_accessible","mega_api_error_-9","mega","200","1","Bani Muñoz","Singles / Otros","MultiTrack-A Ti Veré (En Vivo)-Vuelve Otra Vez (Live)-C","https://mega.nz/file/qrxikRTT#LIRIzPcD5EQXSeMW4DWV5jDRx_7XbpJSYjK3UvYb3js"
"not_accessible","mega_api_error_-9","mega","200","1","Bani Muñoz","Singles / Otros","MultiTrack-A Ti Veré (En Vivo)-Vuelve Otra Vez (Live)-F","https://mega.nz/file/Dnw2hbaY#fpkLpNIJ8tC8ir5tqxCLt-lRilfwwJm5LZ7qkuzm8sI"
"not_accessible","mega_api_error_-9","mega","200","1","Bani Muñoz","Singles / Otros","MultiTrack-A Ti Veré (En Vivo)-Vuelve Otra Vez (Live)-G","https://mega.nz/file/K2g0BZ7S#eHJSpW31FeIzzOwzPAewXx50YzI_446a9B73JOqxYP0"
"not_accessible","mega_api_error_-9","mega","200","1","Bani Muñoz","Singles / Otros","Bani Muñoz - Algo Nuevo Empezo 130 Bpm","https://mega.nz/file/jqoCCbQI#UXA_O1w1PjOOQRM1pWTgdcgkk8J1dhlObCkGZoZgRrM"
"not_accessible","mega_api_error_-9","mega","200","1","Bani Muñoz","Singles / Otros","Bani Muñoz - Ven","https://mega.nz/file/DrpS2Z4a#WSfBUG-UDPXD93cTrYdnN3KmkEBv7e6PWba0GkuPGqc"
"not_accessible","mega_api_error_-9","mega","200","1","Bani Muñoz","Singles / Otros","Bani Muñoz A Ti Veré (En Vivo)-Vuelve Otra Vez (Live)-A","https://mega.nz/file/iq4SjZCB#u6NVtmpakk3gK01Q_HirRbdIqevZd8nbFEmxBJ9no9s"
"not_accessible","mega_api_error_-9","mega","200","1","Bani Muñoz","Singles / Otros","Bani Muñoz - Vivo danzando","https://mega.nz/file/HqhGSTRI#wYfgH3MtTThMtwyT7Ii1u1Z9jgbrf_zjV7HfLHuz5CU"
"not_accessible","mega_api_error_-9","mega","200","1","Bani Muñoz","Singles / Otros","Bani Muñoz_This is Amazing Grace","https://mega.nz/file/Oqw0lJwT#58wJohIa7RX9uE3-xZPVZOXRRKRoecyP7jcHBXTPDi0"
"not_accessible","mega_api_error_-9","mega","200","1","Bani Muñoz","Singles / Otros","MultiTrack-Te Adoramos (En Vivo)-Vuelve Otra Vez (Live)-A","https://mega.nz/file/OqgGnJBI#bLuNf8E0BoVV7MhfRuFmqbvVVDcW8aUerUfV4WVSslc"
"not_accessible","mega_api_error_-9","mega","200","1","Bani Muñoz","Singles / Otros","MultiTrack-En Tu Nombre (En Vivo) {Feat. Iv†n PÇrez}-Vuelve Otra Vez (Live)-A","https://mega.nz/file/vjpQVBoD#VK3IEPQRMCAv0pLTo4TsXq6FkxfL82y0xDOLgnFTggg"
"not_accessible","mega_api_error_-9","mega","200","1","Conquistando Fronteras","Singles / Otros","En Pos De Ti","https://mega.nz/file/7j5gDDRJ#P2mg-EgrEUb9dPFjOy79hlyA0n06po4xWV34uvZGKQg"
"not_accessible","mega_api_error_-9","mega","200","1","Conquistando Fronteras","Singles / Otros","Cuanto nos ama -How He Loves-Home-F","https://mega.nz/file/j6oiUJCB#U43m7BeA8fZxT7Bdm1dD_5gkW2WhGh-EaSnW49F2jU8"
"not_accessible","mega_api_error_-9","mega","200","1","Darlene Zschech","Singles / Otros","Revealing Jesus-C","https://mega.nz/file/fzowFLhL#jDueMlbPXyIjnE7YoFW2Zo01L8J1ANuvCYq3GxqU_7I"
"not_accessible","mega_api_error_-9","mega","200","1","Darlene Zschech","Singles / Otros","Victor's Crown-Revealing Jesus-C Project","https://mega.nz/file/Hy4CHLYY#KeigY7NaYSCHm_b4rCCUjO8V3hKG-4HKtc07yC97RQE"
"not_accessible","mega_api_error_-9","mega","200","1","Darlene Zschech","Singles / Otros","Darlene Zschech - God is here","https://mega.nz/file/nzhA3D6T#8CMD75NxeNvGcGjXUok9yEuS_r-JBP0QSXQZjH4UJO8"
"not_accessible","mega_api_error_-9","mega","200","1","David Scarpeta","Singles / Otros","Libre Soy - David Scarpeta","https://mega.nz/file/S3x0CBYT#2fV8LKDbHrm9Rgw25TDAgB6zJZ3oE1abxgud8fKWszY"
"not_accessible","mega_api_error_-9","mega","200","1","David Scarpeta","Singles / Otros","El Cielo Gobierna - David Scarpeta","https://mega.nz/file/Dr4SCRyL#xmHA2yMGkU9oLG9YxPpNVK1vit5eJgL-mDUoKDb9x2Y"
"not_accessible","mega_api_error_-9","mega","200","1","Covenant Worship","Singles / Otros","MultiTrack-Risen-Kingdom-E","https://mega.nz/file/fn4SVZwS#tHax4IhvyuY_3JrOc2Ma2scbGuSXee45mFYH0wXvBmQ"
"not_accessible","mega_api_error_-9","mega","200","1","Ericson Alexander","Singles / Otros","Soy sano Multitrack By Jahmai Cortes","https://mega.nz/file/Dv5QXZgD#E_C-2esBJDkdHo3JA9UgzMGxMdtHUSVV-0rPMqMa-XQ"
"not_accessible","mega_api_error_-9","mega","200","1","Chris Tomlin","Singles / Otros","Chris Tomlin - God's Great Dance Floor","https://mega.nz/file/aioyAbpB#rCppuWdP38LhTwrRnY-Ue2sM7TpifrEleHQ4uUa17KY"
"not_accessible","mega_api_error_-9","mega","200","1","Chris Tomlin","Singles / Otros","our god","https://mega.nz/file/m3wwmDYL#89_iNWuucJq4YxM39aO23D_zIJ49bC7VAqP39mi-2cM"
"not_accessible","mega_api_error_-9","mega","200","1","Chris Tomlin","Singles / Otros","A King Like This - (A)","https://mega.nz/file/Su4wjbKQ#UxLdhmJ9z0qlCk5RbjIpGUOnEO25O8l_qQJXHzRFzQE"
"not_accessible","mega_api_error_-9","mega","200","1","Chris Tomlin","Singles / Otros","Where the Spirit","https://mega.nz/file/CioUSTwb#ZyhStFIhtvrNL_j6H0Ab-w7DqtBh-RSo3SNqY0qJoII"
"not_accessible","mega_api_error_-9","mega","200","1","Chris Tomlin","Singles / Otros","NOSSO DEUS - Our God Chris Tomlin","https://mega.nz/file/y2pkELAA#tCiy7ITUfpeZqi8NkL84DAfpIVov7It4TvhJ6LWqxGU"
"not_accessible","mega_api_error_-9","mega","200","1","Chris Tomlin","Singles / Otros","Chris Tomlin - Awake My Soul","https://mega.nz/file/S24WnLyZ#a4aaAbqhTZ7oN_jACjmWnNjs6JTKPw4CrvqbHvy_QzA"
"not_accessible","mega_api_error_-9","mega","200","1","Chris Tomlin","Singles / Otros","Chris Tomlin - A King Like This","https://mega.nz/file/TuxUDbbb#dhs_RSy0mhoqb4B9nxzSQ9cToV_InFC7puIwgoiO2jM"
"not_accessible","mega_api_error_-9","mega","200","1","Chris Tomlin","Singles / Otros","Multitrack - Lay Me Down - Me rindo a Ti - Chris Tomlin","https://mega.nz/file/n6xG3bDL#hiZMS6BPmrPYWkBF3tY6H3ktyi35YCF7AwVQB2QUgSk"
"not_accessible","mega_api_error_-9","mega","200","1","ANDRÉ AQUINO","Singles / Otros","MultiTrack-Vem Incendiar Meu Coração-Nossa Declaração-F (1)","https://mega.nz/file/2m52gTZC#vuHqbewllouEVasrX6Is9Bk1G8SVfVAfzJyS7bGAxa0"
"not_accessible","mega_api_error_-9","mega","200","1","ANDRÉ AQUINO","Singles / Otros","MultiTrack-Vem Incendiar Meu Coração-Nossa Declaração-B (1)","https://mega.nz/file/CqoGBLIJ#ooqp8R3fYLL75fLkRRfpgqciY3U8atGmlPQBpis8L14"
"not_accessible","mega_api_error_-9","mega","200","1","ANDRÉ AQUINO","Singles / Otros","MultiTrack-Vem Incendiar Meu Coração-Nossa Declaração-G (1)","https://mega.nz/file/e64mDBSb#IwAoCGkfON7I0B0Yue5numexRFQeg6_FhJGQehYlMQo"
"not_accessible","mega_api_error_-9","mega","200","1","ANDRÉ AQUINO","Singles / Otros","MultiTrack-Vem Incendiar Meu Coração-Nossa Declaração-A","https://mega.nz/file/Cr4kDBJI#XMyw-sdd_-XQy46ai-VCAHbU5hLPJmhjnYIJpfppBKg"
"not_accessible","mega_api_error_-9","mega","200","1","ANDRÉ AQUINO","Singles / Otros","MultiTrack-Vem Incendiar Meu Coração-Nossa Declaração-Gb (1)","https://mega.nz/file/uzx0lRRb#erlQl_FSxuZtJqi5Zhcps5Sya5I9w60uFdiMLxk32NM"
"not_accessible","mega_api_error_-9","mega","200","1","ANDRÉ AQUINO","Singles / Otros","MultiTrack-Vem Incendiar Meu Coração-Nossa Declaração-Ab","https://mega.nz/file/7yxwwJza#Uudx_WNerJC_Um2Wu0bsaIxgZpBMvVp5VaBxDsjm8OU"
"not_accessible","mega_api_error_-9","mega","200","1","ANDRÉ AQUINO","Singles / Otros","MultiTrack-Vem Incendiar Meu Coração-Nossa Declaração-Bb (1)","https://mega.nz/file/Kq5QiTCZ#Qz5--BWoCCp9nYo4M85BCekm3Pm57-KrFpLYVIYW8Ek"
"not_accessible","mega_api_error_-9","mega","200","1","ANDRÉ AQUINO","Singles / Otros","MultiTrack-Vem Incendiar Meu Coração-Nossa Declaração-C (1)","https://mega.nz/file/e3o2mDhR#AOQMpZExtGxIhRtKQgPcL_uw10YIP6eRiRI2zuYJtw4"
"not_accessible","mega_api_error_-9","mega","200","1","Arboles de justicia","Singles / Otros","Ven a Celebrar - Arboles de Justicia - MultiTrack","https://mega.nz/file/jzhEQZyS#6CtNsoVZZc0peGjeKLSUPk8qVnQhQ_p5PCv68u9i2RE"
"not_accessible","mega_api_error_-9","mega","200","1","Arboles de justicia","Singles / Otros","Gloria y Aleluya (Bb) - Arboles de Justicia","https://mega.nz/file/jj4WGRSB#jN4xM4MguWO4Ew41ev2i5-3_ZT3IlBlfCtVuvcuzffg"
"not_accessible","mega_api_error_-9","mega","200","1","Marcos Brunet","Singles / Otros","MultiTrack-Soy Tu Hijo-Adora a Jesús-C","https://mega.nz/file/H6wUmJ5C#TvRwxye1Lzao4X2ACRy6qNIJdt4GlwkB02BQi7SCCIE"
"not_accessible","mega_api_error_-9","mega","200","1","Marcos Brunet","Singles / Otros","MultiTrack-Al Que Está Sentado en el Trono-Adora a Jesús-A Tonalidad Original","https://mega.nz/file/Xj5C2Lba#RZfrKEjz8-ZLekJol8aR3NneLj8OWGaJ00MJFgZUrng"
"not_accessible","mega_api_error_-9","mega","200","1","Marcos Brunet","Singles / Otros","MultiTrack-Digno (feat. Damaris Calviño)-Adora a Jesús-A","https://mega.nz/file/Dzw2nDbD#hJJs4mFs_EOfdbwAHOAZJcSrUG6eGTo09lnBhpskGFQ"
"not_accessible","mega_api_error_-9","mega","200","1","Marcos Brunet","Singles / Otros","MultiTrack-Toma Tu Lugar-Adora a Jesús-D Tonalidad Original","https://mega.nz/file/n3pykLbD#jK0qi_C9_n9OKNMcwRRUhrUufesY5tPvMamgJylx69c"
"not_accessible","mega_api_error_-9","mega","200","1","Marcos Brunet","Singles / Otros","MultiTrack-Al Rey (feat. Damaris Calvi§o y Jorge Szczecko)-Adora a Jes£s-A Tonalidad Original","https://mega.nz/file/ru4ywbbT#K8g3GMMowzn-azkSZPUbRS65y5sU8p_MWRwDxjeHX7M"
"not_accessible","mega_api_error_-9","mega","200","1","Marcos Brunet","Singles / Otros","MultiTrack-Padre Nuestro-Adora a Jesús-G","https://mega.nz/file/fihQ1T7J#WhXKQi4T4BqjdkpGdEx_VpykOkGGJmwZcaVZ1WvVHAk"
"not_accessible","mega_api_error_-9","mega","200","1","Marcos Brunet","Singles / Otros","MultiTrack-Jesús-Adora a Jesús-G Tonalidad Original","https://mega.nz/file/ivhCGBJL#M-jvehAmkDoB2vzbxumZmCtVVpySDpwBDzUA7JdAq7c"
"not_accessible","mega_api_error_-9","mega","200","1","Marcos Brunet","Singles / Otros","MultiTrack-Para Siempre Danzaremos-Adora a Jesús-D","https://mega.nz/file/CnxGGRDb#IsHRVyEKTEcyZvq5PlC9Ig2WOVhgOnPpwpkf5UlT4Vo"
"not_accessible","mega_api_error_-9","mega","200","1","Marcos Brunet","Singles / Otros","Multitrack - Soy Tu Hijo - Adora a Jesús - Marcos Brunet","https://mega.nz/file/P7gwyRjZ#1wz7ozJNIyT0bcngbJ7Gth8dI4eAvu7GWorMzuy3qrs"
"not_accessible","mega_api_error_-9","mega","200","1","Marcos Brunet","Singles / Otros","Al Que Esta Sentado En El Trono - Adora a Jesús - Marcos Brunet – A","https://mega.nz/file/WvggSZbQ#RZfrKEjz8-ZLekJol8aR3NneLj8OWGaJ00MJFgZUrng"
"not_accessible","mega_api_error_-9","mega","200","1","Marcos Brunet","Singles / Otros","Marcos Brunet -Por Siempre Danzaremos-Jesus a Adora-D","https://mega.nz/file/Wix02BrT#wf9QQlmWYMcdUC8CFCSXfIdm7HNqBlQELzYBE7_1mas"
"not_accessible","mega_api_error_-9","mega","200","1","Marcos Brunet","Singles / Otros","Todo Pertenece a Ti 135 bpm RCBV","https://mega.nz/file/zqwWibYT#OJ99-tA1FsSzO7zYjhJX64D3umIN6tv7Uh8qUSVukD0"
"not_accessible","mega_api_error_-9","mega","200","1","Marcos Brunet","Singles / Otros","MultiTrack-Me Deleito en Ti (feat. Lucas Consile)-Diálogo íntimo 2-A","https://mega.nz/file/fvo2zB6Z#7on9Vv8g0dMyEzsHWfH7SYH-k0-C5gX5fzrBGjHTlIs"
"not_accessible","mega_api_error_-9","mega","200","1","Marcos Brunet","Singles / Otros","MultiTrack-Sigo Mirando Tus Ojos-Diálogo íntimo 2-G","https://mega.nz/file/fjhgxDzC#eKbUL9DB2Jq-toTxsk999Ebg4jKauQaWW0aa3_O6R_0"
"not_accessible","mega_api_error_-9","mega","200","1","Marcos Brunet","Singles / Otros","MultiTrack-Ven a Descansar En Mi-Diálogo íntimo 2-Db","https://mega.nz/file/D7w2wBrA#bafsKt2QjCQ6hEEivvtH32kE-2fYNtoSQc0aVEgddYU"
"not_accessible","mega_api_error_-9","mega","200","1","Marcos Brunet","Singles / Otros","MultiTrack-Amamos Tu Presencia (feat. Marcos Brunet)-Tu Habitación-E","https://mega.nz/file/T6wA2b4K#5twjvyAcDEz6DyTePIPHxV6ThRf_OVc4DwIGypMCsZU"
"not_accessible","mega_api_error_-9","mega","200","1","Marcos Brunet","Singles / Otros","Marcos Brunet - Digno (feat. Damaris Calviño)","https://mega.nz/file/n2pEmBBZ#hJJs4mFs_EOfdbwAHOAZJcSrUG6eGTo09lnBhpskGFQ"
"not_accessible","mega_api_error_-9","mega","200","1","Marcos Brunet","Singles / Otros","MultiTrack-Para Siempre Danzaremos","https://mega.nz/file/7rhwCTgJ#IsHRVyEKTEcyZvq5PlC9Ig2WOVhgOnPpwpkf5UlT4Vo"
"not_accessible","mega_api_error_-9","mega","200","1","En espiritud y en verdad","Singles / Otros","EEYEV - Habitacion","https://mega.nz/file/H6pS3TTL#Z58hj77P8yVnlOmiPBUfNWYyL3-uo7EkxO6xoR2QDQ8"
"not_accessible","mega_api_error_-9","mega","200","1","En espiritud y en verdad","Singles / Otros","EEYEV - No Puedo Callar","https://mega.nz/file/2jxWADqQ#_F5vZfDl8UCbMoMrPT3cRzmQ_Tv7dEI7MIrmdTqA7cg"
"not_accessible","mega_api_error_-9","mega","200","1","En espiritud y en verdad","Singles / Otros","MultiTrack - Él Es Vida - En Espiritu y en Verdad","https://mega.nz/file/7zw0kR7K#WpWltgaSUQ5z_ekj_UKQQBY_y2S426ctUZE56HzoXJQ"
"not_accessible","mega_api_error_-9","mega","200","1","En espiritud y en verdad","Singles / Otros","Multitrack - En Espiritu y en Verdad - EEYEV - Gracia sublime","https://mega.nz/file/i3pAlDRB#EN8nL_9zoLh5x9-YpT4gaKSmTcvXtQYkIszl-DFp-Wo"
"not_accessible","mega_api_error_-9","mega","200","1","En espiritud y en verdad","Singles / Otros","Resplandeci¢!-Piedras Vivas-B","https://mega.nz/file/W64yBRpI#55H81jQxf1WB0-22T5ztOgVKUBkNin_mLfC4HVlRm74"
"not_accessible","mega_api_error_-9","mega","200","1","En espiritud y en verdad","Singles / Otros","Habitacion","https://mega.nz/file/angUzTzQ#WLPJeWYjMisqHDiOtnedv5FXqyp0VFtu1CpGBiXf1Ak"
"not_accessible","mega_api_error_-9","mega","200","1","En espiritud y en verdad","Singles / Otros","creador de vida Project","https://mega.nz/file/znxy1L6T#JY1kpon0tIz2CGl1Yj6xbuGw34iIby-F1xJsw1jsWdM"
"not_accessible","mega_api_error_-9","mega","200","1","En espiritud y en verdad","Singles / Otros","Somos libres 144 bpm Project","https://mega.nz/file/ey5gWJgZ#YxRvoWVEHNTXWZY3dg9ghIyrcykU8P66hvdaaX1Ma-c"
"not_accessible","mega_api_error_-9","mega","200","1","En espiritud y en verdad","Singles / Otros","En tu presencia 50 bpm por RCBV Project","https://mega.nz/file/PnxykbyY#JN7IIT3jlJAoH6YUe4P-Z0bxzkPZyn1ZdKVJcpiFuGI"
"not_accessible","mega_api_error_-9","mega","200","1","En espiritud y en verdad","Singles / Otros","EEYEV - Resplandeció!","https://mega.nz/file/fmg2TTRT#0Ps2RP6O1R4yi6OSfdTbmwlbyI-kmmzehOaucsL3fCA"
"not_accessible","mega_api_error_-9","mega","200","1","En espiritud y en verdad","Singles / Otros","Somos Libres EEYEV","https://mega.nz/file/bmoWmBIa#OQ5Pn31tS14_f8g2TPE7v-rGHDF6rE8NFhBWQDCdWlM"
"not_accessible","mega_api_error_-9","mega","200","1","Newboys","Singles / Otros","Your Love Never Fails - News Boys 115bpm (Bb)","https://mega.nz/file/yjxGGBTA#al23UNyaAOM0pZSE6lVJQ2ToHKQ7a0eiNb1NOaeOZo4"
"not_accessible","mega_api_error_-9","mega","200","1","Newboys","Singles / Otros","libre soy","https://mega.nz/file/e6pAlRhA#2ON62D6lVEZw2a4V1bwGJegMh9HJXlArQ_CfElrsTbM"
"not_accessible","mega_api_error_-9","mega","200","1","Newboys","Singles / Otros","Newsboys - Hallelujah","https://mega.nz/file/LvhWSR5Q#BkaUHJV_nGZefxuzt4Eh3LS9NGEqUgNfi8rCpYKU4Bw"
"not_accessible","mega_api_error_-9","mega","200","1","Newboys","Singles / Otros","God Not Dead","https://mega.nz/file/CngQzLJa#51pk0ZCpECrEZhvMXdzmxLDFTbxYqxAnSx_A0qFEHFw"
"not_accessible","mega_api_error_-9","mega","200","1","Newboys","Singles / Otros","New boys - I'm free","https://mega.nz/file/m34whJLQ#M-V1v6s3PIulLe7hqcu_cGrRvj5U6tBlVDO6bTMSMo0"
"not_accessible","mega_api_error_-9","mega","200","1","Newboys","Singles / Otros","[MultiTracks] Libre Soy - Newboys","https://mega.nz/file/eipAxRiS#5e9rZdACO5LxQ4xXKH2xPtMduif9zZQhNxdSHTrAP8s"
"not_accessible","mega_api_error_-9","mega","200","1","Newboys","MultiTrack - We Believe - NEWSBOYS","MultiTrack - Newsboys - We Believe - Restart - D","https://mega.nz/file/mn5UHJ6Z#D-6hC42yniDVS2kr52pfqM6zAIbdsgbCGXZ6gq39Jcg"
"not_accessible","mega_api_error_-9","mega","200","1","Newboys","MultiTrack - Here we stand - NEWBOYS","HERE WE STAND NEWSBOYS","https://mega.nz/file/fjhyVZST#lyst3fIYfOsnhvvLa9Im4Ab3K5cGJQhqH4JYrc9RjzY"
"not_accessible","mega_api_error_-9","mega","200","1","Alex Campos","Singles / Otros","Lenguaje de amor - Alex Campos - MultiTrack","https://mega.nz/file/jn4QmTpQ#iXe1uGDx3CYxDB0V18TgCYjWXw8MoMyvDvjizVe7E6U"
"not_accessible","mega_api_error_-9","mega","200","1","Alex Campos","Singles / Otros","Me dijo - Alex Campos - Multitrack","https://mega.nz/file/PyoCABKA#HyS7A14Mviv_rez7g58DE6vlHrDCGTP1nWFaeBdGjTU"
"not_accessible","mega_api_error_-9","mega","200","1","Christine D´Clario","Singles / Otros","Yahweh-Eterno Live-C","https://mega.nz/file/2m4mjbZD#MDpu4x5BkY-9WxLiyl4law-NPiL8Px6kRhDuppzq3eA"
"not_accessible","mega_api_error_-9","mega","200","1","Christine D´Clario","Singles / Otros","Ya no soy Esclavo--Multitrack-Christine D'Clario","https://mega.nz/file/PrgQ1JjQ#fg4KkhTFPgfpN-aSh3xbSMGb3Mc5pUT0XDVk7Gs7BXc"
"not_accessible","mega_api_error_-9","mega","200","1","Christine D´Clario","Singles / Otros","Tu Poder (Creo En Ti) (feat. Christine D'Clario)-Tu Poder (Creo en Ti)-Bb","https://mega.nz/file/KyogCTYI#znWPbcDwZmUdKkmOOumpuT8m3FphOZgfvkTxbboNRC8"
"not_accessible","mega_api_error_-9","mega","200","1","Christine D´Clario","Singles / Otros","Tu Fidelidad - Christine D Clario","https://mega.nz/file/i2wWBDjT#2Jb8FpSrYlPKbwm_tWZ5_bBHzHmBKnhKKTF_B8I6_nA"
"not_accessible","mega_api_error_-9","mega","200","1","Christine D´Clario","Singles / Otros","Santa La Noche (feat. Christine D'Clario -G","https://mega.nz/file/2i4w0BKb#nma6wwBjDWdZSx-xlOPLHSmWBp27ZetGx8obutgQxRA"
"not_accessible","mega_api_error_-9","mega","200","1","Christine D´Clario","Singles / Otros","Rey 136 bpm Project","https://mega.nz/file/znpUDRaD#4D32pfmRUmDjcM-BzNKwn46UteqKjNFgBgeG1anzYPM"
"not_accessible","mega_api_error_-9","mega","200","1","Christine D´Clario","Singles / Otros","REY.D.CLARIO. MULTITRACK","https://mega.nz/file/T2pmSJKD#1M0QS_VuWpfNVRVNDV2NLQQMvE_S1p-uZzBwwQWfnxg"
"not_accessible","mega_api_error_-9","mega","200","1","Christine D´Clario","Singles / Otros","Que se abra el cielo - Christine D'Clario_Estéreo","https://mega.nz/file/KuoyGZ4I#pJpP4ZvrPtb6O_dogMhTwWucCkOt9mWLGjxSfNV02qM"
"not_accessible","mega_api_error_-9","mega","200","1","Christine D´Clario","Singles / Otros","Por Amor Chistine D clario","https://mega.nz/file/D2xGxRYD#UtJxSQJQdhBy-5TSPShw2Ps9FhDqsXN3F-cPcPiwDVs"
"not_accessible","mega_api_error_-9","mega","200","1","Christine D´Clario","Singles / Otros","Multitrack - Dios es rey - Christine D'Clario","https://mega.nz/file/zqoiBZBQ#B_MUTKb6Mt3EvtVWhr5T_l5hS8P0qEBVcU7UG7wtZWA"
"not_accessible","mega_api_error_-9","mega","200","1","Christine D´Clario","Singles / Otros","MultiTrack-Tu Eres Rey (feat. Christine D'Clario)-Generación Radical-E","https://mega.nz/file/DjhwkDyL#Z1LGyWUApHTMg5scj9MaeEOrlpIcql9ONAw1g7Vaz8k"
"not_accessible","mega_api_error_-9","mega","200","1","Christine D´Clario","Singles / Otros","MultiTrack-Seguirte-Más Profundo-Gb","https://mega.nz/file/v7oUyB4a#QCyvMVZONHQ74ctzetAJN9eAsPqFILm7B7y0vtuMYfk"
"not_accessible","mega_api_error_-9","mega","200","1","Christine D´Clario","Singles / Otros","MultiTrack-Seguirte-Más Profundo-G","https://mega.nz/file/WrpmCDIL#LzS2gxgqDwcAArsHTKqZ10vxLLb6RD7UG_KLQKWmQCI"
"not_accessible","mega_api_error_-9","mega","200","1","Christine D´Clario","Singles / Otros","MultiTrack-Seguirte-Más Profundo-F","https://mega.nz/file/6ywySbYJ#CY2_Am7VYa30rRF6PPQ6niH9tK5SLXa-hvIX3A2lwzw"
"not_accessible","mega_api_error_-9","mega","200","1","Christine D´Clario","Singles / Otros","MultiTrack-Seguirte-Más Profundo-Eb","https://mega.nz/file/Li5k1JSB#JaCu9395IEOcatHOcl0swkLH2MsKxO4uVAscxDNsFjk"
"not_accessible","mega_api_error_-9","mega","200","1","Christine D´Clario","Singles / Otros","MultiTrack-Seguirte-Más Profundo-E","https://mega.nz/file/bmwGXRyL#9S-5S-BE_2ZVsJyu-5IXeaAUG6-ZGJNPB3oPPhaaClo"
"not_accessible","mega_api_error_-9","mega","200","1","Christine D´Clario","Singles / Otros","MultiTrack-Seguirte-Más Profundo-D","https://mega.nz/file/ejh2wD7T#6p5l2qiRtr8nua367KKW6ABX-dA-BVsP75bIWccoKCE"
"not_accessible","mega_api_error_-9","mega","200","1","Christine D´Clario","Singles / Otros","MultiTrack-Santa La Noche (feat. Christine D'Clario-Santa La Noche-G","https://mega.nz/file/G7piDDgT#nma6wwBjDWdZSx-xlOPLHSmWBp27ZetGx8obutgQxRA"
"not_accessible","mega_api_error_-9","mega","200","1","Christine D´Clario","Singles / Otros","MultiTrack-Rey-Más Profundo-E","https://mega.nz/file/TvxUmLLJ#xc5w-c_M2fSU9Q1hSPItsIKYpyUTX7HL_kHALGNuBQQ"
"not_accessible","mega_api_error_-9","mega","200","1","Christine D´Clario","Singles / Otros","MultiTrack-No Hay Lugar Más Alto (feat. Christine D'Clario)-Tu Habitación-A","https://mega.nz/file/i7p2wLxD#gN3pzQBr2nr100gw9_n_jWVRm6FzYRCk7GQCLs_2rME"
"not_accessible","mega_api_error_-9","mega","200","1","Christine D´Clario","Singles / Otros","MultiTrack-Me amaste a mí-Eterno Live-D (1)","https://mega.nz/file/LroQ2boA#lf_oCGIuyVDlgBQsbN_RKdLcCd6SebCMLIkVbQV1YTw"
"not_accessible","mega_api_error_-9","mega","200","1","Christine D´Clario","Singles / Otros","Magnifico - Multitrack","https://mega.nz/file/6rgQ1BRK#SgHocYq0SjEGIgLHlCI3rxrRqCHRGp_UGXpqA51aUcM"
"not_accessible","mega_api_error_-9","mega","200","1","Christine D´Clario","Singles / Otros","Levántate","https://mega.nz/file/TvoQgTpS#C9cIwiwPhCys28HUqu0-Wruo-1NFj9hD4XmIAhuPpmc"
"not_accessible","mega_api_error_-9","mega","200","1","Christine D´Clario","Singles / Otros","La Sangre de Jesús - Christine D'Clario - MT","https://mega.nz/file/b642nDqK#tUqubcEDCE5x6HxmnfPUnSIjz9u2_-jqLzx7LkA0PXc"
"not_accessible","mega_api_error_-9","mega","200","1","Christine D´Clario","Singles / Otros","Gloria en lo Alto RCBV Project","https://mega.nz/file/S7omCBqa#TbAbiWQ_xO1dqfBy0w7hU4iUjV9JoAg7RuVfFDLxldo"
"not_accessible","mega_api_error_-9","mega","200","1","Christine D´Clario","Singles / Otros","Eterno_Cuando los Santos-Live-D","https://mega.nz/file/2ugSmTgR#dsl4-135g4_j7zYqr8YPguZrQaqWWl2f67rB4jYD9mw"
"not_accessible","mega_api_error_-9","mega","200","1","Christine D´Clario","Singles / Otros","Espiritu Santo ft Christine D'Clario-Legado-C","https://mega.nz/file/Gqgg2ZQK#BwNwtHvzNbximmYu1HxDWi8NbDLzoDTF_Oi0im2ZXdM"
"not_accessible","mega_api_error_-9","mega","200","1","Christine D´Clario","Singles / Otros","En El Trono Está (F) - Christine D' Clario","https://mega.nz/file/7rhW2BbC#8EC2_QHMW9Cy3AP3TLBvkRIWan0_uLkMGqpEFME_7d8"
"not_accessible","mega_api_error_-9","mega","200","1","Christine D´Clario","Singles / Otros","Christine D'Clario - Que se abra el Cielo","https://mega.nz/file/2y5mxDyK#xI9EnfVErrWg4rztzOyKgk3XVcFibqpO31JHSJ0OCto"
"not_accessible","mega_api_error_-9","mega","200","1","Christine D´Clario","Singles / Otros","CDC- En El Trono Está","https://mega.nz/file/2qgS0bjA#0yu_oJzVlNaseOytnHxWT6ZyEIS4rmvZIuZaxRoVsRA"
"not_accessible","mega_api_error_-9","mega","200","1","Christine D´Clario","Singles / Otros","CDC - Rey","https://mega.nz/file/HvxmlTLB#tDhgEAntza14R596oCfVAkf2fuZBGW9IyPoD7W04EyY"
"not_accessible","mega_api_error_-9","mega","200","1","Christine D´Clario","Singles / Otros","Yahweh - Christine DClario - MultiTrack","https://mega.nz/file/r6pASRKS#SUl3yExsxhPYrQnAmBdwQs7Z9N-eLAAXGiJXG14ZEBQ"
"not_accessible","mega_api_error_-9","mega","200","1","Christine D´Clario","Singles / Otros","Que se abra el Cielo - Christine DClario - MultiTrack","https://mega.nz/file/22hSgZ7Y#-8cITtD7rotKyRQGJ90A69eMPkra2RjwuVvB1CxeiG0"
"not_accessible","mega_api_error_-9","mega","200","1","Christine D´Clario","Singles / Otros","Levántate - Christine DClario - MultiTrack","https://mega.nz/file/HixAQDiA#chCWxUUDDesDLFTFERUiBXud16MvCwEI7xRAl4Pep0g"
"not_accessible","mega_api_error_-9","mega","200","1","Christine D´Clario","Singles / Otros","En El Trono Está - Christine D´Clario - MultiTrack","https://mega.nz/file/urhm1bIY#x_90JdmRB6QGuOHvkv3q2Tg4WrXDKxmSsOxtUqDmpdI"
"not_accessible","mega_api_error_-9","mega","200","1","Christine D´Clario","Singles / Otros","Me amaste a mí - Christine DClairo - Multitrack","https://mega.nz/file/OvwEjb4J#cHAQD6DxIy3_V8uZImiI9o-o-dkWeGU9kTZmtk7aptE"
"not_accessible","mega_api_error_-9","mega","200","1","Christine D´Clario","Singles / Otros","Jesus En El Centro - Israel Houghton - MultiTrack","https://mega.nz/file/6mgSzJwS#ZnhLb2PVkHqDiS_cdPEJ_xW2CHFArtprfUY0cPUrsFQ"
"not_accessible","mega_api_error_-9","mega","200","1","Christine D´Clario","Singles / Otros","Gloria en lo Alto G - Christine D Clario - MutiTrack","https://mega.nz/file/T6ogURRK#NlXfJxefZWdNmzbcgxBg--m43vTm8hzQqPk_xS6B-tM"
"not_accessible","mega_api_error_-9","mega","200","1","Christine D´Clario","Singles / Otros","Como diiste - Christine DClario - MultiTracks","https://mega.nz/file/i34QUZQb#QKl6HUi32OkjgTL0tzZzZFIb0Ssf7x3DrWUYjkl4Y3M"
"not_accessible","mega_api_error_-9","mega","200","1","Christine D´Clario","Singles / Otros","Rey - Christine D Clario - MultiTrack","https://mega.nz/file/2ygg3bTB#iPmXGDTsg9o6AyjhNmVFdTAjyba5EDuBy4pM86O0qVo"
"not_accessible","mega_api_error_-9","mega","200","1","Christine D´Clario","Singles / Otros","Magnifico - Christine DClario - MultiTrack","https://mega.nz/file/XiwCmJDR#mQUcS16qdX4_43cMmPXepl54dJOrUyFbEpx2hEpeiY8"
"not_accessible","mega_api_error_-9","mega","200","1","Christine D´Clario","Singles / Otros","Eterno - Christine DClario - MultiTrack","https://mega.nz/file/qvxEgRgQ#dJQFGxFy-gVCjq-ueV2GcEwBYq6Rw0OEiWBQK4SEonw"
"not_accessible","mega_api_error_-9","mega","200","1","Christine D´Clario","Singles / Otros","CDC - Que se abra el Cielo","https://mega.nz/file/W7hWibbQ#xI9EnfVErrWg4rztzOyKgk3XVcFibqpO31JHSJ0OCto"
"not_accessible","mega_api_error_-9","mega","200","1","Christine D´Clario","Singles / Otros","Danzando-- Gateway Worship","https://mega.nz/file/D7hWlQ5a#vnj4KRlF4nB_ZHoP3iklvfA7BXaOWS3ijVw3-Z3mtG0"
"not_accessible","mega_api_error_-9","mega","200","1","Su Presencia","Singles / Otros","Multitracks - Cerca De Mí - Su Presencia - Cielos Abiertos (cover)","https://mega.nz/file/32gg1Z4D#5opbWWsMc8MVbWDPkrzaP_EFWHV8edw-qZtuQKNJ4Eg"
"not_accessible","mega_api_error_-9","mega","200","1","Su Presencia","Singles / Otros","MultiTrack-No Hay Nadie Como Tú - SU PRESENCIA -Vive en Mí-Db","https://mega.nz/file/G6xAVZZb#5ez6bPzsAVRMnNopyZeuaITyzcE4mb1Bn-vEynY3UJs"
"not_accessible","mega_api_error_-9","mega","200","1","Su Presencia","Singles / Otros","Su Presencia - Vive en mi","https://mega.nz/file/yzxGgJSA#xAZskhb683JaVLGkSPkustQQ7pNCBDnoaIF2obYCOSU"
"not_accessible","mega_api_error_-9","mega","200","1","Su Presencia","Singles / Otros","Espiritu Santo - Su presencia - Tempo 92.00","https://mega.nz/file/ejoSABxY#6z1JwfsNnuXLMb-IqY8mF0CV4t8ZrJiVOhThyoZVpR8"
"not_accessible","mega_api_error_-9","mega","200","1","Su Presencia","Singles / Otros","Su presencia - No hay Nadie como tu","https://mega.nz/file/2yoSlDSY#BiYshnm_WHx7OJzIwxHtHzy_wlAKW_T_jhCar7R-C7k"
"not_accessible","mega_api_error_-9","mega","200","1","Su Presencia","Singles / Otros","Su presencia - Pintas el aire","https://mega.nz/file/C7pQybAT#9ZGsTaMz-FjJ3-FAGJxdRGehNIniKbJreTd-CysJ5Rg"
"not_accessible","mega_api_error_-9","mega","200","1","Soulfire Revolution","Singles / Otros","MultiTrack-Manda Fuego-Tu Luz Brilla-B","https://mega.nz/file/jqhgnT5K#UJ14KxTRpMpvSPstiknI6mHr2QNLE87Z_DQhanUwevQ"
"not_accessible","mega_api_error_-9","mega","200","1","Soulfire Revolution","Singles / Otros","Usa Mi Vida-Tu Luz Brilla-G","https://mega.nz/file/ejpymRwR#lXH6K-7oZxEnHX_wCyQmjI6M1sWX1xjPkAAyWa8MJF0"
"not_accessible","mega_api_error_-9","mega","200","1","Soulfire Revolution","Singles / Otros","MultiTrack-Levántate-Tu Luz Brilla-B","https://mega.nz/file/f6h0XJwK#zOKP6r8mbP7vv244L2eHmQ5c8eTikXVhAHAl2kuOcys"
"not_accessible","mega_api_error_-9","mega","200","1","Soulfire Revolution","Singles / Otros","Aviva - Soulfire revolution","https://mega.nz/file/Hz4CnJhS#yFENdyJIBv95yxvgqEFjCAj5qQcHYDnhaiPdDs1QZl0"
"not_accessible","mega_api_error_-9","mega","200","1","Soulfire Revolution","Singles / Otros","Tu Amor me conquisto - Soulfire Revolution","https://mega.nz/file/qjh03DpY#xBuaMIsaHtRCQkqJF7XTRHufZEUz2-qi9oH-qN9kw7g"
"not_accessible","mega_api_error_-9","mega","200","1","Worship Central","Singles / Otros","5MultiTrack-The Way-Set Apart-Db","https://mega.nz/file/2rgW1bYJ#C8Ca5jW--qrpRdJSGJHBaChMINqDiwui05mbPj1gFXE"
"not_accessible","mega_api_error_-9","mega","200","1","Worship Central","Singles / Otros","2MultiTrack-The Way-Set Apart-Bb","https://mega.nz/file/PugyDLTD#tkz0NqlegUrYOl-5elpZCOgKKaPf_Sfie1lTh_6r3Wg"
"not_accessible","mega_api_error_-9","mega","200","1","Worship Central","Singles / Otros","Worship Central_The way","https://mega.nz/file/6no2kTrL#T4HuPq0jcgAFhgs5aDApr0iAJXFvOExlxT7EpG9C8OA"
"not_accessible","mega_api_error_-9","mega","200","1","Worship Central","Singles / Otros","6MultiTrack-The Way-Set Apart-D","https://mega.nz/file/7uxW0JQR#4MfZ1WQHEbwAPO0zkBaMWoJbuSI3bhY9Lt1ysKKK3cs"
"not_accessible","mega_api_error_-9","mega","200","1","Worship Central","Singles / Otros","4MultiTrack-The Way-Set Apart-C","https://mega.nz/file/G2xwzbgI#KsS3sRoaJwEd6s1Vz_TIFmHl_SNSyvYq3Xb4Ew3ml_g"
"not_accessible","mega_api_error_-9","mega","200","1","Worship Central","Singles / Otros","1MultiTrack-The Way-Set Apart-A","https://mega.nz/file/Hu5CBJCb#fOOUPbjfC56TWodLNBUkCCfMG-OeHE9BU-zY6CQUV2g"
"not_accessible","mega_api_error_-9","mega","200","1","Worship Central","Singles / Otros","3MultiTrack-The Way-Set Apart-B","https://mega.nz/file/WrpGDDSD#FjHLJWZ6tAO-tm9No0_7JeX_tukeaSBUMLg6PcUD76E"
"not_accessible","mega_api_error_-9","mega","200","1","ALVARO LOPEZ Y RESQ BAND","Singles / Otros","La Vida Es Corta-STEMS-Alvaro Lopez","https://mega.nz/file/rq4QSR4A#C7pZpIqe_fXuCFpugh-Pp2CLkABh2nkkWRCmUQ7xTyI"
"not_accessible","mega_api_error_-9","mega","200","1","ALVARO LOPEZ Y RESQ BAND","Singles / Otros","La Cruz STEMS-Alvaro Lopez","https://mega.nz/file/myoSxBAT#N1AxrYcRy7Yh0Pg4YpMNYizHRP6vc9JRBFdwYYl6faw"
"not_accessible","mega_api_error_-9","mega","200","1","ALVARO LOPEZ Y RESQ BAND","Singles / Otros","Creo en ti - Alvaro Lopez & ResqBand - MT","https://mega.nz/file/CvwSgBqY#--S1HBGvZlWcFpKrG8LE97AWisIMfYEIjAMr0zoKVfE"
"not_accessible","mega_api_error_-9","mega","200","1","ALVARO LOPEZ Y RESQ BAND","Singles / Otros","Enamorado - Alvaro Lopez & ResqBand - MT","https://mega.nz/file/mrx0iJRa#zTDBJAggvV6zSsayaL4n6mNhN1-nvbk1669FiHqBxBI"
"not_accessible","mega_api_error_-9","mega","200","1","ALVARO LOPEZ Y RESQ BAND","Singles / Otros","Celebrare - Alvaro Lopez & ResqBand - MT","https://mega.nz/file/euhyVLiR#VvdxpFL9psmqF3ejcOmhygtLPFK9ekw1PVw3TkR6o4I"
"not_accessible","mega_api_error_-9","mega","200","1","ALVARO LOPEZ Y RESQ BAND","Singles / Otros","Es por amor - Alvaro Lopez & ResqBand - MT","https://mega.nz/file/bmgkzBqK#f9517uMEDEiGnSTxQrtT_Cdat_45t02zf1zrpo9RAfc"
"not_accessible","mega_api_error_-9","mega","200","1","ALVARO LOPEZ Y RESQ BAND","Singles / Otros","A Mi Manera STEMS-Alvaro Lopez","https://mega.nz/file/q35wWDBL#U_laYVgtHeXwVrgc3b00fhkeB4hXOel5TWpTUELiXuA"
"not_accessible","mega_api_error_-9","mega","200","1","ALVARO LOPEZ Y RESQ BAND","Singles / Otros","Multitrack - Creo en ti - Sol Detente - Alvaro Lopez","https://mega.nz/file/iuxQCRqC#u7p0qTKvId7a9Gyh2rdtip53yDU-rs8cG2Hh53CY4gY"
"not_accessible","mega_api_error_-9","mega","200","1","ALVARO LOPEZ Y RESQ BAND","Singles / Otros","Multitracks - Sólo tú - Sol detente - Alvaro Lopez & ResqBand","https://mega.nz/file/H2o23LqK#xIz0X8o8nbW5a4pc654FnRjN90m4hm0RCbUQQHzwKdk"
"not_accessible","mega_api_error_-9","mega","200","1","ALVARO LOPEZ Y RESQ BAND","Singles / Otros","Multitrack - Nueva Vida - Sol Detente - Alvaro Lopez & RQB","https://mega.nz/file/mzwWiDhK#szSIFkcxYfqdkp1QRsQ5jE-y-lOxb5C8du_jyrzz-GU"
"not_accessible","mega_api_error_-9","mega","200","1","ALVARO LOPEZ Y RESQ BAND","Singles / Otros","Multitrack - Celebrare - Sol Detente - Alvaro Lopez & RQB","https://mega.nz/file/q65SRZYJ#CR0FUri1QH1qptG-5jHPBU5jKjC8WGOuQggRYEvKknQ"
"not_accessible","mega_api_error_-9","mega","200","1","Epicentro Live","Singles / Otros","Escojo vivir","https://mega.nz/file/y7oklRDZ#lvtcZ6omfM3w24fVS2X66M4FW-YdZQJqtoEIMZRnOD8"
"not_accessible","mega_api_error_-9","mega","200","1","Epicentro Live","Singles / Otros","EpicentroTAEM","https://mega.nz/file/2zp2xZqC#UvBNNw_XjIcZUTbKMSpM-9Z-b-_3HeZrUWGTiQ3IsY8"
"not_accessible","mega_api_error_-9","mega","200","1","Toma tu lugar","Singles / Otros","Al Que Está Sentado en el Trono-Adora a Jesús-A Tonalidad Original","https://mega.nz/file/TupiSJqL#RZfrKEjz8-ZLekJol8aR3NneLj8OWGaJ00MJFgZUrng"
"not_accessible","mega_api_error_-9","mega","200","1","Michael W. Smith","Singles / Otros","You Won't Let Go-Sovereign-B","https://mega.nz/file/jygUEZrR#8o0tu45lCWsXIBgeJl9FixOKvEDfuAo8jB793U7iG4M"
"not_accessible","mega_api_error_-9","mega","200","1","Michael W. Smith","Singles / Otros","[MultiTracks] You Won't Let Go-Sovereign (B) - Michael W. Smith","https://mega.nz/file/62xQgLrY#cF1vmqjSuAV3uEUQCmbpVxJSIB3onlSEByUKlEDDdTo"
"not_accessible","mega_api_error_-9","mega","200","1","New Wine","Singles / Otros","Un encuentro sobrenatural - New Wine - MT","https://mega.nz/file/mjgETZ6K#J-S0Y1CGwJ0IsEDCP_MCcPwWebLHpictoJ1ZWTOziWY"
"not_accessible","mega_api_error_-9","mega","200","1","New Wine","Singles / Otros","Movimiento de Gloria  - New Wine - MT","https://mega.nz/file/y6xWWZ7C#2lQjfzSe8JMi-nXcfpiZ-3lEausJmGQm3V_dN-ZzA94"
"not_accessible","mega_api_error_-9","mega","200","1","New Wine","Singles / Otros","Una Alabanza Caminando - New Wine - 154 bpm (SEC)","https://mega.nz/file/6v5ygD6A#l5S_xooGtZUggvG4YB_DJix8Mn6EHRfBFySNmf1Nxf8"
"not_accessible","mega_api_error_-9","mega","200","1","New Wine","Singles / Otros","Sube, sube, sube - New Wine - MT","https://mega.nz/file/324UQBTb#mOXhFTrz61C8D4AK9JzE-p7a9J61Ks_9wE2ltlifKwg"
"not_accessible","mega_api_error_-9","mega","200","1","New Wine","Singles / Otros","Jesus Mesias - New Wine - MT","https://mega.nz/file/3zpCkT6I#-PkWIVlYitFUjXCuUNIPCTFHFr9mmKfCPGiro4ymrMs"
"not_accessible","mega_api_error_-9","mega","200","1","New Wine","Singles / Otros","SeQ Soberano (New Wine )By Nuni","https://mega.nz/file/HuxWUTIL#ZESvHxBBlyvUYjhNPyXO49B6sKMdU6IRGihAa0ysV0A"
"not_accessible","mega_api_error_-9","mega","200","1","New Wine","Singles / Otros","Sube sube sube 156 bpm Project","https://mega.nz/file/j74mFZwS#Kh3RskjqEgV3WlJ32i1ZWp5gzTJ3pPXxVxLw-Uwu6-o"
"not_accessible","mega_api_error_-9","mega","200","1","Steven Curtis","Singles / Otros","Multitrack - Steven Curtis Chapman - One True God","https://mega.nz/file/Pr4SzL4C#91jpeo0tuOtsqJ30_HsQRVxH5IQu8GFH6JyWGZ7FKbA"
"not_accessible","mega_api_error_-9","mega","200","1","Steven Curtis","Singles / Otros","One True God-Worship and Believe-C","https://mega.nz/file/X6gCwbpB#50GNkRcl3hDPFIffXxuscmlATsOTg42zgkqeGx9hHcI"
"not_accessible","mega_api_error_-9","mega","200","1","Matt Redman","Singles / Otros","[MultiTracks]  1000 Reasons - Matt Redman","https://mega.nz/file/7ygkAJAJ#pVxVgiO5qUaUAApGpS12CqPZ5hTPOOP9nOxUyEiuALM"
"not_accessible","mega_api_error_-9","mega","200","1","Matt Redman","Singles / Otros","Matt Redman - It Is Well With My Soul","https://mega.nz/file/ai4AjJLZ#bjAdyQw2kbiyi1yuCZ2apcOCMLnFBbOyMsjALsUCf8E"
"not_accessible","mega_api_error_-9","mega","200","1","Matt Redman","Singles / Otros","Somos Libre ( WE ARE THE FREE) - MATT REDMAN","https://mega.nz/file/bmoUHDCL#uHtOYBD3tBOs8CPAFLuFfPNw5c9emXt4HCjFWTotezM"
"not_accessible","mega_api_error_-9","mega","200","1","Matt Redman","Singles / Otros","1000 Reasons - Matt Redman","https://mega.nz/file/azhAVbBY#pVxVgiO5qUaUAApGpS12CqPZ5hTPOOP9nOxUyEiuALM"
"not_accessible","mega_api_error_-9","mega","200","1","Matt Redman","Singles / Otros","We Are Free - Matt Redman","https://mega.nz/file/anp22RTR#5k3zREEF6FY-oKXbtyVvXxX4EFYLqNXDuoQepU3EwFQ"
"not_accessible","mega_api_error_-9","mega","200","1","Matt Redman","Singles / Otros","[MultiTracks] We Are Free - Matt Redman","https://mega.nz/file/njh2iLrb#5k3zREEF6FY-oKXbtyVvXxX4EFYLqNXDuoQepU3EwFQ"
"not_accessible","mega_api_error_-9","mega","200","1","Matt Redman","MT Here For You - Matt Redman / MultiTracks","85 44","https://mega.nz/file/T3pyhTQZ#kXL6_ee2fyo2bi-hfWM8I_F3UDJcINDlrUzxLZ0MuPg"
"not_accessible","mega_api_error_-9","mega","200","1","Thalles Roberto","Singles / Otros","01 MultiTrack-Dios de Mi Vida-Dios Me Ama-F","https://mega.nz/file/jz5yhbCB#u2vXrEXq_xe1N7kSEOvhr2H986dHL1sWPLyWmHmK8qs"
"not_accessible","mega_api_error_-9","mega","200","1","Thalles Roberto","Singles / Otros","01 MultiTrack-Dios de Mi Vida-Dios Me Ama-D","https://mega.nz/file/P2h2HBbS#7HFq3rUxgwopcBzdmsElL0EV8WB1WqbjKv6NE_PWwNg"
"not_accessible","mega_api_error_-9","mega","200","1","Thalles Roberto","Singles / Otros","MultiTrack-Hazme Vivir-Dios Me Ama-F","https://mega.nz/file/mmhAjLCC#9MRg5X5fOrhakI9TTkVUSBPVefsyBf7FdTTVfNvH3ws"
"not_accessible","mega_api_error_-9","mega","200","1","Thalles Roberto","Singles / Otros","MultiTrack-Arde Otra Vez-Dios Me Ama-Bm","https://mega.nz/file/HrwC3Dib#-oFobKBd_yCKiRteyl6b1P1ENbijrW9Sc34E8eEvbfQ"
"not_accessible","mega_api_error_-9","mega","200","1","Thalles Roberto","Singles / Otros","MultiTrack-Yo Elijo a Dios-Dios Me Ama-G","https://mega.nz/file/3ug02RwJ#YuZx6Rjn-EyVvc3qygL4xGICzZvpP85tdvIz8iWHUrA"
"not_accessible","mega_api_error_-9","mega","200","1","Thalles Roberto","Singles / Otros","MultiTrack-Escrita por el Dedo de Dios-Dios Me Ama-G","https://mega.nz/file/bzpUzZjB#mIg_BaAJ9ug2Fvk0iQkb3VsHy3Uo8EyLazSB-YU971k"
"not_accessible","mega_api_error_-9","mega","200","1","Thalles Roberto","Singles / Otros","MultiTrack-Dios Me Ama-Dios Me Ama-A","https://mega.nz/file/b3hinLoJ#cN7KqiGkTRlROsyP_bFW940zeyZmY7320uz68lZJze0"
"not_accessible","mega_api_error_-9","mega","200","1","Thalles Roberto","Singles / Otros","MultiTrack-Arde Otra Vez-Dios Me Ama-C#m","https://mega.nz/file/HjoARbQK#cREHAVSraFn49Re4tcfauwXljdOixW54wnWEZuAQ7Co"
"not_accessible","mega_api_error_-9","mega","200","1","Thalles Roberto","Singles / Otros","MultiTrack-Lleno del Espirítu Santo-Dios Me Ama-A","https://mega.nz/file/zig0VJAB#4aSIMGLvYcATs46OlxICs3_CJbPRyNam9IiaerBt0VM"
"not_accessible","mega_api_error_-9","mega","200","1","Thalles Roberto","Singles / Otros","Dios me ama - Talles Roberto - MultiTrack","https://mega.nz/file/6nxyCTbC#DYOoysxOMhc0k76NCmqRZhNTpr_KYXCyX3zJtO7ygmk"
"not_accessible","mega_api_error_-9","mega","200","1","Thalles Roberto","Singles / Otros","7MultiTrack-Hijo Mío-Dios Me Ama-E","https://mega.nz/file/qio0gbDC#k_hacSuwYy5PNd6GbzhSfUcmeMFjANK3nv4aDuj5pE0"
"not_accessible","mega_api_error_-9","mega","200","1","Thalles Roberto","Singles / Otros","1MultiTrack-Hijo Mío-Dios Me Ama-Bb","https://mega.nz/file/Gy42jB4A#jKc3DvFp9vPURlzLga2cWlwDi2jaSpvGVPLWr4Hzz6M"
"not_accessible","mega_api_error_-9","mega","200","1","Thalles Roberto","Singles / Otros","8MultiTrack-Hijo Mío-Dios Me Ama-F","https://mega.nz/file/bm5wgJKI#VbxdZfJlVWJi9kRlvtiWvF5Ra7z7deR_rFtyIn8EOxg"
"not_accessible","mega_api_error_-9","mega","200","1","Thalles Roberto","Singles / Otros","6MultiTrack-Hijo Mío-Dios Me Ama-Eb","https://mega.nz/file/vnoElBjS#meI80zxkbxyAZcY5xM9EPrNb24dPA4ovKf0OlyNhSLk"
"not_accessible","mega_api_error_-9","mega","200","1","Thalles Roberto","Singles / Otros","3MultiTrack-Hijo Mío-Dios Me Ama-C","https://mega.nz/file/umggTDBR#EAa5XrSyetoKZ1LlJCa5G5y-DfI0EvW2pPT0cxEEVmI"
"not_accessible","mega_api_error_-9","mega","200","1","Thalles Roberto","Singles / Otros","4MultiTrack-Hijo Mío-Dios Me Ama-Db","https://mega.nz/file/T7owBbJJ#NrMMnnDnqn2SOAKaCeAcPoxkzf2Mgi78-qvkbhpnUjM"
"not_accessible","mega_api_error_-9","mega","200","1","Thalles Roberto","Singles / Otros","2MultiTrack-Hijo Mío-Dios Me Ama-B","https://mega.nz/file/uzpixDrY#sERQsOUI0OZ5_iHEkvDjAqpVZ7m1GHb6qrNO74b066s"
"not_accessible","mega_api_error_-9","mega","200","1","Thalles Roberto","Singles / Otros","5MultiTrack-Hijo Mío-Dios Me Ama-D","https://mega.nz/file/fqpAHb7S#SPHHJhUjzdHCRTi4plZL-Ktgk9lh4xXfFuZvwu5wT4o"
"not_accessible","mega_api_error_-9","mega","200","1","Thalles Roberto","Singles / Otros","Thalles Roberto - Dios de Mi Vida F","https://mega.nz/file/y24WhZTT#qsQKVSL7d4ArquDC5cr1TvcLbhJ28yVl9CDTxJlLqX8"
"not_accessible","mega_api_error_-9","mega","200","1","Thalles Roberto","Singles / Otros","MultiTrack-Ya Intente Comprender-Dios Me Ama-E","https://mega.nz/file/Syo01BJQ#_5CfBCttnHc-14s7bttP-mXdaqmgARbr9Kv3tImi1WY"
"not_accessible","mega_api_error_-9","mega","200","1","Thalles Roberto","Singles / Otros","Dios de mi vida 104bpm Project","https://mega.nz/file/ryxmWLjC#q1zhOAkBfKZKOUyHhodt6sNek6m3aYyuB6Nx5WiZxMs"
"not_accessible","mega_api_error_-9","mega","200","1","Thalles Roberto","Singles / Otros","Dios me ama 148bpm Project","https://mega.nz/file/T3hQhRqb#T4cy312lYL1S3UlWrWMZZkLSFxkEqpt0hYRSEJlyIBU"
"not_accessible","mega_api_error_-9","mega","200","1","ZYX Worship","Singles / Otros","MultiTrack-Creo Más-Reinas (Live)-B","https://mega.nz/file/HioWXDST#vUJCSK4FGejNoZQglWzQHTn9bo5QTkIedlt3vo3xdWw"
"not_accessible","mega_api_error_-9","mega","200","1","ZYX Worship","Singles / Otros","SUBE SUBE -NEW WINE 161 BPM","https://mega.nz/file/73gWWSwR#k7QLO3a7Pb6AanQw_FjFTEWS7bU05yD2DPLX5uUijL4"
"not_accessible","mega_api_error_-9","mega","200","1","Navidad","Singles / Otros","Venid fieles todos - Marcos Witt - MT","https://mega.nz/file/yrA0FDYY#yd6pJPDcCghkX_atOX2Lbel4o1I8Kr2vydzJh9cr8gg"
"not_accessible","mega_api_error_-9","mega","200","1","Navidad","Singles / Otros","Es Navidad - Marcos Witt - MT Original","https://mega.nz/file/j7ZFibBa#rXBSgBj-ZKpMJGmYlxCng3Eh3J29xIKwlLSDmk1ueMQ"
"not_accessible","mega_api_error_-9","mega","200","1","Navidad","Singles / Otros","Suenen Dulces Himnos - Marcos Witt - MT","https://mega.nz/file/nuQnlR5S#4Z9wAjG1VcbyB4-iOUxb-IYKm6dWH8Qg-c2NIrbhpbk"
"not_accessible","mega_api_error_-9","mega","200","1","Navidad","Singles / Otros","Venid y Adoremos - O Come All Ye Faithful","https://mega.nz/file/WmQTUZwT#T-UfWwkd9MBjWZqo4wkIV8tOLczp_ccuY6ur_wjkkQE"
"not_accessible","mega_api_error_-9","mega","200","1","MercyMe","Singles / Otros","I Can Only Imagine - MercyMe - MultiTrack","https://mega.nz/file/G6xSXLKY#e92eTAocMABw3pl2GkcQ3KTF8oqxeJPkdoEUiIqd9PI"
"not_accessible","mega_api_error_-9","mega","200","1","Aliento","Singles / Otros","Aliento- Me Liberto (C) 134 bpm","https://mega.nz/file/uzgUmTya#5FfgXbYHFngsJkKYpY0a7JRuMXwa0nVMu7L6kVVSm9k"
"not_accessible","mega_api_error_-9","mega","200","1","Hillsong","Singles / Otros","As I Am - Hillsong Young & Free - Bb - 4.4 - 60.00bpm","https://mega.nz/file/n2oQjLzL#W88c1mv78vlwY1jCu2zAVSM7vWXteJ4vpF55pLfwChE"
"not_accessible","mega_api_error_-9","mega","200","1","Hillsong","Singles / Otros","New Wine-There Is More-A","https://mega.nz/file/vypwzboK#E24-hWAMJoSpgPiKQiQK2ZaiDcMPHQUGPSG_MlfUcwQ"
"not_accessible","mega_api_error_-9","mega","200","1","Hillsong","Singles / Otros","Cornerstone - Hillsong Worship - MultiTrack","https://mega.nz/file/fugWHbZS#SyIr9MoKOujNmxprnUuNsEWD-9X4zGuuqy3MgqXdHzM"
"not_accessible","mega_api_error_-9","mega","200","1","Hillsong","Singles / Otros","Your name high - Hillsong Worship - MultiTrack","https://mega.nz/file/rnwSBRIY#83XV7tPhIp9jEOLNX8cz52vV513nI6T62BGjvdIS8SQ"
"not_accessible","mega_api_error_-9","mega","200","1","Hillsong","Singles / Otros","Hosanna - Hillsong Worship - MultiTrack","https://mega.nz/file/XqhkBLID#1jmBeG621Zmayz_lbqvZ9HOcpG_br81wQ1T35AVyeXc"
"not_accessible","mega_api_error_-9","mega","200","1","Hillsong","Singles / Otros","Oceanos - Hillsong - MultiTracks","https://mega.nz/file/ynwCURxJ#YwVXabcl5YrCFTh299Gy2C6lLJJVQLKgHwDuY0X4j74"
"not_accessible","mega_api_error_-9","mega","200","1","Hillsong","Singles / Otros","Running - Hillsong Worship - MultiTrack","https://mega.nz/file/O3xGWRwB#sQNpbqzKwfG5-cD5nz3itcQTh6lLTeYSKEuqQk7A7as"
"not_accessible","mega_api_error_-9","mega","200","1","Hillsong","Singles / Otros","We stand - Hillsong United","https://mega.nz/file/2n4iUbqb#LKP8TUN5Ahoych8HrwkzBhyGtOPgpvboPcDfD4uUCRE"
"not_accessible","mega_api_error_-9","mega","200","1","Hillsong","Singles / Otros","With Everything - Hillsong Worship - MultiTrack","https://mega.nz/file/3u5UyZDS#oIyfw4mKfJuzfNNqpWpLW_yEPnIjTIhDPI4dYL4CvCI"
"not_accessible","mega_api_error_-9","mega","200","1","Hillsong","Singles / Otros","At The Cross-The Very Best of Hillsong Live (E)","https://mega.nz/file/Dmx0yJzL#a7SB7ZiIat9U3laGo_C44zOvEnQPL2VSrkV0aVpy68o"
"not_accessible","mega_api_error_-9","mega","200","1","Hillsong","Singles / Otros","En Esto Creo (El Credo) - Hillsong 71bpm (C)","https://mega.nz/file/mu5WmbbQ#rTVBQAPUjDnxZqOblj277k_DMOv70GQzVSsp1-gQVIk"
"not_accessible","mega_api_error_-9","mega","200","1","Hillsong","Singles / Otros","[MultiTracks] Alive - Hillsong Y&F","https://mega.nz/file/qr5SEZBS#WijPuVKpYLpmkr9C4NbIRUyoZ7m25iAQYP6UxflSxfc"
"not_accessible","mega_api_error_-9","mega","200","1","Hillsong","Singles / Otros","[MultiTracks] Oceanos - Hillsong","https://mega.nz/file/KzgkAb5Z#pbv30FZg_dgdCqNQob5jLmIfkRXZ30OuQIXE2zp_n_0"
"not_accessible","mega_api_error_-9","mega","200","1","Hillsong","Singles / Otros","Hillsong Worship_Transfiguration-C","https://mega.nz/file/OnpWEZ4L#AuXvEJQU8GdcIVUSkvSXf_IDu-p15Y3wd7MpzfPFg1g"
"not_accessible","mega_api_error_-9","mega","200","1","Hillsong","Singles / Otros","MultiTrack-For Who You Are-Supernatural-E","https://mega.nz/file/OmpinLzK#QhL27BxwOcpk75jl0XmN2PrUItyZi5rz_iikJ5MIEZU"
"not_accessible","mega_api_error_-9","mega","200","1","Hillsong","Singles / Otros","Hillsong - Born Is The King","https://mega.nz/file/fuwGBBwT#Djn0wN6dDA5YAqukRqF4t5tzpWuxQc7KSAKPeVgpWFs"
"not_accessible","mega_api_error_-9","mega","200","1","Hillsong","Singles / Otros","Hillsong - Love is war","https://mega.nz/file/WrpknTyZ#6IOLM4m3Ab8fOTJtOd-GHSaVe70obsRwNe7JFVxfZeE"
"not_accessible","mega_api_error_-9","mega","200","1","Hillsong","Singles / Otros","MultiTrack-Behold (Then Sings My Soul)-Let There Be Light-B","https://mega.nz/file/Pj52SJaC#MX_RmB5lxS0N5yIpD9MiEMu35WaVjuJ8TcPAQfI-kM4"
"not_accessible","mega_api_error_-9","mega","200","1","Hillsong","Singles / Otros","MultiTrack-Run-This Is Our God-Hillsong","https://mega.nz/file/CmpWmRwL#RtBVIR_-YT8AYF3sj1_yL5nZxyRIn8NJpi5iVDZD9H8"
"not_accessible","mega_api_error_-9","mega","200","1","Hillsong","Singles / Otros","Hillsong _Dios es Poderoso - B - 79","https://mega.nz/file/SypAUZLY#roOmv-cZ8FkD6j44nbfJ0hGTbIf_c298mOVi7DcQ7Ts"
"not_accessible","mega_api_error_-9","mega","200","1","Hillsong","Singles / Otros","Hillsong Worship - No Other Name","https://mega.nz/file/yrxGGRrS#D5vVpwInFdxb1K2cfQmJQreEa7yOFEA6UD0dW6XKqbo"
"not_accessible","mega_api_error_-9","mega","200","1","Hillsong","Singles / Otros","MultiTrack-Here As In Heaven-Here As In Heaven-D","https://mega.nz/file/G6pWQRqJ#ynlx84coPwV_NbB7sdvNAasgc3gvNAw7bp93OKCc7-A"
"not_accessible","mega_api_error_-9","mega","200","1","Hillsong","Singles / Otros","Your name high","https://mega.nz/file/m7ggGBCA#RtBVIR_-YT8AYF3sj1_yL5nZxyRIn8NJpi5iVDZD9H8"
"not_accessible","mega_api_error_-9","mega","200","1","Hillsong","Singles / Otros","H - At The Cross","https://mega.nz/file/73gU0BgD#k7z4n66vbn9eARraqcLDUK7gWIwC5BZzJrqNdVDRx_E"
"not_accessible","mega_api_error_-9","mega","200","1","Hillsong","Singles / Otros","H - Cornestone","https://mega.nz/file/qygUnDLA#Sfh3ySZvxSjzRv12nep6DaEityeyYU_pUcjpBfIi190"
"not_accessible","mega_api_error_-9","mega","200","1","Hillsong","Singles / Otros","HYF - Where You Are","https://mega.nz/file/z3hylTIA#xO4KWqxaztPzhHzfB7UtNPPQAHr0FZPRvWBIHMYdowM"
"not_accessible","mega_api_error_-9","mega","200","1","Hillsong","Singles / Otros","HW - Hosanna","https://mega.nz/file/TmgkwLBL#5Up4lhUsxmUow4yC0xQ4CsTNTL-vEsEmMFtpkif_574"
"not_accessible","mega_api_error_-9","mega","200","1","Hillsong","Singles / Otros","You Hold me Now","https://mega.nz/file/mzwWVZxR#yLaGOD-bUlBdQAJwa7WLSGivQBEf-N41hZU0DwkepwQ"
"not_accessible","mega_api_error_-9","mega","200","1","Hillsong","Singles / Otros","[MultiTracks] At The Cross-The Very Best of Hillsong Live (E)","https://mega.nz/file/72okgZCQ#a7SB7ZiIat9U3laGo_C44zOvEnQPL2VSrkV0aVpy68o"
"not_accessible","mega_api_error_-9","mega","200","1","Hillsong","Singles / Otros","Oceanos Project","https://mega.nz/file/Gn5CyLoC#ddrVOBxmkCf4iG3L3mPYWXvbXTDnsCpSgGJWG0Rddww"
"not_accessible","mega_api_error_-9","mega","200","1","Hillsong","Singles / Otros","Alive FB","https://mega.nz/file/OvwymTDL#h8ruj3639u4IcvLZFpHrm8hXpVkuYSrT91sTiM5Yutg"
"not_accessible","mega_api_error_-9","mega","200","1","Hillsong","Singles / Otros","Who You Say I Am - Hillsong Worship - MT","https://mega.nz/file/C34SFTTI#F5pppTRWtlQL8aj46kIJp4qVNb11_0xFRRN5W8taAp4"
"not_accessible","mega_api_error_-9","mega","200","1","Hillsong","Singles / Otros","Tu Mereces - Hillsong - MT","https://mega.nz/file/TnpEDBYB#TIbuoInx17UamUfMWz5teFQv4cXYFwKYydMefy4V5kI"
"not_accessible","mega_api_error_-9","mega","200","1","Hillsong","Singles / Otros","Good Grace - Hillsong - MT","https://mega.nz/file/LqgiwDYQ#WQWj517QvhgEyd3IvoOsgnCxUNeio83jHNh7rK2iEA4"
"not_accessible","mega_api_error_-9","mega","200","1","Hillsong","Singles / Otros","Real Love - Hillsong Y_F - MultiTrack","https://mega.nz/file/z7pgmRBT#FJvp2l3tRdBZhepHTS0t8LKwi9jweefVMYhJs8eI_Sw"
"not_accessible","mega_api_error_-9","mega","200","1","Hillsong","Singles / Otros","What a Beautiful Name - Hillsong Worship - MultiTrack","https://mega.nz/file/Pqp01ZSD#IcnSEfGCv6ZOKkHlutFZbBGRb0qbLN0YMz1qSrsEcYk"
"not_accessible","mega_api_error_-9","mega","200","1","Hillsong","Singles / Otros","So Will I - Hillsong MULTITRACK Project","https://mega.nz/file/LvwmgTpY#vTG8xv8VU1vrJt8ayS1AbU40sx2BjlnT9ARP8MhUOsA"
"not_accessible","mega_api_error_-9","mega","200","1","Hillsong","Singles / Otros","MultiTrack-No Reason To Hide-No hay motivo para ocultar - adoración de hillsong","https://mega.nz/file/DvpCnLqI#FEt7NOLId2DHTPOe5WoY5AVmIEd42aYVPxp6nTC1Cuk"
"not_accessible","mega_api_error_-9","mega","200","1","Hillsong","Singles / Otros","Multitrack - Man Of Sorrows - Aquella Cruz - Hillsong Live","https://mega.nz/file/q7wWQBLS#uXPpQBPfxrHq_LW_Z9FPadX8lE_-mQzv9fABmQXDrqI"
"not_accessible","mega_api_error_-9","mega","200","1","Hillsong","Singles / Otros","MultiTrack-Salvation Is Here-The Very Best of Hillsong Live-B","https://mega.nz/file/uv5QAJwb#K6uvdTCbMScOS5FxCd5qu0H42BeZ05QIXiWfIf3HfwM"
"not_accessible","mega_api_error_-9","mega","200","1","Hillsong","Singles / Otros","Multitrack - Con El Cielo - Hillsong Worship - el eco de su voz español","https://mega.nz/file/qigU1DYR#U_psjN0-duxs3ZvfiOvClZMfXpNxgLyU53gxFRsH3ik"
"not_accessible","mega_api_error_-9","mega","200","1","Hillsong","Singles / Otros","Multitrack - Cubierto Por Las Aguas (Beneath The Waters) - Hillsong","https://mega.nz/file/Cqw0kJCY#ki03uLE6rtNCU0a8bRuF2UyolqRuk7ll0IYWZQ8KS44"
"not_accessible","mega_api_error_-9","mega","200","1","Hillsong","Singles / Otros","Multitrack - Worthy is the lamb (Digno es el señor) HILLSONG WORSHIP","https://mega.nz/file/inwExDAb#qFvb-lICKMM9uAjzlYHbTNIiC8VcfZ8_r9ECxP6PgPc"
"not_accessible","mega_api_error_-9","mega","200","1","Hillsong","Singles / Otros","God You Reign-Live From Faith Life Church-D","https://mega.nz/file/Gu40RTpJ#iUf3W-gFlyDsGuOtQB_Fz6tb9xwKcx2biwrrdVrD9U4"
"not_accessible","mega_api_error_-9","mega","200","1","Hillsong","Singles / Otros","Alive_HY&F (E) Project","https://mega.nz/file/vm5UzLSR#fXcYK-LXJr_P9vPok6050N2WWjYl__7IArPXhaDpN8c"
"not_accessible","mega_api_error_-9","mega","200","1","Hillsong","Singles / Otros","RESPLADECE (Brighter) 120bpm Project","https://mega.nz/file/Sj5ATByL#hY67PEfzS21BMSWwXbNpznGVjvfBpYCbwFzqTMY1fbA"
"not_accessible","mega_api_error_-9","mega","200","1","Hillsong","Singles / Otros","Wake","https://mega.nz/file/Xr42WT7Q#mySeSJPG7k7Aq4pJBEiLq8ULnrIC2Jphcp6dbluSuYU"
"not_accessible","mega_api_error_-9","mega","200","1","Hillsong","Singles / Otros","vida tu me dás 128bpm E Project","https://mega.nz/file/Hv4SGT4C#JeUsOSMmfNPUfLEGTCSGlP8ER84bHLJypydSSawqrAI"
"not_accessible","mega_api_error_-9","mega","200","1","Hillsong","Singles / Otros","The Stand -  A","https://mega.nz/file/2zoGyTBQ#qdcRaY5oisoIJ7Zd3qeXpSw0RkWsPG2KfHczdlJ6sRs"
"not_accessible","mega_api_error_-9","mega","200","1","Hillsong","Singles / Otros","Vivo Estás","https://mega.nz/file/ujwilTZS#Ft_qsUQrpHK0JFFnuFpEBfE3DgCPr5mk1OXfMvL1f_E"
"not_accessible","mega_api_error_-9","mega","200","1","Hillsong","Singles / Otros","Hillsong -Noel-The Peace Project-B","https://mega.nz/file/Tio0jRTQ#OzzAvTX7E0m4FsH2kmkdGFoiEXX7A2QjlU5zvyHbrws"
"not_accessible","mega_api_error_-9","mega","200","1","Hillsong","Singles / Otros","Glorius Ruins Multitrack","https://mega.nz/file/Cn5ECTST#dHrNvDZRmGRWCJ9RN59Z-hM5L7nFhWQDZ92MpdIYpIk"
"not_accessible","mega_api_error_-9","mega","200","1","Hillsong","Singles / Otros","Forever Reign C- 83 bpm","https://mega.nz/file/Lyom2JrT#L7pcC_pk3npNDiB_SEP5reRxJITPtwsz_vPerGu9liU"
"not_accessible","mega_api_error_-9","mega","200","1","Hillsong","Singles / Otros","MultiTrack-Victory-No Other Name (DVD)-G","https://mega.nz/file/22owwZZK#QDKHnDkOpoyea4xDnJ52yMircYuIGTHLY6ENdS_uVVk"
"not_accessible","mega_api_error_-9","mega","200","1","Hillsong","Singles / Otros","MultiTrack-Love On the Line-OPEN HEAVEN - River Wild-Eb","https://mega.nz/file/G3wEWRDQ#N55JoDSowKYzt6ectb7AfBPaBRdVs7wqsvrs4iw0_w0"
"not_accessible","mega_api_error_-9","mega","200","1","Hillsong","Singles / Otros","MultiTrack-This Is Our God-This Is Our God-E","https://mega.nz/file/fm40mJzD#ScSvN2YvSX-m_MydlH-D1YvMFsU5m4bv-vMPz2hamPo"
"not_accessible","mega_api_error_-9","mega","200","1","Hillsong","Singles / Otros","Lead me to the Cross - Hillsong - (Solo Loop )","https://mega.nz/file/L35iQBDL#HuZgzCK2ticQxQcfUgxOP_czfrFi244bN3Z-VYVxpso"
"not_accessible","mega_api_error_-9","mega","200","1","Hillsong","Singles / Otros","Hillsong - Christ is Enough","https://mega.nz/file/HqoAUJAK#1JvmWRCu15W8eyhIXRBplSQvVto9r1FUnUFcWKeOaxM"
"not_accessible","mega_api_error_-9","mega","200","1","Hillsong","Singles / Otros","Hillsong Y&F - The Stand - A","https://mega.nz/file/Ovw2XLSR#qdcRaY5oisoIJ7Zd3qeXpSw0RkWsPG2KfHczdlJ6sRs"
"not_accessible","mega_api_error_-9","mega","200","1","Hillsong","Singles / Otros","HY&F - Pursue","https://mega.nz/file/OnpWiBQK#deaur3kw3bPE3K0A3gF5MMCE_TpoAbPX-_EAcCYowlA"
"not_accessible","mega_api_error_-9","mega","200","1","Hillsong","Singles / Otros","HW - Victory","https://mega.nz/file/nnwUSBoR#xEXgWZ3ZkKr6WEtuexlJQONgjYHjknnsUlYEm7oY2k0"
"not_accessible","mega_api_error_-9","mega","200","1","Hillsong","Singles / Otros","Tu Amor No Se Rinde Hillsong United (Remix)","https://mega.nz/file/eig2WLAR#JMfqJHNhrSElAeAmkSWv5t_b0UrrpPHBX2p_InXDfv0"
"not_accessible","mega_api_error_-9","mega","200","1","Hillsong","Singles / Otros","At The Cross","https://mega.nz/file/zv5UHBQS#k7z4n66vbn9eARraqcLDUK7gWIwC5BZzJrqNdVDRx_E"
"not_accessible","mega_api_error_-9","mega","200","1","Hillsong","Singles / Otros","Running-HillsongLiVe","https://mega.nz/file/DyhUQZYZ#8cvxJll3MzSVuKgjsufX1UXRciAlY7PG5Xn8dgq67lw"
"not_accessible","mega_api_error_-9","mega","200","1","Hillsong","Singles / Otros","Glow","https://mega.nz/file/Gjx2ETyb#YspRFLvD_5mIMSaZjOaizlKEHjT99afroJzpvN6zKAs"
"not_accessible","mega_api_error_-9","mega","200","1","Hillsong","Singles / Otros","Heaven and Earth-No Other Name-E Project","https://mega.nz/file/mj4GxDRR#cgvr2XFXOZlrhu-ddcgzGOY_Zcr_96jB7rxJwsKycPE"
"not_accessible","mega_api_error_-9","mega","200","1","Hillsong","Singles / Otros","Where You Are-Youth Revival-B Project","https://mega.nz/file/q6hCnBjK#T2nsZAv1GShGqoNEFN7nZt4jMLlrDgK_Lix6T5lRY3w"
"not_accessible","mega_api_error_-9","mega","200","1","Hillsong","Singles / Otros","God is able - B - 79","https://mega.nz/file/XqxGRRpZ#roOmv-cZ8FkD6j44nbfJ0hGTbIf_c298mOVi7DcQ7Ts"
"not_accessible","mega_api_error_-9","mega","200","1","Hillsong","Singles / Otros","NOEL NOEL","https://mega.nz/file/au5EQZ7B#JWmcJHTvqrVZ6VIbgly549dlJajNK2DplivtWrlk0cg"
"not_accessible","mega_api_error_-9","mega","200","1","Hillsong","Singles / Otros","Victory-No Other Name G","https://mega.nz/file/ur5klB7K#X4b-twNBscK86Amm-pk0e85uiTV4Te3S-USU6JX-76U"
"not_accessible","mega_api_error_-9","mega","200","1","Hillsong","Singles / Otros","Oceans (Where Feet May Fail)","https://mega.nz/file/W7w0XJqC#x26PGSV1ps54P1lOiXms1buJbHVQQwRCWdGhIKsqR4U"
"not_accessible","mega_api_error_-9","mega","200","1","Hillsong","Singles / Otros","Vida tu me das por DiegoGarzón","https://mega.nz/file/7ygChToY#B4sA7p2dhU4DCPeqpf3XssSCql533P1-ql6Wk8JXrsM"
"not_accessible","mega_api_error_-9","mega","200","1","Hillsong","Singles / Otros","I Surrender - Hillsong Live","https://mega.nz/file/f6g2TRgS#ygOuBxxfv1-elLAnXQthVUvPVeGc1N1LGMD-YaWzG7s"
"not_accessible","mega_api_error_-9","mega","200","1","Hillsong","Singles / Otros","REAL LOVE Hillsong","https://mega.nz/file/66oGybDZ#BWAhd_-DQ6TP1kqzc91pJBnz-I7ErwvHAdq60bBIkq8"
"not_accessible","mega_api_error_-9","mega","200","1","Hillsong","Singles / Otros","Mighty to Save","https://mega.nz/file/y7x0nZyK#TfHHzCd6hoBw8p45eT5mxXVF65Bv_IbRTKKDMEZPL00"
"not_accessible","mega_api_error_-9","mega","200","1","Hillsong","Singles / Otros","Sinking Deep - Hillsong","https://mega.nz/file/z2wEADQB#Q95CwUsv1_PPjvwp1WmqwGoLvdop8_stKxCesV2EWqs"
"not_accessible","mega_api_error_-9","mega","200","1","Hillsong","Singles / Otros","Where The Spirit Of The Lord Is (Hillsong LIVE 104 bpm) (ORIGINAL)","https://mega.nz/file/bjp2AZQC#tjizjoO0chigFAMLbBcIaZEXoaEh2rFMGHtZmh_Cd1c"
"not_accessible","mega_api_error_-9","mega","200","1","Hillsong","Singles / Otros","en la cruz - At The Cross-The Very Best of Hillsong Live-E","https://mega.nz/file/LrpGxLqD#fY00i3yYsJJqILY3ad_imib9nY2-z1O4WoKMu87yqnY"
"not_accessible","mega_api_error_-9","mega","200","1","Hillsong","Singles / Otros","Touch the sky- (A) Multitrack","https://mega.nz/file/qqhWHTpA#mb2wK1TQugdKHgSE3HZknvsPY7GkJhEQxj93NdofpfA"
"not_accessible","mega_api_error_-9","mega","200","1","Hillsong","Singles / Otros","This Is Livings Multi","https://mega.nz/file/un5iCBLR#2dZRipwUp4mpZob_Lgy3e28070wG5ny6Ig5dvTFCKRQ"
"not_accessible","mega_api_error_-9","mega","200","1","Hillsong","Singles / Otros","Multitrack - Hillsong - Grace to Grace","https://mega.nz/file/Pv4CHDhZ#Vo6i_7fzin-AhwdOkrfIYygfRYaAStLnbu189n6iOi0"
"not_accessible","mega_api_error_-9","mega","200","1","Hillsong","Singles / Otros","Por Ti - Hillsong Global Project com Diante do Trono","https://mega.nz/file/zi5mmT7S#qfZ_iJmcAYlqYq9ByDKRzinc2Y2XV2FmaM_WGV2Ezbo"
"not_accessible","mega_api_error_-9","mega","200","1","Hillsong","Singles / Otros","Multitrack Depths (Eternamente) - Hillsong Worship","https://mega.nz/file/uipUXTRT#b4QvQxRRdLECMcc3lexqvAXxNYYD0rbaeyG1LNM13lk"
"not_accessible","mega_api_error_-9","mega","200","1","Hillsong","Singles / Otros","Multitrack Real Love HILLSONG mp3","https://mega.nz/file/iipCRb5B#mQHTGdqsZxJfGeRSw1LvwD-qPLb-37r4yYq6JymqF8U"
"not_accessible","mega_api_error_-9","mega","200","1","Hillsong","Singles / Otros","Hillsong Worship - One Thing - C - 113","https://mega.nz/file/O3pixBbK#AOjWg8B7pWyDW0bfwEfMcQ9igOm8ZBAPzUC9inqQW4w"
"not_accessible","mega_api_error_-9","mega","200","1","Hillsong","Singles / Otros","Hillsong - Transfiguration-C","https://mega.nz/file/37gWFBaD#AuXvEJQU8GdcIVUSkvSXf_IDu-p15Y3wd7MpzfPFg1g"
"not_accessible","mega_api_error_-9","mega","200","1","Hillsong","Singles / Otros","Relentless (Remix) - Hillsong Young & Free Multitracks","https://mega.nz/file/GihUHLgQ#5IZvD1SSoXrZZAcSylmkS559roTYH2IAByv5oCaKM9E"
"not_accessible","mega_api_error_-9","mega","200","1","Hillsong","Singles / Otros","Where You Are-B - Hillsong Y&F","https://mega.nz/file/yqwGBZaQ#k_HOb0mt3xk4rkfpuCYI63oSk0Gz7eXosEmkugypVCY"
"not_accessible","mega_api_error_-9","mega","200","1","Hillsong","Singles / Otros","Alive - Hillsong Y&F","https://mega.nz/file/aqhmkJBJ#WijPuVKpYLpmkr9C4NbIRUyoZ7m25iAQYP6UxflSxfc"
"not_accessible","mega_api_error_-9","mega","200","1","Hillsong","Singles / Otros","LIFELINE HILLSONG Y&F","https://mega.nz/file/6q5kiLBB#O17GUHYtzRx2qoj2iRn1Q9Te_KB7oI61xnwfxZU80Os"
"not_accessible","mega_api_error_-9","mega","200","1","Hillsong","Singles / Otros","Mighty to Save - Hillsong United","https://mega.nz/file/DyxWzbKR#rv8xQznlsjske4xNCM27uMzkHsFnw3yEaGs_f0n8eFo"
"not_accessible","mega_api_error_-9","mega","200","1","Hillsong","Singles / Otros","This is Living - Hillsong","https://mega.nz/file/6ux0WByB#1k3HTpW01YF9JulngMwhpBKIcXowRAVD3t6HpG9L9f4"
"not_accessible","mega_api_error_-9","mega","200","1","Hillsong","Singles / Otros","Pursue(This Is Living) Hillsong Y&F(C)","https://mega.nz/file/K7wwiZQQ#-wZfdLy5pbsxllenuJle9Z8BPU57bzxp5ShAngbG3ko"
"not_accessible","mega_api_error_-9","mega","200","1","Hillsong","Singles / Otros","Touch the sky - Hillsong Worship(A)","https://mega.nz/file/j25W0JCI#Wva74oZb4nSy2YQi7H-qtZETuUvaZxehrlwD7u7mYlc"
"not_accessible","mega_api_error_-9","mega","200","1","Hillsong","Singles / Otros","Vida Tu Me Das - Hillsong Y&F","https://mega.nz/file/qjpwmTZY#yhIjF2Rk1GKcq02DrIB52Yh8Ht-ptYj1dFzmg80ghjc"
"not_accessible","mega_api_error_-9","mega","200","1","Hillsong","Singles / Otros","Hillsong Live - Our God Is Love-Gb","https://mega.nz/file/b6oQzTrT#ER-ul27DjdMk3azpMuzLJtJQhq0yVQQwvmpfqdTkmBk"
"not_accessible","mega_api_error_-9","mega","200","1","Hillsong","Singles / Otros","[MultiTracks] Mighty to Save - Hillsong United","https://mega.nz/file/77pGCLSI#rv8xQznlsjske4xNCM27uMzkHsFnw3yEaGs_f0n8eFo"
"not_accessible","mega_api_error_-9","mega","200","1","Hillsong","Singles / Otros","Hillsong - With Everything","https://mega.nz/file/zioWXbKI#XjbgJGB4-zacZKO7ELOL7We9UfcKcd5yiipEJYnNaUk"
"not_accessible","mega_api_error_-9","mega","200","1","Hillsong","Singles / Otros","MT ALIVE HILLSONG","https://mega.nz/file/fjxSnJiK#4NiDG40dSRqGi07voZPzLmi4_nKwW9niBioAxUE3r7w"
"not_accessible","mega_api_error_-9","mega","200","1","Hillsong","MultiTrack - Alive - YOUNG AND FREE","Alive - E","https://mega.nz/file/ajgWyLKb#UZeRaSosxs_aSkCORJLcUqNJagOJTJSs8_6uQT-qXpk"
"not_accessible","mega_api_error_-9","mega","200","1","Hillsong","MultiTrack - Children of the light - HILLSONG LIVE","[MultiTracks] Children Of The Light-Cornerstone (Live) (A)","https://mega.nz/file/WjgAlLpb#fQdhO91rLm2ghgFmQ78ie7B8b2yslUZx2b438yj7CAc"
"not_accessible","mega_api_error_-9","mega","200","1","Hillsong","MultiTrack - With everything - HILLSONG","MultiTrack-With Everything-This Is Our God-B","https://mega.nz/file/HihWXBAA#XjbgJGB4-zacZKO7ELOL7We9UfcKcd5yiipEJYnNaUk"
"not_accessible","mega_api_error_-9","mega","200","1","Hillsong","MultiTrack - Look to the son - HILLSONG","MultiTrack-Look to the Son-Let There Be Light-C","https://mega.nz/file/eu5gwLDC#tQaXU0RwLFA-sFd4uAlBJBESBa1Wfn7CTT0Ax4Y1Gao"
"not_accessible","mega_api_error_-9","mega","200","1","Hillsong","MultiTrack - Dephts - HILLSONG LIVE","DEPTHS_80_G_MT","https://mega.nz/file/Kv4wyBaD#b4QvQxRRdLECMcc3lexqvAXxNYYD0rbaeyG1LNM13lk"
"not_accessible","mega_api_error_-9","mega","200","1","Hillsong","Hillsong Y&F - Alive","Alive - C","https://mega.nz/file/zvp2wbII#9f6X2lDzNEmcMvKq-buinyD0wPtg0xbp9Rx6GzfwHhY"
"not_accessible","mega_api_error_-9","mega","200","1","Hillsong","Hillsong Y&F - Alive","Alive - G","https://mega.nz/file/H2wwUL7I#y8yyYG3eLk7giQe7tgjKTAHQ3bxQ0YAZRL7fXnQwgvg"
"not_accessible","mega_api_error_-9","mega","200","1","Hillsong","Hillsong Y&F - Alive","Alive - Eb","https://mega.nz/file/7vomCJTB#qGUaZamPy2g7CtGlrwYeCNQ2m6jjnMk6vET1uDpnWpw"
"not_accessible","mega_api_error_-9","mega","200","1","Hillsong","Hillsong Y&F - Alive","Alive - Gb","https://mega.nz/file/uvoAhJ4T#UDWmwKN6gqRN7auptWWJDcRDnOHg8qFLvB-ptyqN9zI"
"not_accessible","mega_api_error_-9","mega","200","1","Hillsong","Hillsong Y&F - Alive","Alive - B","https://mega.nz/file/72p2xT5T#YWMo5nZNSCSA3SiENZWsCAyDNB-KsBFaU2ENvivnTsM"
"not_accessible","mega_api_error_-9","mega","200","1","Hillsong","Hillsong Y&F - Alive","Alive - Db","https://mega.nz/file/L7wSWRKK#7ORQ2EeJ0h8h3yMEuJvoZ5HmOJ7060ReEskmlfvhxoE"
"not_accessible","mega_api_error_-9","mega","200","1","Hillsong","Hillsong Y&F - Alive","Alive - F","https://mega.nz/file/2uw0SLyK#jZpBLBSCPndh5UCPIdPYLLUzD4dGCJHS4GHOzka_058"
"not_accessible","mega_api_error_-9","mega","200","1","Hillsong","Hillsong Y&F - Alive","Alive - D","https://mega.nz/file/Gzo2mByD#9BtTxnHFFcv2aKOqUFBI-flyLEoZ4D90k7nkuxhIORg"
"not_accessible","mega_api_error_-9","mega","200","1","Hillsong","Hillsong Y&F - Alive","Alive - A","https://mega.nz/file/Xn5AATQB#AqJBiZHFrNaoAS6uE3uOjxnn9FsLF7w6E9RI6D8RopA"
"not_accessible","mega_api_error_-9","mega","200","1","Hillsong","Hillsong Y&F - Alive","Alive - Ab","https://mega.nz/file/P2wgUBzC#ND9peezVw4VKRHeFvVJdhgL4wizua_IwbADx2dGl2Jk"
"not_accessible","mega_api_error_-9","mega","200","1","Hillsong","Hillsong Y&F - Alive","Alive - Bb","https://mega.nz/file/uywWxJ5R#a48S_lVjFP-CZbcisqlrufRV1PqLEJfLmUq1MaNFDgU"
"not_accessible","mega_api_error_-9","mega","200","1","Hillsong","MultiTrack - What a beautiful name - HILLSONG","MultiTrack-What a Beautiful Name-Let There Be Light-D","https://mega.nz/file/WzxG3ZLa#A-kZt9wTyy-IwGbzrXH8HrNLTu6RV38BpfAps6jQYYw"
"not_accessible","mega_api_error_-9","mega","200","1","Hillsong","MultiTrack - Grace to grace - HILLSONG","MultiTrack-Grace to Grace-Let There Be Light-F","https://mega.nz/file/Xy4yBbDS#yhKTUMRsQdk759ZU1kirMkNQhzDeJ7RBMiIV84ibHVg"
"not_accessible","mega_api_error_-9","mega","200","1","Hillsong","MultiTrack - Wonder - HILLSONG UNITED / Wonder MP3","MT Wonder MP3","https://mega.nz/file/qm5W0JyA#aWSAiLAsI9Ks1NAjgovKm4l1iX1knVVynWJ7jIAaEPQ"
"not_accessible","mega_api_error_-9","mega","200","1","Kari Jobes","Singles / Otros","Revelation - Kari Jove y DM","https://mega.nz/file/2vp2HBIB#Q-BLBZjXnIIkF9fsS9cu0YHcykx1OgQzX_7JexMwPVw"
"not_accessible","mega_api_error_-9","mega","200","1","Kari Jobes","Singles / Otros","Kari Jobe - Revelación 68BPM (Eb)","https://mega.nz/file/Kv4E1ZyJ#zwuL2qByQ2_nux07oO4Fts_tXWBRXengr--AAgeGxZc"
"not_accessible","mega_api_error_-9","mega","200","1","Kari Jobes","Singles / Otros","Revelation Song (Digno y santo) D 136BPM Project","https://mega.nz/file/Pjg0nBqQ#E-m6SVz-RKfLm21aG7T2igYflLDvc6aYL4I0jAT5YWU"
"not_accessible","mega_api_error_-9","mega","200","1","Kari Jobes","Singles / Otros","La Creaci¢n Hoy Canta (Revelation Song)-Mi Coraz¢n Canta-Eb","https://mega.nz/file/GnoG1bQS#kNgfmCbpz7PLXpEMUL_bqQ2MiCXOZup6iQBAVSVY0g4"
"not_accessible","mega_api_error_-9","mega","200","1","Kari Jobes","Singles / Otros","Forever","https://mega.nz/file/Tqh2kBIa#r9l6SZDwgD-7qMeSVTYqZ6lip24-Ac32aJUEvOW7K0I"
"not_accessible","mega_api_error_-9","mega","200","1","Kari Jobes","Singles / Otros","Only Your Love","https://mega.nz/file/SiowiT6L#PCQdej1_uyoycPLoNNnWFlK16jyWI13qeD-T7lruIMo"
"not_accessible","mega_api_error_-9","mega","200","1","Kari Jobes","Singles / Otros","KJ - Forever","https://mega.nz/file/GmxG1Lzb#r9l6SZDwgD-7qMeSVTYqZ6lip24-Ac32aJUEvOW7K0I"
"not_accessible","mega_api_error_-9","mega","200","1","Kari Jobes","Singles / Otros","KJ - Only Your Love","https://mega.nz/file/2m4kgDBD#PCQdej1_uyoycPLoNNnWFlK16jyWI13qeD-T7lruIMo"
"not_accessible","mega_api_error_-9","mega","200","1","Kari Jobes","Only Your Love - Kari Jobe","Only Your Love-Majestic (D)","https://mega.nz/file/zm4UnJqD#I65TaP4raEilrofYxa32G-jBvJaOlb1FeVD02_gZx5c"
"not_accessible","mega_api_error_-9","mega","200","1","Emir Sensini","Singles / Otros","Gracia Sublime Es - Emir Sensini - MultiTrack","https://mega.nz/file/2rpghDzC#vV_rf7nUloy3oXsDocsYUQ3l2-sGQ5AL7DmPV2q9QxM"
"not_accessible","mega_api_error_-9","mega","200","1","Emir Sensini","Singles / Otros","Que tu espiritu decienda - Emir Sinsini - Multitrack","https://mega.nz/file/i3piXZLD#eC7jqukG-5yok_OzLtoOkjPXroMUDQRf0f_AIMVxMzI"
"not_accessible","mega_api_error_-9","mega","200","1","Ruth Mixer","Singles / Otros","MultiTrack-Amor Real-Inquebrantable-F","https://mega.nz/file/fjhWXZ4a#KXmigjP5JlspMzynSx9jUXcNMDhwJmaH87Ld9owYU1Q"
"not_accessible","mega_api_error_-9","mega","200","1","Ruth Mixer","Singles / Otros","MultiTrack-Amor Real-Inquebrantable-Ab","https://mega.nz/file/bnp0BTbK#h2MZixNlz7AE2DDciPEECfFNM7aHfRgpxZsfEZgbz70"
"not_accessible","mega_api_error_-9","mega","200","1","Ruth Mixer","Singles / Otros","MultiTrack-Amor Real-Inquebrantable-G","https://mega.nz/file/ev4whJwZ#0rH_SjlS3z0O9evYdghU307bktAVQg9UUHwTdyoKHtw"
"not_accessible","mega_api_error_-9","mega","200","1","Ruth Mixer","Singles / Otros","MultiTrack-Amor Real-Inquebrantable-E","https://mega.nz/file/ni5gVT5T#AOAVD_BHsEi2gxbq22g1eDH4-_aAFvTPAoa3QNqpjwM"
"not_accessible","mega_api_error_-9","mega","200","1","Ruth Mixer","Singles / Otros","MultiTrack-Amor Real-Inquebrantable-Eb","https://mega.nz/file/HzoEXJ4b#rLad30in9xRUmgL5ZdTxNEneRNBIpCwlOfZPEfryKFs"
"not_accessible","mega_api_error_-9","mega","200","1","Ruth Mixer","Singles / Otros","MultiTrack-Amor Real-Inquebrantable-Gb","https://mega.nz/file/r7oCkbyZ#w0nCbIfqcExuVfJsBBcPt6nT1tY-i01BtOo6sGQkYyY"
"not_accessible","mega_api_error_-9","mega","200","1","Ruth Mixer","Singles / Otros","MultiTrack-Amor Real-Inquebrantable-D","https://mega.nz/file/SqowTJrQ#AZbdY4El5DyEWF7abjdSP4mSVC_VyFvvHqUEg-viA_s"
"not_accessible","mega_api_error_-9","mega","200","1","Ruth Mixer","Singles / Otros","MultiTrack-Amor Real-Inquebrantable-Db","https://mega.nz/file/Su4GBR4B#jT0Bd2_3Orxm0grD9MOkYuKyRv9WG8hojZeVOy37pew"
"not_accessible","mega_api_error_-9","mega","200","1","JESUS CULTURE","Singles / Otros","Alive in You - jesus culture Project","https://mega.nz/file/LqoGwBKB#JPdWHNN4s0IVI67UsVNCvgtSKYBoMAMx8xTfQSzci_g"
"not_accessible","mega_api_error_-9","mega","200","1","JESUS CULTURE","Singles / Otros","MultiTrack-Holy Spirit-Jesus Culture with Martin Smith_ Live From New Yor-D","https://mega.nz/file/Lnx2hRJa#gap3bUK2IBm6-uS9vAN3-8gPVbMXwawLSY7nuTjqYOk"
"not_accessible","mega_api_error_-9","mega","200","1","JESUS CULTURE","Singles / Otros","Cantamos A El - Jesus Culture - MT","https://mega.nz/file/Gz4y1DhJ#7HBzViGuXnLXZK7A3G3MXHOyKvkU-E_rSflhAnDEPVc"
"not_accessible","mega_api_error_-9","mega","200","1","JESUS CULTURE","Singles / Otros","Fearless - Jesus Culture, Kim Walker-Smith - Church, Vol2","https://mega.nz/file/yjoQTBSQ#QOoz8xpDN-QXJ43r35rlORAFSl4YWYWdUq4FYnNeZQU"
"not_accessible","mega_api_error_-9","mega","200","1","JESUS CULTURE","Singles / Otros","Multipista - Anthony Evans - cómo le gusta - el nos ama","https://mega.nz/file/eyoS3brK#sa9k3Oc2Bo0-pRjE1BBE-0WDVuAn6b_11QD-xek1BSc"
"not_accessible","mega_api_error_-9","mega","200","1","JESUS CULTURE","Singles / Otros","JC - Holy Spirit","https://mega.nz/file/G3pSHZQZ#6agpxo7dQ-MbfwCPpTCck_iUyxB4p0bl6ca9Qt2QZWo"
"not_accessible","mega_api_error_-9","mega","200","1","JESUS CULTURE","Singles / Otros","MultiTrack-Waiting Here For You-Live From New York-C (1)","https://mega.nz/file/LygkmDYD#w32oLcDHBgovfz0dfdcrP7RTXV5cwdnYACz_kZSePG8"
"not_accessible","mega_api_error_-9","mega","200","1","JESUS CULTURE","Singles / Otros","MultiTrack-Teu Nome é Glorioso-Jesus Culture em Português-Gb","https://mega.nz/file/XrwUEbpJ#V6h2ZwOkKRrdNIa2SMFBz-fIMJbztQySfwzRZb77hvc"
"not_accessible","mega_api_error_-9","mega","200","1","JESUS CULTURE","Singles / Otros","[MultiTracks] Holy Espirit - Jesus Culture","https://mega.nz/file/T3gyTLBZ#O1QmY65C1y1nUFr-A71PQ97Z7unWCarZJJJW7DbkGvg"
"not_accessible","mega_api_error_-9","mega","200","1","JESUS CULTURE","Singles / Otros","MultiTrack-In The River-Let It Echo-F","https://mega.nz/file/amgSjJ6K#BBnoToSoHbyiItYWINDnzolHf0EXXOWx-6JzeT161gY"
"not_accessible","mega_api_error_-9","mega","200","1","JESUS CULTURE","Singles / Otros","MultiTrack-Sing Out-Unstoppable Love-D","https://mega.nz/file/muoUSBpC#L6I9DnuPpZHfxZyIY94lhbuftEi5KYNweK4F57Lbwvo"
"not_accessible","mega_api_error_-9","mega","200","1","JESUS CULTURE","Singles / Otros","AE - How He Loves","https://mega.nz/file/7v5yALII#sa9k3Oc2Bo0-pRjE1BBE-0WDVuAn6b_11QD-xek1BSc"
"not_accessible","mega_api_error_-9","mega","200","1","JESUS CULTURE","Singles / Otros","MultiTrack-Your Love Never Fails-Your Love Never Fails (Live)-B","https://mega.nz/file/T65iFTAY#TGcno28nA6tqTivxdUEmd24QIQOHlo3xfoeo8GFSPIg"
"not_accessible","mega_api_error_-9","mega","200","1","JESUS CULTURE","Singles / Otros","Cadeias Quebrar MultiTrack-Break Every Chain-Awakening - A","https://mega.nz/file/7nxmGZJA#hv4O2yP5tmqRFefPEmt4VFSlg9sBnUOvPR-JdRUCl78"
"not_accessible","mega_api_error_-9","mega","200","1","JESUS CULTURE","Singles / Otros","MultiTrack-Rooftops-Come Away (Live)-G","https://mega.nz/file/aug2ETAB#KUZoInXSFZdqqJU2hUX6BFvas6mAntJ-g0lSIUWsyrU"
"not_accessible","mega_api_error_-9","mega","200","1","JESUS CULTURE","Singles / Otros","One Things Remains - Jesus Culture","https://mega.nz/file/bqwWXDJC#94-FzOinRe8udsXJK6EMWFyPih0Dcvy_6ldeiN2DN9A"
"not_accessible","mega_api_error_-9","mega","200","1","JESUS CULTURE","Singles / Otros","Jesus Culture_Dance-E","https://mega.nz/file/7n4AEDyb#Os6VGm03NGPQQiC6SAc8asb-JFNWqPAHCDMvuwqLQmQ"
"not_accessible","mega_api_error_-9","mega","200","1","JESUS CULTURE","Singles / Otros","Holy Espirit - Jesus Culture","https://mega.nz/file/D7wwjTqY#O1QmY65C1y1nUFr-A71PQ97Z7unWCarZJJJW7DbkGvg"
"not_accessible","mega_api_error_-9","mega","200","1","JESUS CULTURE","Singles / Otros","MultiTrack-Set A Fire-Jesus Culture with Martin Smith_ Live From New Yor-Eb","https://mega.nz/file/L3xUwZYT#W_U3eNtyxXez7qyOhmyDKzji5SHhVD5JToADoczTW64"
"not_accessible","mega_api_error_-9","mega","200","1","JESUS CULTURE","Singles / Otros","MultiTrack-Set A Fire-Jesus Culture with Martin Smith_ Live From New Yor-D","https://mega.nz/file/CnhWSDiQ#6SVyDXW9kAxzIO83M5xU74wHY9XmU9P3NPd2VJGAgg4"
"not_accessible","mega_api_error_-9","mega","200","1","JESUS CULTURE","Singles / Otros","MultiTrack-Set A Fire-Jesus Culture with Martin Smith_ Live From New Yor-Bb","https://mega.nz/file/27ggUZID#7r3QOwxxyHhPkTW43FA2TVW5auj54g7xweoLV4-gyHI"
"not_accessible","mega_api_error_-9","mega","200","1","JESUS CULTURE","Singles / Otros","MultiTrack-Set A Fire-Jesus Culture with Martin Smith_ Live From New Yor-B","https://mega.nz/file/zngkQDrC#bGN-wpWG2SRysD2IVjQVH8UJWUJKQbFved0YmsYWnig"
"not_accessible","mega_api_error_-9","mega","200","1","JESUS CULTURE","Singles / Otros","MultiTrack-Set A Fire-Jesus Culture with Martin Smith_ Live From New Yor-Db","https://mega.nz/file/u2g2TRzL#BWe_sr-1nmo6WDimuFTDDcHTXXREraFPO0JlvWW3uqg"
"not_accessible","mega_api_error_-9","mega","200","1","JESUS CULTURE","Singles / Otros","MultiTrack-Set A Fire-Jesus Culture with Martin Smith_ Live From New Yor-Ab","https://mega.nz/file/S6pyRDRJ#BaLv4QCwstN9Qgb4loQaPa9_F4H_O3NGnYsFcJQVUIo"
"not_accessible","mega_api_error_-9","mega","200","1","JESUS CULTURE","Singles / Otros","MultiTrack-Set A Fire-Jesus Culture with Martin Smith_ Live From New Yor-C","https://mega.nz/file/CzxUlJSJ#3Vx9kJ4TfgKZk_8iw1953hQ0LMsCKZh3FaI0oY9upkc"
"not_accessible","mega_api_error_-9","mega","200","1","JESUS CULTURE","Singles / Otros","MultiTrack-Set A Fire-Jesus Culture with Martin Smith_ Live From New Yor-A","https://mega.nz/file/fuokGJwQ#U8dRldMO5NK4TYte5btFlYw1IugJ9BcBBQQW93RgSfQ"
"not_accessible","mega_api_error_-9","mega","200","1","JESUS CULTURE","Singles / Otros","Jesus Culture - Ardemos Para Ti_D","https://mega.nz/file/zrw01LJC#ONsSWg41NY-BJaWmE_Qp2cX26tGLEfC-4GRVkTYgJIU"
"not_accessible","mega_api_error_-9","mega","200","1","JESUS CULTURE","Singles / Otros","We Will Run (D) Jesus Culture Multitrack","https://mega.nz/file/emwk3RIS#_0n-EyDmOuBNFDwIpBHM0XATeJCYrPkhDue8C-ceHBA"
"not_accessible","mega_api_error_-9","mega","200","1","Barak","Singles / Otros","Trae El Cielo Aquí - Barak - MultiTrack","https://mega.nz/file/i6pQzBhY#dNQLcQ83gW6IILALapFPaeZQAew2KdFLqE8CsWrjW5s"
"not_accessible","mega_api_error_-9","mega","200","1","Barak","Singles / Otros","Cantaremos de tu amor - Barak - MultiTrack","https://mega.nz/file/in4WTLSY#OolP4Z-ZPPWZaNVNeSd-5GPD9Ubx025MUnWl5xqCDcU"
"not_accessible","mega_api_error_-9","mega","200","1","Barak","Singles / Otros","La Tierra Canta - Barak - MultiTrack","https://mega.nz/file/uu5G0BrK#knHNOR2LQQ90KyLrTT5oOoLenfHqjEwJG17Wc-Sk9Jo"
"not_accessible","mega_api_error_-9","mega","200","1","Barak","Singles / Otros","Cantaremos de tu amor v2 - Barak - MultiTrack","https://mega.nz/file/Wz5GTTjA#xRyFqyMp60fa4ZlQgWwKAyS10whdk35Hk-4gALSqkIM"
"not_accessible","mega_api_error_-9","mega","200","1","Barak","Singles / Otros","Ven Espirtu Santo - Barak - Shekinah (Live)","https://mega.nz/file/CjgECTaQ#QGOFtcXzaLClH1X-lUcLK-DHTsZIAo4JhMuqZLttf7w"
"not_accessible","mega_api_error_-9","mega","200","1","Barak","Singles / Otros","Te quiero adorar - Barak - MT","https://mega.nz/file/H2xglJBT#qe0Dr8Kim9BrRwAZS7jtxKcb5e32pGSS_8ZrslYtQzE"
"not_accessible","mega_api_error_-9","mega","200","1","Barak","Singles / Otros","Profetizare - Barak - MT","https://mega.nz/file/HigiwD6C#fwBlJNafkxn4tJhRQ1MRacPWg5_K6wxGN7nHmYmk63k"
"not_accessible","mega_api_error_-9","mega","200","1","Barak","Singles / Otros","Hay Libertad - Barak - MT","https://mega.nz/file/PixAQZxD#YwGnM88os90yW2mIZs_Uh_KDwMSnToMWqYaJviwvF74"
"not_accessible","mega_api_error_-9","mega","200","1","Barak","Singles / Otros","Shekinah - Barak - MT","https://mega.nz/file/6nxSgTzb#I0YixovG0FkzuGX6uLuGm7XbzQ3TAuCHPGsExxcLiyY"
"not_accessible","mega_api_error_-9","mega","200","1","Barak","Generación Radical","MultiTrack-Tu Eres Rey (feat. Christine D'Clario)-Generación Radical-E Tonalidad Original","https://mega.nz/file/vypmyJoJ#DK44x0iIGIKgTbFcY3nQDIVQsNSaDBkkJa_y9X2wNgY"
"not_accessible","mega_api_error_-9","mega","200","1","Barak","Generación Radical","MultiTrack-Hasta Ver Tu Gloria-Generación Radical-D Tonalidad Original","https://mega.nz/file/Kywi1LII#Slt-iiS3FLS3X73aFL8L7b2ghGOd96cByyfTXmbCW1M"
"not_accessible","mega_api_error_-9","mega","200","1","Barak","Generación Radical","MultiTrack-Trae El Cielo Aquí-Generación Radical-D Tonalidad Original","https://mega.nz/file/L3wkETxK#pnMiR64GDzAvs5O5abvQnPNkEpsa_nDY9jW-GFc9OCY"
"not_accessible","mega_api_error_-9","mega","200","1","Barak","Generación Radical","MultiTrack-Eres Dios (feat. Tercer Cielo)-Generación Radical-B Tonalidad Original","https://mega.nz/file/qv52EJ6J#ELih-6VtHUgjIWVMBhugp3C15tdZ8e5j24xaoLqPHNc"
"not_accessible","mega_api_error_-9","mega","200","1","Barak","Generación Radical","MultiTrack-Con Poder-Generación Radical-D Tonalidad Original","https://mega.nz/file/zngm2RYY#_YSMLL05iccmEcsDt1gS4ePrCKTnE7iE0EhfpRcDjUA"
"not_accessible","mega_api_error_-9","mega","200","1","Barak","Generación Radical","MultiTrack-Apasionados-Generación Radical-F Tonalidad Original","https://mega.nz/file/z6wkBTBA#sm37WSmrDPrw7i7OmIgKr_PIWGKac9g15nii2mPlvAI"
"not_accessible","mega_api_error_-9","mega","200","1","Barak","Generación Radical","MultiTrack-Libre Soy (feat. Alex Campos)-Generación Radical-C Tonalidad Original","https://mega.nz/file/2n4iHbYB#PiGm3z96Py0ZKunLIcREM3SsN_IW2fI4i_a3-o8j89E"
"not_accessible","mega_api_error_-9","mega","200","1","Barak","Generación Radical","MultiTrack-Derrama De Tu Gloria-Generación Radical-Bb Tonalidad Original","https://mega.nz/file/qz5wSZYa#mjLC9Iyg2WHfVjY4zQ1WwB5f3zBNwChfZky56i73Bd0"
"not_accessible","mega_api_error_-9","mega","200","1","Barak","Generación Radical","MultiTrack-Alfa y Omega-Generación Radical-D Tonalidad Original","https://mega.nz/file/Pz5wmLAZ#Ay3wGWsH9qBibFQI980h1fCJt1o-M8XwLNBgolRs0DU"
"not_accessible","mega_api_error_-9","mega","200","1","Barak","Generación Radical","MultiTrack-Vivo Estás-Generación Radical-G Tonalidad Original","https://mega.nz/file/ampihBQT#51tRGOMe8Zmi-YhxhqWZfe1OYi8BbE6dcF_8UZI1Nhg"
"not_accessible","mega_api_error_-9","mega","200","1","Barak","Generación Radical","MultiTrack-La Tierra Canta-Generación Radical-E Tonalidad Original","https://mega.nz/file/yrhUxLZD#8WQtmlzi84eKLUltOE-jzLG5haVM-3BEqXq32jl9SUE"
"not_accessible","mega_api_error_-9","mega","200","1","Barak","Generación Radical","MultiTrack-Danzar (feat. Redimi2)-Generación Radical-C#m Tonalidad Original","https://mega.nz/file/DmowGDbJ#ghP8jnYU9bkTOQJzWMnqX9keR3-cpvQ4z2JTMNHkmHk"
"not_accessible","mega_api_error_-9","mega","200","1","CBC Whorship","Singles / Otros","Toda La Gloria-Unidos Por Cristo-Bb","https://mega.nz/file/PnxARD6Y#ap80HN-FNshW6qaK4_ImL2C6h2xBAk6_qLp1mXjg7uI"
"not_accessible","mega_api_error_-9","mega","200","1","Motion Pads","Singles / Otros","Ambientes Worship Deluxe","https://mega.nz/file/O6oA3JSD#4xx2oK7tVSLJKNQ_7AkLNxbEhB8MFT6U016yl_Vm_yg"
"not_accessible","mega_api_error_-9","mega","200","1","Motion Pads","Singles / Otros","Motion Pads Vol 3 MP3","https://mega.nz/file/j3o2yDKD#sKfznwb_27scM3MVE0oBmQ-31y8mV4hWt3QtmgHAwK4"
"not_accessible","mega_api_error_-9","mega","200","1","Motion Pads","Singles / Otros","Ambientes Worship Chris Rocha","https://mega.nz/file/XywwmLDJ#b-mxdfIHqO-90emyzfVVjdDh6ym9e773WDhDEfqbZKU"
"not_accessible","mega_api_error_-9","mega","200","1","Motion Pads","Singles / Otros","Motion Pads Vol 2 MP3","https://mega.nz/file/TvxkCR4Z#BWSXAY58cd2AtyQUx_a8WfXANjV-YPPLkoXfRlmchZk"
"not_accessible","mega_api_error_-9","mega","200","1","Motion Pads","Pads Wav - Abel Mendoza","Shiny Pads","https://mega.nz/file/D65UTDDY#RsEbbE0YSvzjq6I4baIFGg5HoJNfwJeWZg0pr_xz020"
"not_accessible","mega_api_error_-9","mega","200","1","Motion Pads","Pads Wav - Abel Mendoza","Shimmer Rhodes Pads","https://mega.nz/file/j74g0D4S#lK2ww-jgD8k4qhrMbr0tPkwTiexaqAXpHkPNmTcrn4Q"
"not_accessible","mega_api_error_-9","mega","200","1","Motion Pads","Pads Wav - Abel Mendoza","Feedback Pad","https://mega.nz/file/PupS0LwY#0mYaLApUzMO0UbbfJSkDhaqkhTdfR8Smegs3IeWPdLs"
"not_accessible","mega_api_error_-9","mega","200","1","Motion Pads","Pads Wav - Abel Mendoza","Mellow Pads","https://mega.nz/file/Om5AGDAC#wYtsY14dT2Si3AJj0Gp-8SZJ8gVYNnS18qY4uyR-l6g"
"not_accessible","mega_api_error_-9","mega","200","1","Motion Pads","Pads Wav - Abel Mendoza","Catedral Pad","https://mega.nz/file/fvpikbgS#ZJ3k1uUfREX5IuReDuMVMhzI155mNaqRGwueuM0cCfs"
"not_accessible","mega_api_error_-9","mega","200","1","Motion Pads","Pads Wav - Abel Mendoza","Organ Pads","https://mega.nz/file/fn5CmRiY#b_djihAS5NuaREZZ_yzS1ZUfs7VPM75v3jYtEv5AmZc"
"not_accessible","mega_api_error_-9","mega","200","1","Motion Pads","Pads Wav - Abel Mendoza","Angel Pad","https://mega.nz/file/K74QzBYQ#MqzLF6Sx_GtRybo3hOEAmw8QIcZZljIWRDOfOb9fSy0"
"not_accessible","mega_api_error_-9","mega","200","1","Motion Pads","Pads Wav - Abel Mendoza","Cello Pads","https://mega.nz/file/qrwAEbxR#3SDWl01dTMNys3GdtoRc1QnnU0vZhHT7tSJ_Xr12bnI"
"not_accessible","mega_api_error_-9","mega","200","1","Motion Pads","Pads Wav - Abel Mendoza","Floating Pads","https://mega.nz/file/rypUwJ5Y#t3QlvtdzB7sU2KL5f9nBDF_RLotBrZTXg1tyK-Z-ShA"
"not_accessible","mega_api_error_-9","mega","200","1","Motion Pads","Pads Wav - Abel Mendoza","Verb Pads","https://mega.nz/file/Ozhg0BZZ#vJPgYoDld9mRWRx66A9RtUvWcqxrHAG91pjPGBE8t24"
"not_accessible","mega_api_error_-9","mega","200","1","Motion Pads","Pads Wav - Abel Mendoza","Shimmery Pads","https://mega.nz/file/TmhEGLib#ptv-uy74jTdpQM3b0bdS23b2lkviQ2glSM9-cctmyFE"
"not_accessible","mega_api_error_-9","mega","200","1","Motion Pads","Pads Wav - Abel Mendoza","Organ Choir Pad","https://mega.nz/file/OngkQLZb#5tziPzPhe1JxOQMaP1KY4fXA7wTYQZXoik7A-9UiHbQ"
"not_accessible","mega_api_error_-9","mega","200","1","Bethel","Singles / Otros","MultiTrack-Glory To Glory-Have It All-D","https://mega.nz/file/K74UUBTK#aZjpZrYmXUxSXQj8FuRl4xFWU9WsJpEalTqgDV5h18E"
"not_accessible","mega_api_error_-9","mega","200","1","Bethel","Singles / Otros","Way Maker-Better Word-E-68.00bpm","https://mega.nz/file/zzhQBJqJ#T13x4IYGUgBM0TJ0fyeCVC40M2YM5xv55otu9-2av1o"
"not_accessible","mega_api_error_-9","mega","200","1","Bethel","Singles / Otros","The Blessing-Graves Into Gardens-B","https://mega.nz/file/KromBD4K#EhnUacaAqIGetaXP0Wq3Z9jWG-XBiQcmv29E727wu_w"
"not_accessible","mega_api_error_-9","mega","200","1","Bethel","Singles / Otros","Rattle!-Graves Into Gardens-Eb-76.00bpm","https://mega.nz/file/z64QEB4S#oruZFaJQcd8J0UiZJSRg8DvynZQD3TBdmtOzsnoZ-pc"
"not_accessible","mega_api_error_-9","mega","200","1","Bethel","Singles / Otros","Goodness Of God - Bethel - MT","https://mega.nz/file/nmx00BQZ#yFD_SjpuLyAaCXhrKIcQ6-YTbYfOMxVi_9garHnHZY0"
"not_accessible","mega_api_error_-9","mega","200","1","Bethel","Singles / Otros","We Will Not Be Shaken - Bethel - MT","https://mega.nz/file/X2oUERKb#R5Q09eJd0mSFoqfcCjpgwMNNmQrA_xEPYP0Ac6P1gQo"
"not_accessible","mega_api_error_-9","mega","200","1","Bethel","Singles / Otros","Egypt - Bethel - MT","https://mega.nz/file/njxWnTJJ#b2apbTRCgIa7ikygEaSuwkPod007K8nTPt1cZa1qsyQ"
"not_accessible","mega_api_error_-9","mega","200","1","Bethel","Singles / Otros","Graves Into Gardens-Graves Into Gardens-B-70.00bpm","https://mega.nz/file/bno0HBZC#wCfwUsULNgRsB87QcwGcfApN-Cm_eWrObbJRfbTpQeI"
"not_accessible","mega_api_error_-9","mega","200","1","Bethel","Singles / Otros","Better Word-Better Word-B-81.00bpm","https://mega.nz/file/ajxGmZra#TNkm926rPwyJFuLgkqvg1-VYMA-W6sMiK8U_WBh1L-0"
"not_accessible","mega_api_error_-9","mega","200","1","Bethel","Singles / Otros","PAI NOSSO 70,00 BPM Our Father - Bethel (B)","https://mega.nz/file/qj4EmZDI#rSK9Oi-HAMLYhFgQlv1IFo9Dzapd9iZe-3fUX0QTYCk"
"not_accessible","mega_api_error_-9","mega","200","1","Bethel","Singles / Otros","MultiTrack - You Make me Brave - BETHEL","https://mega.nz/file/675g2LII#WVhEuY0XaKJH98BHanLtyxzHb8KFApxnzPHJ5UUXvck"
"not_accessible","mega_api_error_-9","mega","200","1","Bethel","Singles / Otros","MultiTrack - Ever be - BETHEL","https://mega.nz/file/e74ikTJA#7No1LE_yuZXu44WEMDMw9s8anwauELxamFnM7TS-k9k"
"not_accessible","mega_api_error_-9","mega","200","1","Bethel","Singles / Otros","BMK - You Make Me Brave","https://mega.nz/file/jmwCgLTK#ryb1P4rSMaFPEt9CbVPWwTcXRTXRnhXXlZAyD3XCpbg"
"not_accessible","mega_api_error_-9","mega","200","1","Bethel","Singles / Otros","Shepherd 115BPM (Ab) - Bethel Curch","https://mega.nz/file/qy40CDiS#RUm48rG54uuzfnG2D0S9vQud9j5r7BIdgbZwAyQIc6w"
"not_accessible","mega_api_error_-9","mega","200","1","Bethel","Singles / Otros","BM - This is Amazing Grace","https://mega.nz/file/jn40UD4K#58wJohIa7RX9uE3-xZPVZOXRRKRoecyP7jcHBXTPDi0"
"not_accessible","mega_api_error_-9","mega","200","1","Bethel","Singles / Otros","Our Father - Bethel (B)","https://mega.nz/file/6zw2kRzR#48gHvkvIdfZlKxg_hqAtaDlrsyUeE9TtIGeL9Et6rlc"
"not_accessible","mega_api_error_-9","mega","200","1","Bethel","Singles / Otros","BM - Te Adoramos (En Vivo)","https://mega.nz/file/OiwiHL4b#vtaJsxM39GeNbgMEvYMiFgyUCmjZd7OIAihfkdEyKRs"
"not_accessible","mega_api_error_-9","mega","200","1","Bethel","Singles / Otros","Multitrack - Have it All - Entrego Todo - Bethel Music","https://mega.nz/file/765WCTTB#KowhuFtheqN63NEO8oPD9sGrPtbGCtDJsYuvJwPJWLQ"
"not_accessible","mega_api_error_-9","mega","200","1","Bethel","Singles / Otros","Gracia sublime es (This is Amazing Grace)-For The Sake Of The World-C","https://mega.nz/file/Sn4gVLhL#hM2uhVzUSwgE8ZJggAmQCPdcrCtdH6g-MgvMneR4PrU"
"not_accessible","mega_api_error_-9","mega","200","1","Bethel","Singles / Otros","MultiTrack-Glory To Glory-Have It All-C","https://mega.nz/file/bnhUQBLa#MnfeTlHbRuujZHxJJUBfODuAh74EpWoqpHRCGS4t6c0"
"not_accessible","mega_api_error_-9","mega","200","1","Bethel","Singles / Otros","MultiTrack-Glory To Glory-Have It All-E","https://mega.nz/file/f3hgBT7Z#zJomCvKBdEySV8Oh2LeTb3BnWoTSPjY3uUH8q_zeaHw"
"not_accessible","mega_api_error_-9","mega","200","1","Bethel","Singles / Otros","MultiTrack-Glory To Glory-Have It All-Bb","https://mega.nz/file/bmokjLhJ#LcBgjUCb0UrhRtFJVR3kRqTtLjn4vde8wbjOx0WVzwM"
"not_accessible","mega_api_error_-9","mega","200","1","Bethel","Singles / Otros","MultiTrack-Glory To Glory-Have It All-Db","https://mega.nz/file/26wQTLSD#kN4ARM3PxTvasmoYknRVbUp9KJ2h1AHm3LiJp_w-qvg"
"not_accessible","mega_api_error_-9","mega","200","1","Bethel","Singles / Otros","MultiTrack-Glory To Glory-Have It All-B","https://mega.nz/file/rz5wQJAK#VNuEBLhu6ddTE1aZbc_BNu-RWKQvYlVUMDak4OoWcvA"
"not_accessible","mega_api_error_-9","mega","200","1","Bethel","Singles / Otros","MultiTrack-Glory To Glory-Have It All-F","https://mega.nz/file/7noSAJID#Cdx0GEiL5g-OlHOeHJJs35-gQUYV2b_J10d_FPoKvjk"
"not_accessible","mega_api_error_-9","mega","200","1","Bethel","Singles / Otros","MultiTrack-Jesus Is Better-King Of Love-C","https://mega.nz/file/vyp0wZQK#wuqhFjefxS0ziy3UTCL-qcPGGKS0dyR-mV1fSRfS8YY"
"not_accessible","mega_api_error_-9","mega","200","1","Bethel","Singles / Otros","No Longer Slave_BethelMusic","https://mega.nz/file/GuomgDqC#PqyFC8yvgYACXPCNjDM2KBVRQMIr_XWbM69uDsicCQA"
"not_accessible","mega_api_error_-9","mega","200","1","Bethel","Singles / Otros","Multitrack This is Amazing grace Bethel","https://mega.nz/file/SihkkBLA#N-BuGhWX3A1GbVFldH7frTLPcZhaRhZTRvrWNIQb4es"
"not_accessible","mega_api_error_-9","mega","200","1","Bethel","Singles / Otros","Bethel Muisc - Have it All. Todo lo Entrego","https://mega.nz/file/juxgxZRT#KowhuFtheqN63NEO8oPD9sGrPtbGCtDJsYuvJwPJWLQ"
"not_accessible","mega_api_error_-9","mega","200","1","Bethel","Singles / Otros","Bethel Music_Chasing You-Tides-E","https://mega.nz/file/LnoC1brS#rhw95QNDVq5gKKMewdzfHSEcEJandkGE74iJjV-f8hY"
"not_accessible","mega_api_error_-9","mega","200","1","Bethel","Singles / Otros","Multitrack-Be Entroned- Betel Church","https://mega.nz/file/uyo0GBgT#mWe0q-aCxmNERSRExSuZFlAVDkZcl1fzXSyteIbMmdw"
"not_accessible","mega_api_error_-9","mega","200","1","Bethel","MultiTrack - No longer slaves - BETHEL","MultiTrack-No Soy Esclavo-Seamos Luz-C","https://mega.nz/file/775QybiT#aSDMGuLUwUF-gf4d1dvRQTzNykDfKC6Nho-d-K4gcLA"
"not_accessible","mega_api_error_-9","mega","200","1","Bethel","MultiTrack - Have it All - BETHEL","Te Entrego Tudo","https://mega.nz/file/byhglL6J#KowhuFtheqN63NEO8oPD9sGrPtbGCtDJsYuvJwPJWLQ"
"not_accessible","mega_api_error_-9","mega","200","1","LEAD","Singles / Otros","MultiTrack-Dios de Milagros-Amor Palabra Poder-MCDD-F","https://mega.nz/file/mmwE1JZA#FwbTD_lqO-MrzSYviA5jTa6HHpjdtJr0PaoUWUm_nds"
"not_accessible","mega_api_error_-9","mega","200","1","LEAD","Singles / Otros","MultiTrack-Dios de Milagros-Amor Palabra Poder-MCDD-A","https://mega.nz/file/vrh2HL6Y#iYySRQ40oyaEH1islT8XFqfCS06s7cL-X-WwlPsbVwQ"
"not_accessible","mega_api_error_-9","mega","200","1","LEAD","Singles / Otros","MultiTrack-Dios de Milagros-Amor Palabra Poder-MCDD-Ab","https://mega.nz/file/mjpERbQC#NCYEKc4aOg11FAqIkNL0trCPt6U6s_TYFGgY8HaxPeM"
"not_accessible","mega_api_error_-9","mega","200","1","LEAD","Singles / Otros","MultiTrack-Dios de Milagros-Amor Palabra Poder-MCDD-B","https://mega.nz/file/e7oQ3bBJ#X0-R4STx5aO7bPZJxNz6hmRGtKqQbPvX93lbWIPhjNU"
"not_accessible","mega_api_error_-9","mega","200","1","LEAD","Singles / Otros","MultiTrack-Dios de Milagros-Amor Palabra Poder-MCDD-G","https://mega.nz/file/SrpQGTAS#STFiBApJg90FEnq4lsY0Ve-fsH0J62V5RLPYCCHVQQ8"
"not_accessible","mega_api_error_-9","mega","200","1","LEAD","Singles / Otros","MultiTrack-Dios de Milagros-Amor Palabra Poder-MCDD-Bb","https://mega.nz/file/zqgQgBqK#nfUwJgs7h0QUyN5ek6FQApqT5meDBDCXQ7_xvli5XJU"
"not_accessible","mega_api_error_-9","mega","200","1","LEAD","Singles / Otros","MultiTrack-Dios de Milagros-Amor Palabra Poder-MCDD-Gb","https://mega.nz/file/KmwGSTwK#iH0uBVsoaacT8NsjDvPPMnXgzH2H44GneMdo0Og2NQ4"
"not_accessible","mega_api_error_-9","mega","200","1","LEAD","Singles / Otros","MultiTrack-Dios de Milagros-Amor Palabra Poder-MCDD-E","https://mega.nz/file/Hj4WVZLa#jrqFYngtl2RNqbOHWmfgH5nle1ytxLkPBEoL_IDmacY"
"not_accessible","mega_api_error_-9","mega","200","1","LEAD","Singles / Otros","MultiTrack-La Cruz-Amor Palabra Poder-Eb","https://mega.nz/file/G3hA0bqa#muPLQRLGYvkByVxaxWpF4dXizPCLJlA28cjmCyHiYXI"
"not_accessible","mega_api_error_-9","mega","200","1","LEAD","Singles / Otros","MultiTrack-La Cruz-Amor Palabra Poder-Db","https://mega.nz/file/6voAGBwT#9niwQY-EBHJ844UZWzHgHVi87p3JOfyYwaNc_VPU8SE"
"not_accessible","mega_api_error_-9","mega","200","1","LEAD","Singles / Otros","MultiTrack-La Cruz-Amor Palabra Poder-E","https://mega.nz/file/Sq5UmBQT#zgC4U6rPFUd6IimG0P1QJ9nTqxpIyzKVrJotzGsUoEg"
"not_accessible","mega_api_error_-9","mega","200","1","LEAD","Singles / Otros","MultiTrack-La Cruz-Amor Palabra Poder-C","https://mega.nz/file/SjgWhZQR#UCYdvt5tvVRBGHX_pGZ5sOEPJc9i2D96KYD9ono0xO0"
"not_accessible","mega_api_error_-9","mega","200","1","LEAD","Singles / Otros","MultiTrack-La Cruz-Amor Palabra Poder-F","https://mega.nz/file/T3pUWboS#zpHdZ1E8nAWLORiuEzWkouexuulOUFhVfibvlqZSeI0"
"not_accessible","mega_api_error_-9","mega","200","1","LEAD","Singles / Otros","MultiTrack-La Cruz-Amor Palabra Poder-B","https://mega.nz/file/z7okWZhB#nN-Lrit6QNF9yPsxDbut_qDFzqBcPm45L7h853t9ab0"
"not_accessible","mega_api_error_-9","mega","200","1","LEAD","Singles / Otros","MultiTrack-La Cruz-Amor Palabra Poder-Gb","https://mega.nz/file/36pSQBzJ#o_AVrpvOybK3WEEOOeItDBETt7k0lIkVbWCBuxyRBG4"
"not_accessible","mega_api_error_-9","mega","200","1","LEAD","Singles / Otros","MultiTrack-La Cruz-Amor Palabra Poder-D","https://mega.nz/file/X3gggRAA#Pb-pBPzZ7M4TS3MareWg_0Fzosw8ruFeAf9gcj6F2zc"
"not_accessible","mega_api_error_-9","mega","200","1","Samuel Hernández","Singles / Otros","Levantos mis manos","https://mega.nz/file/fygwBRLJ#0pJP6x6y-ppfjDsle4Xpeji4qAoBWil88va98O3a0I4"
"not_accessible","mega_api_error_-9","mega","200","1","Samuel Hernández","Singles / Otros","MultiTrack-Levanto mis manos-Samuel Hernandez","https://mega.nz/file/r24GlB5C#Nx1omQNM5TPfInxB3nSPXjLrAc5YqrS8jM_rgmED0HA"
"not_accessible","mega_api_error_-9","mega","200","1","Free Worship","LET-FW","Libres en Ti-En Vivo Desde Panama-Gb-1130.00bpm","https://mega.nz/file/X2hywTQQ#GM7UoHuBUhOtlJfdP3fHPaKiWiHwOyrLZFjyVlPO3l4"
"not_accessible","mega_api_error_-9","mega","200","1","Free Worship","LET-FW","Libres en Ti-En Vivo Desde Panama-G-1130.00bpm","https://mega.nz/file/Gv4yXDLI#o7WV_YUpv23mxCbMfN9Lu5ptY0hndNgkMWiRI7iHXr4"
"not_accessible","mega_api_error_-9","mega","200","1","Free Worship","LET-FW","Libres en Ti-En Vivo Desde Panama-F-1130.00bpm","https://mega.nz/file/vnxwALQJ#BWt8TbLsQEwBp8i0QnO7dyjNZtzlpaOk4pk3lQUlMpc"
"not_accessible","mega_api_error_-9","mega","200","1","Free Worship","LET-FW","Libres en Ti-En Vivo Desde Panama-Eb-1130.00bpm","https://mega.nz/file/i75SCDiK#8tH70FZXAXkTjsEQGFp3UDwMGu07a6lT1KUct_SRn2I"
"not_accessible","mega_api_error_-9","mega","200","1","Free Worship","LET-FW","Libres en Ti-En Vivo Desde Panama-E-1130.00bpm","https://mega.nz/file/aj4CBDwL#e6xsyJUig43b7QmDeW17TxmQHhPMRaB09igESRPNGIw"
"not_accessible","mega_api_error_-9","mega","200","1","Free Worship","LET-FW","Libres en Ti-En Vivo Desde Panama-Db-1130.00bpm","https://mega.nz/file/iu4SEZaK#b254BHlTM6RbHBBBQOP_XGDMmZf_89wS-0h4RDXOpwY"
"not_accessible","mega_api_error_-9","mega","200","1","Free Worship","LET-FW","Libres en Ti-En Vivo Desde Panama-D-1130.00bpm","https://mega.nz/file/zrowyJpY#tsc7o8a7vC_WOuvSV4zmYIne1LJ1_BgDLqckEe2sYmE"
"not_accessible","mega_api_error_-9","mega","200","1","Free Worship","LET-FW","Libres en Ti-En Vivo Desde Panama-C-1130.00bpm","https://mega.nz/file/fvpQiB7K#ymEatLkKh6F7-Itcxn0DqLWe9QXGwnpMYBLlUPg7C-o"
"not_accessible","mega_api_error_-9","mega","200","1","Free Worship","LET-FW","Libres en Ti-En Vivo Desde Panama-Bb-1130.00bpm","https://mega.nz/file/i2wgCLAT#xx2cgupbZQcrVf2Vhz1pORbhBlj4OyBd2J8vk5d0z30"
"not_accessible","mega_api_error_-9","mega","200","1","Free Worship","LET-FW","Libres en Ti-En Vivo Desde Panama-B-1130.00bpm","https://mega.nz/file/7q5kRTxZ#9hUgkabqTLdPSrfRPN-lBOmuchaqj5H7q5k_ToIyRSI"
"not_accessible","mega_api_error_-9","mega","200","1","Free Worship","LET-FW","Libres en Ti-En Vivo Desde Panama-Ab-1130.00bpm","https://mega.nz/file/qnxSDZTS#rNQ6V-IwJG7haACY3OUcTke-jnP4KE2dB78ENKY7hEQ"
"not_accessible","mega_api_error_-9","mega","200","1","Free Worship","LET-FW","Libres en Ti-En Vivo Desde Panama-A-1130.00bpm","https://mega.nz/file/Sy5kFbIB#CZiUN0VPkowVJV0qHci_83m1lrCYB-dYbK5GPMDe_m0"
"not_accessible","mega_api_error_-9","mega","200","1","NÍVEA SOARES","MultiTrack - O Senhor é bom - NÍVEA SOARES","MultiTrack-O Senhor é Bom-Reino de Justiça-E","https://mega.nz/file/LmwyVBJD#mGmyB34uo_J0LXGyw_JIyYVqdhO7sAO6qPz-g5vw2o0"
"not_accessible","mega_api_error_-9","mega","200","1","NÍVEA SOARES","MultiTrack - Meu maior amor - NÍVEA SOARES","MultiTrack-Meu Maior Amor-Glória e Honra-Eb","https://mega.nz/file/b65AwTIR#Q8saIXHAsokC3xCe9p7SDCCcXWu3X6C938usO-wsLVc"
"not_accessible","mega_api_error_-9","mega","200","1","NÍVEA SOARES","MultiTrack - Me entrego a ti - NIVEA SOARES","Me Entrego a Ti-Reino de Justiça-Bb","https://mega.nz/file/W6wmXLja#aDx9p00aO5tLqh3kBhBqQJUL3LjLLZ6BVGddMGNI23M"
"not_accessible","mega_api_error_-9","mega","200","1","NÍVEA SOARES","MultiTrack - Deus eterno - NÍVEA SOARES","MultiTrack-Deus Eterno-Reino de Justiça-F#m","https://mega.nz/file/6r5wUBBA#U8Ehfx81HWhrsQBZJGYPiUIVZUEiGJkB8CNsLhZCp28"
"not_accessible","mega_api_error_-9","mega","200","1","NÍVEA SOARES","MultiTrack - Em tua presença - NÍVEA SOAERS / MultiTrack - Nivea Soares - Em Tua Presença - Glória e Honra - G","MultiTrack - Nivea Soares - Em Tua Presença - Glória e Honra - G","https://mega.nz/file/eqoUXbza#ERKeoHMARl5gBp7ggwiByKMwwI05dCGtmHlmLud7yTo"
"not_accessible","mega_api_error_-9","mega","200","1","NÍVEA SOARES","MultiTrack - Teu amor não falha - NÍVEA SOARES / Teu Amor Não Falha (Versão NIVEA SOARES) / Teu Amor Não Falha (Versão NIVEA SOARES) / Teu Amor Não Falha (Versão NIVEA SOARES)","Teu Amor Nao Falha-Gl¢ria e Honra (tom C)","https://mega.nz/file/uj4gnLqL#seSKiHjcueCIG3v0v1rAkOelrr3B9n9gLdB72BiT9f8"
"not_accessible","mega_api_error_-9","mega","200","1","ALINE BARROS","MultiTrack - Depois da cruz - ALINE BARROS","Depois da Cruz","https://mega.nz/file/empk0DjD#57GtS3nsJE3k6EffQiV2lG417j0vK4QY2OnV4OkKdOo"
